"id","name","lat","lng","url"
"43199","ハッピードリンクショップ上野原鶴島店駐車場","35.607404","139.12211","https://btimes.jp/yamanashi/park/43199/"
"57134","鳥沢駅","35.605107","139.007208","https://btimes.jp/yamanashi/park/57134/"
"57264","鳥沢駅","35.605107","139.007208","https://btimes.jp/yamanashi/park/57264/"
"45531","タイムズ上野原駅前第２駐車場","35.613783","139.117705","https://btimes.jp/yamanashi/park/45531/"
"36123","タイムズ上野原駅前第３駐車場","35.615288","139.121499","https://btimes.jp/yamanashi/park/36123/"
"32480","タイムズ秩父駅前駐車場","35.996166","139.088997","https://btimes.jp/saitama/park/32480/"
"42362","タイムズ秩父駐車場","35.994444","139.086301","https://btimes.jp/saitama/park/42362/"
"64816","パストラル渋沢駐車場","35.369176","139.18907","https://btimes.jp/kanagawa/park/64816/"
"36539","渋沢第２駐車場","35.371927","139.176506","https://btimes.jp/kanagawa/park/36539/"
"58728","ビレッジハウス戸川駐車場","35.385523","139.196441","https://btimes.jp/kanagawa/park/58728/"
"32384","コナカ秦野店駐車場","35.373097","139.213507","https://btimes.jp/kanagawa/park/32384/"
"54995","タイムズ秦野丹沢駐車場","35.398549","139.179116","https://btimes.jp/kanagawa/park/54995/"
"54996","タイムズ秦野丹沢駐車場","35.398549","139.179116","https://btimes.jp/kanagawa/park/54996/"
"902","東田原駐車場","35.381535","139.225684","https://btimes.jp/kanagawa/park/902/"
"65913","秦野駅南口第２","35.365755","139.227406","https://btimes.jp/kanagawa/park/65913/"
"45354","タイムズ秦野駅前駐車場","35.36841","139.230643","https://btimes.jp/kanagawa/park/45354/"
"59297","マンスリー相模湖駅前第３駐車場","35.61287","139.191653","https://btimes.jp/kanagawa/park/59297/"
"41874","藤野駅周辺第１駐車場","35.612105","139.156267","https://btimes.jp/kanagawa/park/41874/"
"39121","乙津2369-1駐車場","35.738112","139.192081","https://btimes.jp/tokyo/park/39121/"
"30512","留原837-5井川荘駐車場","35.724959","139.232363","https://btimes.jp/tokyo/park/30512/"
"52207","留原837-5井川荘駐車場","35.724959","139.232363","https://btimes.jp/tokyo/park/52207/"
"60541","舘谷128-3駐車場","35.725242","139.234983","https://btimes.jp/tokyo/park/60541/"
"57279","武蔵五日市駅第二","35.730083","139.23227","https://btimes.jp/tokyo/park/57279/"
"47441","岡崎3949-13駐車場","35.368792","139.312917","https://btimes.jp/kanagawa/park/47441/"
"30644","竹園パーク","35.38151","139.306617","https://btimes.jp/kanagawa/park/30644/"
"29140","桜台（B）月極有料駐車場","35.38708","139.322254","https://btimes.jp/kanagawa/park/29140/"
"51524","北金目2-7-14駐車場","35.362589","139.289492","https://btimes.jp/kanagawa/park/51524/"
"61256","北金目２丁目7-14駐車場","35.362553","139.289503","https://btimes.jp/kanagawa/park/61256/"
"41362","北金目2-7-14駐車場","35.362567","139.289414","https://btimes.jp/kanagawa/park/41362/"
"53648","メゾンAtoo駐車場","35.377062","139.287338","https://btimes.jp/kanagawa/park/53648/"
"29145","成田有料駐車場","35.397777","139.320102","https://btimes.jp/kanagawa/park/29145/"
"50197","東豊田駐車場","35.354251","139.342721","https://btimes.jp/kanagawa/park/50197/"
"60163","鶴巻1670-4駐車場","35.371728","139.275422","https://btimes.jp/kanagawa/park/60163/"
"35197","ベルシャンパレス駐車場","35.339868","139.335674","https://btimes.jp/kanagawa/park/35197/"
"50944","下大槻駐車場","35.356009","139.270596","https://btimes.jp/kanagawa/park/50944/"
"56374","【屋上階】ARROW平塚駐車場","35.367402","139.365082","https://btimes.jp/kanagawa/park/56374/"
"31243","平塚市総合公園駐車場","35.33661","139.342897","https://btimes.jp/kanagawa/park/31243/"
"55716","テレーヌ神明駐車場","35.344739","139.354453","https://btimes.jp/kanagawa/park/55716/"
"42465","コーポ清水駐車場","35.408383","139.345352","https://btimes.jp/kanagawa/park/42465/"
"35877","メゾン石田駐車場","35.407157","139.348698","https://btimes.jp/kanagawa/park/35877/"
"65308","Ｃａｓａ Ｍｉｌａ３駐車場","35.412985","139.339903","https://btimes.jp/kanagawa/park/65308/"
"54297","神奈川大学SHC駐車場","35.341566","139.263581","https://btimes.jp/kanagawa/park/54297/"
"55641","クリムゾン平塚駐車場","35.350007","139.337712","https://btimes.jp/kanagawa/park/55641/"
"52005","南原戸建駐車場","35.336189","139.329319","https://btimes.jp/kanagawa/park/52005/"
"58081","コーラルハイム平塚第二駐車場","35.335827","139.336243","https://btimes.jp/kanagawa/park/58081/"
"60323","コーラルハイム平塚第二駐車場","35.335853","139.336383","https://btimes.jp/kanagawa/park/60323/"
"60343","コーラルハイム平塚駐車場","35.335892","139.336506","https://btimes.jp/kanagawa/park/60343/"
"55328","コーラルハイム平塚　有料駐車場","35.335799","139.336387","https://btimes.jp/kanagawa/park/55328/"
"65683","フォレスタヒルズ駐車場","35.461195","139.324092","https://btimes.jp/kanagawa/park/65683/"
"63732","メゾン・フルール駐車場","35.448539","139.342059","https://btimes.jp/kanagawa/park/63732/"
"47571","緑ヶ丘駐車場","35.451948","139.343661","https://btimes.jp/kanagawa/park/47571/"
"42806","秀英予備校 睦合校駐車場","35.472206","139.347195","https://btimes.jp/kanagawa/park/42806/"
"56210","厚木林駐車場","35.457985","139.353802","https://btimes.jp/kanagawa/park/56210/"
"46973","ガルソニエール駐車場","35.481977","139.34402","https://btimes.jp/kanagawa/park/46973/"
"35642","妻田北3-6-9ニュー妻田ハイム駐車場","35.463428","139.358861","https://btimes.jp/kanagawa/park/35642/"
"54243","三田2521-1エヌズハウスII 駐車場","35.475421","139.356456","https://btimes.jp/kanagawa/park/54243/"
"44119","田村町5丁目駐車場","35.434154","139.361279","https://btimes.jp/kanagawa/park/44119/"
"48230","ルームマートコンテナ厚木船子駐車場","35.422242","139.352117","https://btimes.jp/kanagawa/park/48230/"
"35320","愛甲1-12-6アネックスM駐車場","35.416719","139.344622","https://btimes.jp/kanagawa/park/35320/"
"51596","小田急本厚木駐車場","35.431589","139.362843","https://btimes.jp/kanagawa/park/51596/"
"51597","小田急本厚木第３駐車場","35.437495","139.370398","https://btimes.jp/kanagawa/park/51597/"
"35549","旭町第１駐車場","35.429735","139.370302","https://btimes.jp/kanagawa/park/35549/"
"901","飯山台ノ上駐車場","35.459455","139.329759","https://btimes.jp/kanagawa/park/901/"
"43208","厚木温水西１丁目駐車場","35.436479","139.34266","https://btimes.jp/kanagawa/park/43208/"
"46975","ラヴィータ厚木駐車場","35.456635","139.352101","https://btimes.jp/kanagawa/park/46975/"
"32571","厚木妻田北駐車場","35.456778","139.36137","https://btimes.jp/kanagawa/park/32571/"
"30561","妻田駐車場","35.451616","139.366631","https://btimes.jp/kanagawa/park/30561/"
"47301","アローネセレッソ駐車場","35.45092","139.367808","https://btimes.jp/kanagawa/park/47301/"
"36504","本厚木幸町駐車場","35.438153","139.373004","https://btimes.jp/kanagawa/park/36504/"
"35838","ブライト駐車場","35.426892","139.367924","https://btimes.jp/kanagawa/park/35838/"
"44806","コンフォール駐車場","35.486309","139.368405","https://btimes.jp/kanagawa/park/44806/"
"32316","コナカ相模原田名店駐車場","35.549999","139.344297","https://btimes.jp/kanagawa/park/32316/"
"30713","GLP厚木2駐車場","35.516617","139.345873","https://btimes.jp/kanagawa/park/30713/"
"39038","半原1393-3ビュー半原駐車場","35.529222","139.273924","https://btimes.jp/kanagawa/park/39038/"
"44322","アネックスA駐車場","35.508774","139.339623","https://btimes.jp/kanagawa/park/44322/"
"44323","アンソレイユ１駐車場","35.508972","139.340202","https://btimes.jp/kanagawa/park/44323/"
"60377","アンソレイエ駐車場","35.52992","139.358854","https://btimes.jp/kanagawa/park/60377/"
"31600","相模原市緑区下九沢　ラーク・パル駐車場","35.570601","139.339388","https://btimes.jp/kanagawa/park/31600/"
"65872","メゾン前田駐車場","35.574394","139.330723","https://btimes.jp/kanagawa/park/65872/"
"45446","フローラ桜台駐車場","35.50672","139.342615","https://btimes.jp/kanagawa/park/45446/"
"58727","ビレッジハウス下九沢駐車場","35.571911","139.348315","https://btimes.jp/kanagawa/park/58727/"
"41428","五差路整骨院第１駐車場","35.582749","139.348708","https://btimes.jp/kanagawa/park/41428/"
"56372","厚木上依知駐車場","35.512101","139.371415","https://btimes.jp/kanagawa/park/56372/"
"36574","田名住宅駐車場","35.541574","139.345538","https://btimes.jp/kanagawa/park/36574/"
"64946","dream1・2・3駐車場","35.548158","139.336171","https://btimes.jp/kanagawa/park/64946/"
"61529","サニーコート駐車場","35.550872","139.354927","https://btimes.jp/kanagawa/park/61529/"
"54121","メゾンS.K駐車場","35.509615","139.362445","https://btimes.jp/kanagawa/park/54121/"
"54122","メゾンS.K駐車場","35.509615","139.362445","https://btimes.jp/kanagawa/park/54122/"
"43494","五差路整骨院第３駐車場","35.582736","139.348655","https://btimes.jp/kanagawa/park/43494/"
"65910","相模原中央５丁目","35.568137","139.369785","https://btimes.jp/kanagawa/park/65910/"
"38568","氷川町　萩原第5駐車場","35.580357","139.366837","https://btimes.jp/kanagawa/park/38568/"
"61281","みなみ野4-19-12駐車場","35.623889","139.325469","https://btimes.jp/tokyo/park/61281/"
"44422","七国3-13-13駐車場","35.614706","139.323436","https://btimes.jp/tokyo/park/44422/"
"35138","八王子みなみ野シティヴェルディールふれあい通り駐車場","35.628218","139.328482","https://btimes.jp/tokyo/park/35138/"
"40722","七国１－８－７駐車場","35.619372","139.330483","https://btimes.jp/tokyo/park/40722/"
"45377","七国１－８－７駐車場","35.619372","139.330483","https://btimes.jp/tokyo/park/45377/"
"64055","八王子館町ソフィア2駐車場","35.633043","139.305715","https://btimes.jp/tokyo/park/64055/"
"50146","めじろ台秋間駐車場","35.638802","139.315791","https://btimes.jp/tokyo/park/50146/"
"54249","館ヶ丘駐車場","35.620489","139.292062","https://btimes.jp/tokyo/park/54249/"
"65440","【めじろ台駅　徒歩9分】めじろ台シオンチャペル第二駐車場","35.642769","139.306775","https://btimes.jp/tokyo/park/65440/"
"56799","エスポワール相原駐車場","35.602556","139.331689","https://btimes.jp/tokyo/park/56799/"
"59095","町田相原駐車場","35.605591","139.33922","https://btimes.jp/tokyo/park/59095/"
"57280","片倉R１６","35.63539","139.34242","https://btimes.jp/tokyo/park/57280/"
"57282","片倉第一","35.635736","139.343042","https://btimes.jp/tokyo/park/57282/"
"64742","相原5-4-66駐車場","35.595716","139.322239","https://btimes.jp/kanagawa/park/64742/"
"27601","ハイツＴＡＫＥＣＨＩＹＯ駐車場","35.605019","139.341544","https://btimes.jp/tokyo/park/27601/"
"64770","初沢町1308-11駐車場","35.636442","139.287393","https://btimes.jp/tokyo/park/64770/"
"36839","長房町1535駐車場","35.646287","139.296094","https://btimes.jp/tokyo/park/36839/"
"60734","八王子長房町駐車場","35.647406","139.296494","https://btimes.jp/tokyo/park/60734/"
"65682","ハウスブリッジ駐車場","35.600428","139.34367","https://btimes.jp/kanagawa/park/65682/"
"41770","八王子明星パレス駐車場","35.645508","139.345845","https://btimes.jp/tokyo/park/41770/"
"50964","コペルプラス高尾教室駐車場","35.638808","139.279097","https://btimes.jp/tokyo/park/50964/"
"50956","八王子市北野台２-３６-１３ 戸建駐車場","35.625325","139.358433","https://btimes.jp/tokyo/park/50956/"
"58995","京王高尾山　予約制駐車場","35.630006","139.273552","https://btimes.jp/tokyo/park/58995/"
"52587","アルボーレ駐車場","35.645397","139.349813","https://btimes.jp/tokyo/park/52587/"
"32579","タイムズ八王子南新町第２バイク駐車場","35.655827","139.333281","https://btimes.jp/tokyo/park/32579/"
"48134","城山手２丁目１０-９戸建駐車場","35.651114","139.286212","https://btimes.jp/tokyo/park/48134/"
"65685","アステリア駐車場","35.58802","139.339079","https://btimes.jp/kanagawa/park/65685/"
"65758","アステリア駐車場","35.58802","139.339079","https://btimes.jp/kanagawa/park/65758/"
"49310","エトワールビル駐車場","35.662207","139.312639","https://btimes.jp/tokyo/park/49310/"
"57286","北野","35.649645","139.352875","https://btimes.jp/tokyo/park/57286/"
"52352","明神町３-６-９戸建駐車場","35.65318","139.348524","https://btimes.jp/tokyo/park/52352/"
"36595","元本郷町1-30駐車場第２","35.662531","139.323992","https://btimes.jp/tokyo/park/36595/"
"40022","パールハイツ駐車場","35.652748","139.349453","https://btimes.jp/tokyo/park/40022/"
"63647","明神町4-13-4駐車場","35.656754","139.345035","https://btimes.jp/tokyo/park/63647/"
"40997","八王子横川町376-2駐車場","35.663966","139.308727","https://btimes.jp/tokyo/park/40997/"
"41100","八王子横川町743駐車場","35.66415","139.305671","https://btimes.jp/tokyo/park/41100/"
"54704","八王子田町駐車場（軽専用）","35.662797","139.338482","https://btimes.jp/tokyo/park/54704/"
"54705","八王子田町駐車場","35.662797","139.338482","https://btimes.jp/tokyo/park/54705/"
"48256","マンスリー八王子大楽寺町駐車場","35.665969","139.303841","https://btimes.jp/tokyo/park/48256/"
"40979","多摩ニュータウン ベルコリーヌ南大沢駐車場","35.608534","139.371633","https://btimes.jp/tokyo/park/40979/"
"59234","ル・クール・フォンテーヌ駐車場","35.658023","139.353604","https://btimes.jp/tokyo/park/59234/"
"811","大和田町1丁目駐車場","35.654615","139.358504","https://btimes.jp/tokyo/park/811/"
"49472","シャローリバーハイツ駐車場","35.651165","139.362553","https://btimes.jp/tokyo/park/49472/"
"39425","小林健一駐車場","35.653291","139.365935","https://btimes.jp/tokyo/park/39425/"
"50602","T.M.T第２パーキング","35.653909","139.366178","https://btimes.jp/tokyo/park/50602/"
"50601","H.O.Pパーキング","35.654158","139.366226","https://btimes.jp/tokyo/park/50601/"
"52004","コスモスマンション駐車場","35.662832","139.35603","https://btimes.jp/tokyo/park/52004/"
"47040","サクラの丘A駐車場","35.597901","139.374445","https://btimes.jp/tokyo/park/47040/"
"47286","ハグヒルズ多摩境駐車場","35.597505","139.374233","https://btimes.jp/tokyo/park/47286/"
"3533","小宮・大和田駐車場","35.657307","139.365256","https://btimes.jp/tokyo/park/3533/"
"3532","根津月極駐車場","35.657692","139.36604","https://btimes.jp/tokyo/park/3532/"
"45582","日野市旭が丘１丁目駐車場","35.649817","139.374042","https://btimes.jp/tokyo/park/45582/"
"58198","FK七国2丁目駐車場","35.61552","139.328819","https://btimes.jp/tokyo/park/58198/"
"32020","八王子めじろ台第２駐車場","35.641346","139.312315","https://btimes.jp/tokyo/park/32020/"
"57283","片倉第三","35.635284","139.34216","https://btimes.jp/tokyo/park/57283/"
"32006","八王子台町第８駐車場","35.64629","139.325964","https://btimes.jp/tokyo/park/32006/"
"57284","片倉第四","35.636378","139.344265","https://btimes.jp/tokyo/park/57284/"
"31620","八王子市台町2丁目駐車場","35.649793","139.323028","https://btimes.jp/tokyo/park/31620/"
"48474","CASA　KUMAZAWA第2駐車場","35.64647","139.342827","https://btimes.jp/tokyo/park/48474/"
"48475","CASA　KUMAZAWA第1駐車場","35.646456","139.342985","https://btimes.jp/tokyo/park/48475/"
"48275","マンスリー八王子子安町四丁目駐車場","35.649435","139.339711","https://btimes.jp/tokyo/park/48275/"
"65915","相模原橋本第２０","35.593746","139.344773","https://btimes.jp/kanagawa/park/65915/"
"38546","FK八王子音楽院旭町駐車場","35.652546","139.344273","https://btimes.jp/tokyo/park/38546/"
"32564","橋本３丁目駐車場","35.590862","139.350378","https://btimes.jp/kanagawa/park/32564/"
"41562","大楽寺貸家駐車場","35.664817","139.301897","https://btimes.jp/tokyo/park/41562/"
"32591","タイムズ八王子大和田第４駐車場","35.663365","139.356248","https://btimes.jp/tokyo/park/32591/"
"39939","日野市旭が丘2丁目　砂利駐車場","35.656843","139.372502","https://btimes.jp/tokyo/park/39939/"
"59700","八王子市丹木町１丁目駐車場","35.689505","139.333849","https://btimes.jp/tokyo/park/59700/"
"39740","丹木町1丁目駐車場","35.688281","139.334325","https://btimes.jp/tokyo/park/39740/"
"65315","メゾン・リヴェール駐車場","35.711864","139.288962","https://btimes.jp/tokyo/park/65315/"
"39764","丹木町1-378プレスタージュM&Y駐車場","35.687611","139.335753","https://btimes.jp/tokyo/park/39764/"
"44394","Green village駐車場","35.711556","139.34455","https://btimes.jp/tokyo/park/44394/"
"45207","レジデンスシャローム駐車場","35.718746","139.340574","https://btimes.jp/tokyo/park/45207/"
"58662","福生団地駐車場","35.72652","139.332151","https://btimes.jp/tokyo/park/58662/"
"58317","福生市熊川（アリヴィオ拝島）駐車場","35.718651","139.342116","https://btimes.jp/tokyo/park/58317/"
"60433","ヴェールジャルダン駐車場","35.711027","139.348877","https://btimes.jp/tokyo/park/60433/"
"52552","ミラコスタ第二駐車場","35.731066","139.301504","https://btimes.jp/tokyo/park/52552/"
"30103","昭島市拝島町４丁目　みゆきパーキング2","35.699893","139.350975","https://btimes.jp/tokyo/park/30103/"
"2422","みつい台1丁目第2駐車場","35.678496","139.331305","https://btimes.jp/tokyo/park/2422/"
"58707","熊川1411-1駐車場","35.721566","139.346225","https://btimes.jp/tokyo/park/58707/"
"29085","昭島市緑町２丁目　みどりパーキング","35.70711","139.352288","https://btimes.jp/tokyo/park/29085/"
"64902","田中町1-35-8大猫月極駐車場","35.703117","139.353328","https://btimes.jp/tokyo/park/64902/"
"40998","八王子上壱分方町317-1駐車場","35.679043","139.293003","https://btimes.jp/tokyo/park/40998/"
"44395","Villetta駐車場","35.71325","139.353689","https://btimes.jp/tokyo/park/44395/"
"42874","福生市民会館前駐車場","35.730181","139.341024","https://btimes.jp/tokyo/park/42874/"
"53480","田中町2-20-9メゾンエトワル駐車場","35.699606","139.356061","https://btimes.jp/tokyo/park/53480/"
"44685","あきる野市草花　ブルーウッド駐車場","35.738306","139.311097","https://btimes.jp/tokyo/park/44685/"
"31108","田中町2-20-8駐車場","35.699609","139.356284","https://btimes.jp/tokyo/park/31108/"
"32110","昭島市田中町3丁目　砂利駐車場","35.695359","139.355859","https://btimes.jp/tokyo/park/32110/"
"38907","田中町1丁目　メゾンボヌールA棟駐車場","35.703164","139.357661","https://btimes.jp/tokyo/park/38907/"
"59459","スカイハイツ駐車場","35.732611","139.290494","https://btimes.jp/tokyo/park/59459/"
"31233","田中町 1-18-1駐車場","35.703256","139.357742","https://btimes.jp/tokyo/park/31233/"
"41104","昭島市田中町1丁目　ソシアN駐車場","35.704314","139.3579","https://btimes.jp/tokyo/park/41104/"
"32082","昭島市田中町2丁目　ファインレジデンス駐車場","35.697636","139.357675","https://btimes.jp/tokyo/park/32082/"
"51980","原ヶ谷戸第３駐車場 No.197","35.736449","139.334924","https://btimes.jp/tokyo/park/51980/"
"51981","中央第１駐車場 No.3","35.737988","139.331252","https://btimes.jp/tokyo/park/51981/"
"65964","本7第4駐車場","35.737267","139.334347","https://btimes.jp/tokyo/park/65964/"
"65965","本7第4駐車場","35.737267","139.334347","https://btimes.jp/tokyo/park/65965/"
"58385","原ヶ谷戸第６駐車場　No.251","35.736985","139.336829","https://btimes.jp/tokyo/park/58385/"
"38477","中央第14駐車場","35.739836","139.330041","https://btimes.jp/tokyo/park/38477/"
"40940","小山ビルパーキング駐車場","35.6718","139.295011","https://btimes.jp/tokyo/park/40940/"
"39773","中野山王１丁目駐車場","35.66966","139.330723","https://btimes.jp/tokyo/park/39773/"
"42000","加美平第2駐車場","35.741544","139.327003","https://btimes.jp/tokyo/park/42000/"
"41832","メゾン・ド・フルール加美駐車場","35.742221","139.324217","https://btimes.jp/tokyo/park/41832/"
"65871","武蔵野第１駐車場","35.739432","139.337197","https://btimes.jp/tokyo/park/65871/"
"42327","フラットＫ駐車場","35.74277","139.325912","https://btimes.jp/tokyo/park/42327/"
"61594","武蔵野第１駐車場","35.739322","139.337599","https://btimes.jp/tokyo/park/61594/"
"50808","高山外科内科医院駐車場","35.66895","139.29886","https://btimes.jp/tokyo/park/50808/"
"27655","レーベン和駐車場","35.670445","139.294418","https://btimes.jp/tokyo/park/27655/"
"58445","ALVA.b駐車場","35.701292","139.367775","https://btimes.jp/tokyo/park/58445/"
"2555","東福生第９駐車場","35.743853","139.338771","https://btimes.jp/tokyo/park/2555/"
"40974","八王子パークヒル宇津木台駐車場","35.683468","139.361591","https://btimes.jp/tokyo/park/40974/"
"40976","八王子パークヒル宇津木台駐車場","35.685217","139.363555","https://btimes.jp/tokyo/park/40976/"
"40975","八王子パークヒル宇津木台駐車場","35.68451","139.364552","https://btimes.jp/tokyo/park/40975/"
"54250","昭島つつじが丘駐車場","35.710355","139.370595","https://btimes.jp/tokyo/park/54250/"
"28088","パルグリーン駐車場","35.684491","139.371227","https://btimes.jp/tokyo/park/28088/"
"52621","ドラッグセイムス大久野店駐車場","35.739938","139.253269","https://btimes.jp/tokyo/park/52621/"
"47949","原島マンション駐車場","35.683954","139.294036","https://btimes.jp/tokyo/park/47949/"
"32874","マンスリータイムズ八王子中野町駐車場","35.676656","139.319662","https://btimes.jp/tokyo/park/32874/"
"66117","シティハイム秋川駐車場","35.723901","139.288444","https://btimes.jp/tokyo/park/66117/"
"56059","マンスリー秋川駅月極駐車場","35.724099","139.288445","https://btimes.jp/tokyo/park/56059/"
"29425","秋川駅南口駐車場","35.723952","139.287943","https://btimes.jp/tokyo/park/29425/"
"612","あきる野もみじ駐車場","35.726947","139.29139","https://btimes.jp/tokyo/park/612/"
"36565","あきる野市雨間東駐車場","35.724996","139.287482","https://btimes.jp/tokyo/park/36565/"
"36569","あきる野市雨間東駐車場","35.724996","139.287482","https://btimes.jp/tokyo/park/36569/"
"42251","マンスリー福生志茂駐車場","35.733321","139.336861","https://btimes.jp/tokyo/park/42251/"
"31953","昭島市田中町2丁目　ソシアNII駐車場","35.6988","139.358623","https://btimes.jp/tokyo/park/31953/"
"29181","メゾンドバニラ駐車場","35.668691","139.31263","https://btimes.jp/tokyo/park/29181/"
"65325","フラットＫ駐車場　【軽車室】","35.742805","139.325919","https://btimes.jp/tokyo/park/65325/"
"42424","ＦＫ八王子市暁町駐車場","35.667537","139.336086","https://btimes.jp/tokyo/park/42424/"
"52954","マンスリー福生加美平駐車場","35.748436","139.328057","https://btimes.jp/tokyo/park/52954/"
"56860","小宮駅","35.68272","139.371964","https://btimes.jp/tokyo/park/56860/"
"65844","メゾンファミールＡ・Ｂ駐車場","35.684513","139.374402","https://btimes.jp/tokyo/park/65844/"
"27615","アールズコート駐車場","35.730257","139.371747","https://btimes.jp/tokyo/park/27615/"
"29363","Le ciel bleu I II駐車場","35.67354","139.366803","https://btimes.jp/tokyo/park/29363/"
"44691","レシデンシア駐車場","35.801108","139.312398","https://btimes.jp/tokyo/park/44691/"
"65289","メゾン野上駐車場","35.787628","139.295251","https://btimes.jp/tokyo/park/65289/"
"65314","メゾン野上駐車場","35.787628","139.295251","https://btimes.jp/tokyo/park/65314/"
"49555","【軽専用】Ｐ入間南峯-０３駐車場","35.808046","139.326717","https://btimes.jp/saitama/park/49555/"
"49554","Ｐ入間南峯-０４駐車場","35.808212","139.328699","https://btimes.jp/saitama/park/49554/"
"64707","FKプチエレガンス河辺駐車場","35.778272","139.288706","https://btimes.jp/tokyo/park/64707/"
"1003","マルフジ羽村店駐車場","35.755671","139.315397","https://btimes.jp/tokyo/park/1003/"
"38930","富修第4駐車場","35.752028","139.315145","https://btimes.jp/tokyo/park/38930/"
"52090","青梅市千ヶ瀬町５丁目駐車場","35.780716","139.268946","https://btimes.jp/tokyo/park/52090/"
"52620","ドラッグセイムス加美平店駐車場","35.750145","139.325583","https://btimes.jp/tokyo/park/52620/"
"47148","ヴランシュロス駐車場","35.755298","139.343034","https://btimes.jp/tokyo/park/47148/"
"58316","瑞穂町駐車場","35.76713","139.364223","https://btimes.jp/tokyo/park/58316/"
"47530","Ｐ入間仏子－０７駐車場","35.829365","139.358952","https://btimes.jp/saitama/park/47530/"
"51326","Ｐ入間新久-０６駐車場","35.825681","139.364889","https://btimes.jp/saitama/park/51326/"
"41057","レジデンスミツトヨ駐車場","35.751754","139.373918","https://btimes.jp/tokyo/park/41057/"
"56861","小作駅第一","35.772728","139.305385","https://btimes.jp/tokyo/park/56861/"
"27627","ルミエールK駐車場","35.769718","139.293042","https://btimes.jp/tokyo/park/27627/"
"49560","Ｐ入間三ツ木台-０１駐車場","35.809533","139.338737","https://btimes.jp/saitama/park/49560/"
"38935","富修第5駐車場","35.757392","139.323946","https://btimes.jp/tokyo/park/38935/"
"39804","瑞穂町むさし野2丁目駐車場","35.756371","139.3398","https://btimes.jp/tokyo/park/39804/"
"29371","大野駐車場","35.751902","139.326665","https://btimes.jp/tokyo/park/29371/"
"30523","青梅市住江町パーキング","35.785652","139.264163","https://btimes.jp/tokyo/park/30523/"
"27659","ストークコート駐車場","35.750062","139.368388","https://btimes.jp/tokyo/park/27659/"
"59111","コーポサラ駐車場","35.878701","139.308739","https://btimes.jp/saitama/park/59111/"
"45624","飯能小久保駐車場","35.866012","139.337587","https://btimes.jp/saitama/park/45624/"
"62797","下加治114駐車場","35.863086","139.337233","https://btimes.jp/saitama/park/62797/"
"43830","町田園中山駐車場","35.855608","139.32998","https://btimes.jp/saitama/park/43830/"
"51323","Ｐ飯能中居-０４駐車場","35.856104","139.331595","https://btimes.jp/saitama/park/51323/"
"31524","飯能市大河原駐車場","35.851321","139.312178","https://btimes.jp/saitama/park/31524/"
"53498","Ｐ飯能双柳-０８駐車場","35.851323","139.331788","https://btimes.jp/saitama/park/53498/"
"61506","Ｐａｌサンアイ駐車場","35.888985","139.338266","https://btimes.jp/saitama/park/61506/"
"53214","Ｐ飯能双柳-０２駐車場","35.850762","139.332957","https://btimes.jp/saitama/park/53214/"
"31850","南町2駐車場","35.84678","139.323035","https://btimes.jp/saitama/park/31850/"
"51244","タイムズ東飯能第２駐車場","35.849351","139.331178","https://btimes.jp/saitama/park/51244/"
"53959","Ｐ飯能矢颪-０２駐車場","35.845136","139.31754","https://btimes.jp/saitama/park/53959/"
"29570","日高市上鹿山　ルミエール駐車場","35.889868","139.340982","https://btimes.jp/saitama/park/29570/"
"53958","Ｐ飯能美杉台-１８駐車場","35.844066","139.309124","https://btimes.jp/saitama/park/53958/"
"41427","矢颪118-2駐車場","35.843595","139.318572","https://btimes.jp/saitama/park/41427/"
"53956","Ｐ飯能美杉台-１５駐車場","35.843832","139.308575","https://btimes.jp/saitama/park/53956/"
"53957","Ｐ飯能美杉台-１７駐車場","35.843398","139.309195","https://btimes.jp/saitama/park/53957/"
"53954","Ｐ飯能美杉台-１３駐車場","35.843265","139.308941","https://btimes.jp/saitama/park/53954/"
"41942","こまがわ駅前歯科駐車場","35.892594","139.340625","https://btimes.jp/saitama/park/41942/"
"32309","コナカ飯能店駐車場","35.846231","139.334073","https://btimes.jp/saitama/park/32309/"
"47539","Ｐ飯能前ケ貫－０１駐車場","35.837588","139.315666","https://btimes.jp/saitama/park/47539/"
"42636","岩沢滝ノ上駐車場","35.842954","139.347369","https://btimes.jp/saitama/park/42636/"
"47540","Ｐ入間野田-０６駐車場","35.842061","139.35219","https://btimes.jp/saitama/park/47540/"
"61662","岩沢南部地区A17街区5画地駐車場","35.835654","139.342778","https://btimes.jp/saitama/park/61662/"
"51112","Ｐ入間野田-０３駐車場","35.84244","139.354783","https://btimes.jp/saitama/park/51112/"
"51319","Ｐ飯能岩沢-１１駐車場","35.835677","139.347262","https://btimes.jp/saitama/park/51319/"
"47534","Ｐ飯能岩沢ー１３駐車場","35.834671","139.347813","https://btimes.jp/saitama/park/47534/"
"48411","P入間野田-１３駐車場","35.838765","139.354773","https://btimes.jp/saitama/park/48411/"
"59950","東吾野駅前駐車場","35.890076","139.263185","https://btimes.jp/saitama/park/59950/"
"51325","Ｐ入間仏子-０３駐車場","35.83483","139.352871","https://btimes.jp/saitama/park/51325/"
"53213","Ｐ飯能下赤工-０１駐車場","35.863655","139.253303","https://btimes.jp/saitama/park/53213/"
"47387","タイムズ飯能第９駐車場","35.849201","139.323532","https://btimes.jp/saitama/park/47387/"
"51322","Ｐ飯能中居-０３駐車場","35.855694","139.331491","https://btimes.jp/saitama/park/51322/"
"44686","タイムズ飯能第１４駐車場","35.849502","139.323463","https://btimes.jp/saitama/park/44686/"
"45924","タイムズ飯能第８駐車場","35.849574","139.325195","https://btimes.jp/saitama/park/45924/"
"47386","タイムズ飯能第５駐車場","35.848939","139.323014","https://btimes.jp/saitama/park/47386/"
"51478","Ｐ飯能稲荷町-０２駐車場","35.846909","139.317875","https://btimes.jp/saitama/park/51478/"
"42637","栄町駐車場","35.848021","139.331447","https://btimes.jp/saitama/park/42637/"
"54367","Ｐ飯能美杉台-１３軽専用駐車場","35.843366","139.308921","https://btimes.jp/saitama/park/54367/"
"53955","Ｐ飯能美杉台-１４駐車場","35.843243","139.309018","https://btimes.jp/saitama/park/53955/"
"54255","Ｐ飯能美杉台-１４軽専用駐車場","35.843243","139.309018","https://btimes.jp/saitama/park/54255/"
"52534","Ｐ飯能白子-０１駐車場","35.882771","139.282182","https://btimes.jp/saitama/park/52534/"
"65601","シャルマン浅間駐車場","35.853236","139.345856","https://btimes.jp/saitama/park/65601/"
"65602","シャルマン浅間隣地月極駐車場","35.853128","139.346069","https://btimes.jp/saitama/park/65602/"
"65603","モンテ浅間駐車場","35.853408","139.347286","https://btimes.jp/saitama/park/65603/"
"48410","P入間野田-１２駐車場","35.840541","139.348802","https://btimes.jp/saitama/park/48410/"
"47670"," Ｐ飯能岩沢ー１４駐車場","35.837883","139.348285","https://btimes.jp/saitama/park/47670/"
"51113","Ｐ入間野田-１０駐車場","35.83868","139.349513","https://btimes.jp/saitama/park/51113/"
"47532","Ｐ入間野田－１８駐車場","35.837867","139.348656","https://btimes.jp/saitama/park/47532/"
"59947","【軽専用】Ｐ入間野田-０３駐車場","35.84244","139.354783","https://btimes.jp/saitama/park/59947/"
"49561","Ｐ入間野田-１５駐車場","35.84327","139.356182","https://btimes.jp/saitama/park/49561/"
"48412","P入間野田-１３駐車場","35.838765","139.354773","https://btimes.jp/saitama/park/48412/"
"47468","Ｐ入間野田-０６駐車場","35.838838","139.355451","https://btimes.jp/saitama/park/47468/"
"60627","Ｋパーキング野田Ｃ","35.843673","139.362663","https://btimes.jp/saitama/park/60627/"
"52768","タイムズ仏子駅前駐車場","35.83517","139.363454","https://btimes.jp/saitama/park/52768/"
"58369","メゾン岩井駐車場","35.944157","139.323277","https://btimes.jp/saitama/park/58369/"
"32798","マンスリー拓栄ハイツ駐車場","35.937444","139.308856","https://btimes.jp/saitama/park/32798/"
"47290","Ｐ毛呂山長瀬-０１駐車場","35.936176","139.322883","https://btimes.jp/saitama/park/47290/"
"51248","城山第１パーキング川角駅前","35.933328","139.350718","https://btimes.jp/saitama/park/51248/"
"47293","Ｐ坂戸にっさい花みず木-０３駐車場","35.961285","139.363985","https://btimes.jp/saitama/park/47293/"
"47294","Ｐ坂戸にっさい花みず木-０４駐車場","35.96244","139.364275","https://btimes.jp/saitama/park/47294/"
"47292","Ｐ坂戸にっさい花みず木-０２駐車場","35.962242","139.364613","https://btimes.jp/saitama/park/47292/"
"31472","タイムズ毛呂山第２駐車場","35.937096","139.309028","https://btimes.jp/saitama/park/31472/"
"36238","マンスリー毛呂山第５駐車場","35.934417","139.311043","https://btimes.jp/saitama/park/36238/"
"41673","プランドール駐車場","35.93339","139.331418","https://btimes.jp/saitama/park/41673/"
"52516","Ｐ坂戸新堀-０１駐車場","35.964839","139.37065","https://btimes.jp/saitama/park/52516/"
"53944","Ｐ鶴ケ島下新田-０２駐車場","35.938915","139.374861","https://btimes.jp/saitama/park/53944/"
"61202","藤沢西部団地駐車場","35.359523","139.446445","https://btimes.jp/kanagawa/park/61202/"
"65907","石川２丁目","35.377193","139.459939","https://btimes.jp/kanagawa/park/65907/"
"47250","赤羽根駐車場","35.347141","139.43398","https://btimes.jp/kanagawa/park/47250/"
"46862","ビレッジハウス亀井野駐車場","35.384732","139.467681","https://btimes.jp/kanagawa/park/46862/"
"56235","藤沢円行共同住宅駐車場","35.39478","139.464804","https://btimes.jp/kanagawa/park/56235/"
"55525","アネックス湘南台駐車場","35.395599","139.471288","https://btimes.jp/kanagawa/park/55525/"
"43520","寒川町岡田３丁目駐車場","35.364858","139.394701","https://btimes.jp/kanagawa/park/43520/"
"60628","トライベッカ駐車場","35.336671","139.463023","https://btimes.jp/kanagawa/park/60628/"
"53965","小菅駐車場","35.411594","139.448307","https://btimes.jp/kanagawa/park/53965/"
"52211","鵠沼神明４－１－６駐車場","35.340707","139.472283","https://btimes.jp/kanagawa/park/52211/"
"45569","セルレア第２駐車場","35.345221","139.40203","https://btimes.jp/kanagawa/park/45569/"
"46116","茅ヶ崎市本村５丁目駐車場","35.335841","139.413724","https://btimes.jp/kanagawa/park/46116/"
"58199","ラ・クエスタゆめが丘駐車場","35.402953","139.481344","https://btimes.jp/kanagawa/park/58199/"
"58694","B　藤沢１丁目駐車場","35.345018","139.486884","https://btimes.jp/kanagawa/park/58694/"
"44253","Arpels　駐車場","35.338741","139.48466","https://btimes.jp/kanagawa/park/44253/"
"62731","藤沢1062清栄ハイム駐車場","35.338494","139.485822","https://btimes.jp/kanagawa/park/62731/"
"64003","ゆめが丘駐車場","35.40481","139.487051","https://btimes.jp/kanagawa/park/64003/"
"64094","ゆめが丘駐車場(２）","35.404872","139.487123","https://btimes.jp/kanagawa/park/64094/"
"60728","Clanscreek BerryFarm バイク駐車場","35.348717","139.499317","https://btimes.jp/kanagawa/park/60728/"
"50373","フラットB駐車場","35.413102","139.48453","https://btimes.jp/kanagawa/park/50373/"
"55538","アステール藤沢駐車場","35.342625","139.497484","https://btimes.jp/kanagawa/park/55538/"
"45452","ファミール泉ＡＢ駐車場","35.41641","139.489638","https://btimes.jp/kanagawa/park/45452/"
"42154","泉リバーヒルズ駐車場","35.416133","139.490637","https://btimes.jp/kanagawa/park/42154/"
"52311","茅ヶ崎甘沼駐車場","35.350085","139.423054","https://btimes.jp/kanagawa/park/52311/"
"58520","倉見産業道路駐車場","35.394633","139.38493","https://btimes.jp/kanagawa/park/58520/"
"52854","マンスリー亀井野","35.38509","139.474721","https://btimes.jp/kanagawa/park/52854/"
"65901","本藤沢６丁目","35.356375","139.474923","https://btimes.jp/kanagawa/park/65901/"
"51601","ルームマートコンテナ茅ヶ崎菱沼駐車場","35.339843","139.435253","https://btimes.jp/kanagawa/park/51601/"
"46530","エルトベーレ湘南駐車場","35.387324","139.476051","https://btimes.jp/kanagawa/park/46530/"
"3180","藤沢稲荷１丁目駐車場","35.349168","139.470023","https://btimes.jp/kanagawa/park/3180/"
"55188","六会亀井野第２駐車場","35.38698","139.478113","https://btimes.jp/kanagawa/park/55188/"
"903","藤沢本町駐車場","35.348422","139.477738","https://btimes.jp/kanagawa/park/903/"
"65899","藤沢本町駅前第２","35.346593","139.477745","https://btimes.jp/kanagawa/park/65899/"
"51488","タイムズマンスリー長後駅前駐車場","35.408154","139.466276","https://btimes.jp/kanagawa/park/51488/"
"65914","藤沢本町４丁目第２","35.342221","139.483484","https://btimes.jp/kanagawa/park/65914/"
"39024","藤沢市米山駐車場","35.342939","139.488787","https://btimes.jp/kanagawa/park/39024/"
"47317","遊行寺前駐車場","35.343443","139.489841","https://btimes.jp/kanagawa/park/47317/"
"47318","遊行寺前駐車場","35.343443","139.489841","https://btimes.jp/kanagawa/park/47318/"
"46789","あかねコーポ駐車場","35.415532","139.473686","https://btimes.jp/kanagawa/park/46789/"
"59305","Clanscreek BerryFarm駐車場","35.348842","139.499523","https://btimes.jp/kanagawa/park/59305/"
"45745","モアクレストＡ駐車場","35.414504","139.485417","https://btimes.jp/kanagawa/park/45745/"
"57629","門沢橋駅","35.403498","139.383239","https://btimes.jp/kanagawa/park/57629/"
"53469","ビューテラスさがみ野駐車場","35.468878","139.436408","https://btimes.jp/kanagawa/park/53469/"
"45904","さがみ野さくら駐車場","35.471832","139.433726","https://btimes.jp/kanagawa/park/45904/"
"48834","さがみ野さくら駐車場","35.471876","139.433132","https://btimes.jp/kanagawa/park/48834/"
"65681","グランドゥール大和駐車場","35.46471","139.460617","https://btimes.jp/kanagawa/park/65681/"
"30493","ＰＧ大和駐車場","35.47401","139.464196","https://btimes.jp/kanagawa/park/30493/"
"54816","レオパレス西鶴間駐車場","35.483567","139.452838","https://btimes.jp/kanagawa/park/54816/"
"58465","深見2170-3駐車場","35.47184","139.472731","https://btimes.jp/kanagawa/park/58465/"
"58106","ほのぼのパーキング","35.473375","139.407747","https://btimes.jp/kanagawa/park/58106/"
"43380","マリーノエル綾瀬A駐車場","35.421161","139.434447","https://btimes.jp/kanagawa/park/43380/"
"54196","ツインハウスウエスト駐車場","35.470656","139.4033","https://btimes.jp/kanagawa/park/54196/"
"51252","入谷東４丁目駐車場","35.475313","139.403276","https://btimes.jp/kanagawa/park/51252/"
"43426","プロロジスパーク座間１駐車場","35.493191","139.428542","https://btimes.jp/kanagawa/park/43426/"
"61116","南林間2-6-19-2駐車場","35.494856","139.448692","https://btimes.jp/kanagawa/park/61116/"
"60354","中央林間西２丁目駐車場","35.496831","139.443253","https://btimes.jp/kanagawa/park/60354/"
"48472","プリマヴェーラII駐車場","35.417075","139.469806","https://btimes.jp/kanagawa/park/48472/"
"48643","リトルキャロル駐車場","35.417003","139.470134","https://btimes.jp/kanagawa/park/48643/"
"45451","ボンヌ・シャンス.Ｋ駐車場","35.418178","139.483904","https://btimes.jp/kanagawa/park/45451/"
"39958","社家3-6-1駐車場","35.423506","139.387011","https://btimes.jp/kanagawa/park/39958/"
"45744","フォレスト泉駐車場","35.418628","139.493576","https://btimes.jp/kanagawa/park/45744/"
"57146","社家駅前バイク","35.417738","139.380461","https://btimes.jp/kanagawa/park/57146/"
"36566","かしわ台第３駐車場","35.460235","139.41538","https://btimes.jp/kanagawa/park/36566/"
"36554","東柏ケ谷駐車場","35.464189","139.426781","https://btimes.jp/kanagawa/park/36554/"
"35150","さがみ野さくら駐車場","35.472727","139.433533","https://btimes.jp/kanagawa/park/35150/"
"56815","ボンヌメゾン駐車場","35.439886","139.425728","https://btimes.jp/kanagawa/park/56815/"
"54422","さくらパーキング","35.447399","139.41517","https://btimes.jp/kanagawa/park/54422/"
"65912","西鶴間４丁目","35.483919","139.450676","https://btimes.jp/kanagawa/park/65912/"
"27654","エメラルドハイツ駐車場","35.450168","139.403195","https://btimes.jp/kanagawa/park/27654/"
"45747","グランシャリオA・B駐車場","35.46048","139.478961","https://btimes.jp/kanagawa/park/45747/"
"557","マンスリータイムズ瀬谷北新駐車場","35.457512","139.479471","https://btimes.jp/kanagawa/park/557/"
"45748","グランシャリオC駐車場","35.460625","139.479243","https://btimes.jp/kanagawa/park/45748/"
"43008","座間ひばりが丘駐車場","35.4869","139.435471","https://btimes.jp/kanagawa/park/43008/"
"41127","CASA FELICE鶴間駐車場","35.48582","139.456053","https://btimes.jp/kanagawa/park/41127/"
"45751","ハイツ小沢Ｂ駐車場","35.456502","139.482077","https://btimes.jp/kanagawa/park/45751/"
"43379","マリーノエル綾瀬A駐車場","35.421161","139.434447","https://btimes.jp/kanagawa/park/43379/"
"54158","FKメゾンドクー敷地内駐車場","35.420868","139.431236","https://btimes.jp/kanagawa/park/54158/"
"42150","アムールハピネス駐車場","35.428254","139.469416","https://btimes.jp/kanagawa/park/42150/"
"812","タイムズカー海老名駅西口店駐車場","35.453514","139.394102","https://btimes.jp/kanagawa/park/812/"
"813","下今泉5丁目駐車場","35.461915","139.394716","https://btimes.jp/kanagawa/park/813/"
"36535","座間第３駐車場","35.478139","139.403262","https://btimes.jp/kanagawa/park/36535/"
"36534","座間第２駐車場","35.478338","139.403241","https://btimes.jp/kanagawa/park/36534/"
"44252","ハイツひまわり駐車場","35.47774","139.401219","https://btimes.jp/kanagawa/park/44252/"
"65898","南林間第７","35.494384","139.447749","https://btimes.jp/kanagawa/park/65898/"
"45353","タイムズ座間入谷第２駐車場","35.478596","139.401337","https://btimes.jp/kanagawa/park/45353/"
"32833","GLP座間駐車場","35.495136","139.426551","https://btimes.jp/kanagawa/park/32833/"
"46788","ドミール長後駐車場","35.418691","139.470948","https://btimes.jp/kanagawa/park/46788/"
"27298","シーダーパーキング１","35.457881","139.495691","https://btimes.jp/kanagawa/park/27298/"
"41388","サンフラワー駐車場","35.446861","139.499888","https://btimes.jp/kanagawa/park/41388/"
"51493","小田急厚木第２駐車場","35.440487","139.383234","https://btimes.jp/kanagawa/park/51493/"
"57091","厚木駅","35.443145","139.381282","https://btimes.jp/kanagawa/park/57091/"
"57593","相武台下駅","35.490076","139.389501","https://btimes.jp/kanagawa/park/57593/"
"36473","上鶴間本町1ー8ー18駐車場","35.53626","139.440667","https://btimes.jp/kanagawa/park/36473/"
"53236","二丁目の月極駐車場","35.545875","139.443371","https://btimes.jp/tokyo/park/53236/"
"56798","第33平安コーポラス駐車場","35.527528","139.436506","https://btimes.jp/kanagawa/park/56798/"
"65417","ニューフラットアンドー駐車場","35.544886","139.458869","https://btimes.jp/tokyo/park/65417/"
"27653","ハイツチェリー駐車場","35.521231","139.441666","https://btimes.jp/kanagawa/park/27653/"
"62775","旭町１６－１０駐車場","35.521433","139.431294","https://btimes.jp/kanagawa/park/62775/"
"46244","東林間4-24-6駐車場","35.517519","139.437753","https://btimes.jp/kanagawa/park/46244/"
"56280","藤の台駐車場","35.565548","139.448232","https://btimes.jp/tokyo/park/56280/"
"65416","ラ・フレーズ駐車場","35.53564","139.47483","https://btimes.jp/tokyo/park/65416/"
"59953","町田山崎団地駐車場","35.567438","139.44135","https://btimes.jp/tokyo/park/59953/"
"56279","藤の台駐車場","35.567142","139.449802","https://btimes.jp/tokyo/park/56279/"
"50118","玉川学園駅前駐車場","35.560472","139.467439","https://btimes.jp/tokyo/park/50118/"
"56281","藤の台駐車場","35.569031","139.454972","https://btimes.jp/tokyo/park/56281/"
"44499","相模台団地駐車場","35.513512","139.411773","https://btimes.jp/kanagawa/park/44499/"
"42347","サンホワイトM602駐車場","35.529364","139.48139","https://btimes.jp/tokyo/park/42347/"
"56325","相模台6-30-36マイコーポ相模台駐車場","35.516057","139.407488","https://btimes.jp/kanagawa/park/56325/"
"34915","淵野辺駐車場","35.568983","139.411835","https://btimes.jp/kanagawa/park/34915/"
"61315","南つくし野3-8-55駐車場","35.513832","139.483005","https://btimes.jp/tokyo/park/61315/"
"44166","奈良5-1-33駐車場","35.555683","139.488677","https://btimes.jp/kanagawa/park/44166/"
"54551","ハイムあらたま駐車場","35.567873","139.402529","https://btimes.jp/kanagawa/park/54551/"
"54860","横浜町田関節脊椎病院駐車場","35.515778","139.487051","https://btimes.jp/kanagawa/park/54860/"
"47798","サイレントドミール駐車場","35.565753","139.395812","https://btimes.jp/kanagawa/park/47798/"
"41328","すみよし台駐車場","35.552219","139.494698","https://btimes.jp/kanagawa/park/41328/"
"41020","町田もみじ台駐車場","35.581728","139.417606","https://btimes.jp/tokyo/park/41020/"
"65176","カーサ・アルバイワミ駐車場","35.501788","139.477881","https://btimes.jp/tokyo/park/65176/"
"29163","多摩ハイツ駐車場","35.575228","139.478484","https://btimes.jp/kanagawa/park/29163/"
"54283","神蔵興業駐車場第２駐車場","35.579153","139.482402","https://btimes.jp/tokyo/park/54283/"
"47505","神蔵興業駐車場","35.578702","139.485452","https://btimes.jp/tokyo/park/47505/"
"36873","能ヶ谷駐車場","35.581842","139.487038","https://btimes.jp/tokyo/park/36873/"
"47064","タイムズ相模大野北口駐車場","35.530911","139.440054","https://btimes.jp/kanagawa/park/47064/"
"65540","ソレイユ駐車場","35.53489","139.452205","https://btimes.jp/tokyo/park/65540/"
"55997","古淵６丁目駐車場（新）","35.544482","139.428952","https://btimes.jp/kanagawa/park/55997/"
"41969","マンスリー町田金森駐車場","35.532679","139.458048","https://btimes.jp/tokyo/park/41969/"
"43127","エオロ銀河駐車場","35.53836","139.421418","https://btimes.jp/kanagawa/park/43127/"
"60715","FK古木駐車場","35.524412","139.452399","https://btimes.jp/kanagawa/park/60715/"
"51406","金森２丁目駐車場","35.531987","139.459915","https://btimes.jp/tokyo/park/51406/"
"52818","ウッディハイム駐車場","35.52098","139.438209","https://btimes.jp/kanagawa/park/52818/"
"60076","ウィングローブ第２駐車場","35.554624","139.452586","https://btimes.jp/tokyo/park/60076/"
"65695","アシティエ南町田駐車場","35.521513","139.466109","https://btimes.jp/tokyo/park/65695/"
"39277","ハイムさがみの園駐車場","35.522326","139.412303","https://btimes.jp/kanagawa/park/39277/"
"884","玉川学園第１駐車場","35.562952","139.460054","https://btimes.jp/tokyo/park/884/"
"41390","コーポかしわ駐車場","35.508898","139.435017","https://btimes.jp/kanagawa/park/41390/"
"36404","小室E駐車場","35.530783","139.47744","https://btimes.jp/tokyo/park/36404/"
"54521","小室F駐車場","35.529962","139.477526","https://btimes.jp/tokyo/park/54521/"
"36457","センチュリーハイツ町田15号棟敷地外駐車場","35.530603","139.477959","https://btimes.jp/tokyo/park/36457/"
"33072","HNパーキング","35.564766","139.414751","https://btimes.jp/kanagawa/park/33072/"
"889","奈良北駐車場","35.559923","139.481032","https://btimes.jp/kanagawa/park/889/"
"62758","エステートピア図師駐車場","35.578377","139.432698","https://btimes.jp/tokyo/park/62758/"
"27672","サンライズパレス駐車場","35.578011","139.470837","https://btimes.jp/tokyo/park/27672/"
"27681","プティソレイユ駐車場","35.578732","139.406986","https://btimes.jp/tokyo/park/27681/"
"30495","ＰＧ相模原駐車場","35.555914","139.380439","https://btimes.jp/kanagawa/park/30495/"
"65902","千代田プラザ","35.555989","139.38015","https://btimes.jp/kanagawa/park/65902/"
"66120","千代田プラザ","35.555989","139.38015","https://btimes.jp/kanagawa/park/66120/"
"45984","Alpha駐車場","35.579953","139.489673","https://btimes.jp/kanagawa/park/45984/"
"48429","ニューピュアハウス駐車場","35.590302","139.384041","https://btimes.jp/tokyo/park/48429/"
"38527","上矢部1丁目　小峯駐車場","35.585014","139.387256","https://btimes.jp/kanagawa/park/38527/"
"38544","宮下本町1丁目　杉山第5トラック駐車場","35.586013","139.380712","https://btimes.jp/kanagawa/park/38544/"
"38537","宮下本町1丁目　杉山第6駐車場","35.586022","139.38039","https://btimes.jp/kanagawa/park/38537/"
"53118","小山駐車場","35.588301","139.39682","https://btimes.jp/tokyo/park/53118/"
"38522","町田市小山町　馬場第1駐車場","35.585437","139.39285","https://btimes.jp/tokyo/park/38522/"
"38557","町田市小山町　栗山駐車場","35.589692","139.391452","https://btimes.jp/tokyo/park/38557/"
"58722","ニュータウン小山田桜台団地","35.584316","139.409159","https://btimes.jp/tokyo/park/58722/"
"58723","ニュータウン小山田桜台団地","35.584552","139.408537","https://btimes.jp/tokyo/park/58723/"
"31340","グリーンハイム桜台駐車場","35.590654","139.409087","https://btimes.jp/tokyo/park/31340/"
"64483","大蔵町347-5駐車場","35.583775","139.470478","https://btimes.jp/tokyo/park/64483/"
"53855","井之花弐番館駐車場","35.590373","139.464167","https://btimes.jp/tokyo/park/53855/"
"38826","ジュネスツルカワ駐車場","35.58475","139.482777","https://btimes.jp/tokyo/park/38826/"
"57759","小山町駐車場","35.59263","139.381833","https://btimes.jp/tokyo/park/57759/"
"47041","サクラの丘D駐車場","35.597249","139.37503","https://btimes.jp/tokyo/park/47041/"
"38528","町田市小山町　石井駐車場","35.592957","139.381726","https://btimes.jp/tokyo/park/38528/"
"47288","小山ヶ丘YM駐車場（５）","35.596996","139.375137","https://btimes.jp/tokyo/park/47288/"
"47287","小山ヶ丘YM駐車場（３）","35.597315","139.375148","https://btimes.jp/tokyo/park/47287/"
"44126","カーサカスターニャ駐車場","35.599601","139.448749","https://btimes.jp/tokyo/park/44126/"
"47676","グレースマンション駐車場","35.591792","139.451253","https://btimes.jp/tokyo/park/47676/"
"66445","キャッスルＴ２１駐車場","35.599348","139.465771","https://btimes.jp/tokyo/park/66445/"
"35245","五番館井之花駐車場","35.593484","139.463333","https://btimes.jp/tokyo/park/35245/"
"54426","片平駐車場","35.596882","139.48614","https://btimes.jp/kanagawa/park/54426/"
"35145","多摩ニュータウンシティハイツ南大沢駐車場","35.607783","139.3821","https://btimes.jp/tokyo/park/35145/"
"45602","多摩ニュータウンシティハイツ南大沢駐車場","35.608095","139.380784","https://btimes.jp/tokyo/park/45602/"
"40971","多摩ニュータウン豊ヶ丘駐車場","35.608279","139.438652","https://btimes.jp/tokyo/park/40971/"
"54248","多摩ニュータウン ベルコリーヌ南大沢駐車場","35.610437","139.377514","https://btimes.jp/tokyo/park/54248/"
"27269","シャンベール南大沢駐車場","35.616017","139.390349","https://btimes.jp/tokyo/park/27269/"
"40970","多摩ニュータウン豊ヶ丘駐車場","35.611765","139.43623","https://btimes.jp/tokyo/park/40970/"
"41019","多摩ニュータウン落合六丁目ハイツ団地駐車場","35.609692","139.42794","https://btimes.jp/tokyo/park/41019/"
"40969","多摩ニュータウン豊ヶ丘駐車場","35.612342","139.440129","https://btimes.jp/tokyo/park/40969/"
"45601","多摩ニュータウン豊ヶ丘駐車場","35.608533","139.438459","https://btimes.jp/tokyo/park/45601/"
"41122","サンデーズ２駐車場-南側-","35.612707","139.447219","https://btimes.jp/tokyo/park/41122/"
"35391","サンデーズ２駐車場-北側-","35.612845","139.447648","https://btimes.jp/tokyo/park/35391/"
"27329","シャンティ エクレ駐車場","35.620339","139.399384","https://btimes.jp/tokyo/park/27329/"
"27316","ユーフォリア松木駐車場","35.621227","139.397174","https://btimes.jp/tokyo/park/27316/"
"27346","ロイヤルウイング駐車場","35.620799","139.399301","https://btimes.jp/tokyo/park/27346/"
"51247","アーヴァンパレス松木駐車場","35.621668","139.393939","https://btimes.jp/tokyo/park/51247/"
"27338","ソレイユ多摩駐車場","35.62327","139.392763","https://btimes.jp/tokyo/park/27338/"
"35187","多摩ニュータウンコリナス長池駐車場","35.619736","139.406916","https://btimes.jp/tokyo/park/35187/"
"40067","多摩ニュータウンコリナス長池駐車場","35.619251","139.404822","https://btimes.jp/tokyo/park/40067/"
"36516","多摩センター第２駐車場","35.623943","139.433282","https://btimes.jp/tokyo/park/36516/"
"45600","多摩ニュータウン豊ヶ丘駐車場","35.61823","139.438262","https://btimes.jp/tokyo/park/45600/"
"40977","多摩ニュータウングリーンヒル豊ヶ丘駐車場","35.623286","139.438268","https://btimes.jp/tokyo/park/40977/"
"40978","多摩ニュータウングリーンヒル豊ヶ丘駐車場","35.622497","139.438386","https://btimes.jp/tokyo/park/40978/"
"62597","多摩ニュータウン諏訪駐車場","35.624119","139.456197","https://btimes.jp/tokyo/park/62597/"
"57790","南陽台1-25-5 駐車場","35.632499","139.37636","https://btimes.jp/tokyo/park/57790/"
"27325","フォーリア23駐車場","35.625085","139.408779","https://btimes.jp/tokyo/park/27325/"
"65845","ビクトリアパレス駐車場","35.62617","139.411126","https://btimes.jp/tokyo/park/65845/"
"65863","エスポワール駐車場","35.626528","139.410723","https://btimes.jp/tokyo/park/65863/"
"30144","重田駐車場","35.628222","139.413754","https://btimes.jp/tokyo/park/30144/"
"38678","重田駐車場","35.628222","139.413754","https://btimes.jp/tokyo/park/38678/"
"41727","重田駐車場","35.628222","139.413754","https://btimes.jp/tokyo/park/41727/"
"41729","重田駐車場","35.628222","139.413754","https://btimes.jp/tokyo/park/41729/"
"56520","エトワール多摩駐車場","35.630673","139.412696","https://btimes.jp/tokyo/park/56520/"
"47684","林パーキング","35.631527","139.417977","https://btimes.jp/tokyo/park/47684/"
"47674","アルス駐車場","35.632906","139.422327","https://btimes.jp/tokyo/park/47674/"
"55753","アーバンヒルズ愛宕駐車場","35.626573","139.434714","https://btimes.jp/tokyo/park/55753/"
"36547","永山第６駐車場","35.627261","139.444358","https://btimes.jp/tokyo/park/36547/"
"36521","永山第７駐車場","35.626943","139.442952","https://btimes.jp/tokyo/park/36521/"
"57799","【4番車室専用】永山動物病院裏駐車場","35.632241","139.452877","https://btimes.jp/tokyo/park/57799/"
"56818","【1番夜間専用】 永山動物病院裏","35.632301","139.45294","https://btimes.jp/tokyo/park/56818/"
"56786","【3番車室専用】永山動物病院裏駐車場","35.632258","139.452817","https://btimes.jp/tokyo/park/56786/"
"32406","コナカ多摩永山店駐車場","35.631423","139.450123","https://btimes.jp/tokyo/park/32406/"
"47681","石井百村駐車場","35.631814","139.495061","https://btimes.jp/tokyo/park/47681/"
"65553","麗風荘駐車場","35.641406","139.437833","https://btimes.jp/tokyo/park/65553/"
"65415","和田駐車場","35.638791","139.438072","https://btimes.jp/tokyo/park/65415/"
"65414","和田駐車場","35.63893","139.437932","https://btimes.jp/tokyo/park/65414/"
"40973","多摩ニュータウンメゾン聖ヶ丘-１駐車場","35.634235","139.45938","https://btimes.jp/tokyo/park/40973/"
"40972","多摩ニュータウンメゾン聖ヶ丘-１駐車場","35.634555","139.459529","https://btimes.jp/tokyo/park/40972/"
"65579","ユメゾン駐車場","35.649991","139.409322","https://btimes.jp/tokyo/park/65579/"
"57917","高幡台駐車場","35.647887","139.415447","https://btimes.jp/tokyo/park/57917/"
"57913","高幡台駐車場","35.64966","139.418773","https://btimes.jp/tokyo/park/57913/"
"57914","高幡台駐車場","35.648925","139.416544","https://btimes.jp/tokyo/park/57914/"
"57915","高幡台駐車場","35.646952","139.41413","https://btimes.jp/tokyo/park/57915/"
"57912","高幡台駐車場","35.649725","139.418125","https://btimes.jp/tokyo/park/57912/"
"57916","高幡台駐車場","35.647366","139.41408","https://btimes.jp/tokyo/park/57916/"
"42147","Berg Schokolade駐車場","35.647924","139.448092","https://btimes.jp/tokyo/park/42147/"
"27703","チェリーハイムＢ駐車場","35.649303","139.442348","https://btimes.jp/tokyo/park/27703/"
"40783","チェリーハイムA駐車場","35.649375","139.442412","https://btimes.jp/tokyo/park/40783/"
"28161","T1ハイム・アルバーニ駐車場","35.648829","139.455593","https://btimes.jp/tokyo/park/28161/"
"28105","ナチュール城山駐車場","35.643296","139.491946","https://btimes.jp/tokyo/park/28105/"
"50134","クレセント駐車場","35.653549","139.385273","https://btimes.jp/tokyo/park/50134/"
"55800","日野旭が丘予約式専用駐車場","35.653146","139.378534","https://btimes.jp/tokyo/park/55800/"
"63990","グラシア・フィス旭ヶ丘AB棟駐車場","35.654411","139.377265","https://btimes.jp/tokyo/park/63990/"
"64983","グラシア・フィス旭が丘C棟駐車場","35.654687","139.377177","https://btimes.jp/tokyo/park/64983/"
"62958","MFLP日野東口　駐車場","35.651823","139.375761","https://btimes.jp/tokyo/park/62958/"
"61017","タイラユースマンション第２駐車場","35.655811","139.397978","https://btimes.jp/tokyo/park/61017/"
"41376","ジオフラット南平駐車場","35.656011","139.398746","https://btimes.jp/tokyo/park/41376/"
"56482","日野市南平4丁目駐車場","35.656358","139.403191","https://btimes.jp/tokyo/park/56482/"
"56519","日野市南平4丁目駐車場（5・6番車室）","35.656341","139.403122","https://btimes.jp/tokyo/park/56519/"
"52691","ハイツ土方駐車場","35.656904","139.422331","https://btimes.jp/tokyo/park/52691/"
"46114","メゾン・アベニール駐車場","35.656396","139.427882","https://btimes.jp/tokyo/park/46114/"
"50766","タイムズ府中四谷第５駐車場","35.657324","139.454678","https://btimes.jp/tokyo/park/50766/"
"35251","T2ハイム・サウスランド駐車場","35.65509","139.463643","https://btimes.jp/tokyo/park/35251/"
"57261","多摩川","35.652296","139.486207","https://btimes.jp/tokyo/park/57261/"
"47411","マンスリー府中是政駐車場","35.657796","139.495439","https://btimes.jp/tokyo/park/47411/"
"56234","【居住者用】多摩平の森駐車場","35.660753","139.38564","https://btimes.jp/tokyo/park/56234/"
"56233","【居住者用】多摩平の森駐車場","35.661327","139.384025","https://btimes.jp/tokyo/park/56233/"
"59898","エルシエロ駐車場","35.663157","139.405241","https://btimes.jp/tokyo/park/59898/"
"44681","グランビュー万願寺駐車場","35.665233","139.422119","https://btimes.jp/tokyo/park/44681/"
"65573","セントビュー２１駐車場","35.665457","139.422217","https://btimes.jp/tokyo/park/65573/"
"42564","T2ハイム・ガーデニア駐車場","35.658796","139.460077","https://btimes.jp/tokyo/park/42564/"
"29186","府中市分梅町３丁目　NEC正門前駐車場","35.663748","139.461662","https://btimes.jp/tokyo/park/29186/"
"62823","プレジール駐車場","35.661758","139.461052","https://btimes.jp/tokyo/park/62823/"
"32565","タイムズ分倍河原駐車場","35.662419","139.473686","https://btimes.jp/tokyo/park/32565/"
"31618","東府中マンション駐車場","35.666455","139.499583","https://btimes.jp/tokyo/park/31618/"
"39567","多摩平7-15-1駐車場","35.667042","139.389742","https://btimes.jp/tokyo/park/39567/"
"41669","大坂上1丁目3-7　戸建駐車場","35.672506","139.393375","https://btimes.jp/tokyo/park/41669/"
"29845","日野546-8駐車場","35.672908","139.406766","https://btimes.jp/tokyo/park/29845/"
"44677","万願寺2丁目駅近　砂利駐車場","35.669076","139.424272","https://btimes.jp/tokyo/park/44677/"
"66113","ピアコート1・2駐車場","35.671824","139.420295","https://btimes.jp/tokyo/park/66113/"
"40621","プレリュード21駐車場","35.671093","139.425796","https://btimes.jp/tokyo/park/40621/"
"66115","パナハイツフィールド駐車場","35.667577","139.42563","https://btimes.jp/tokyo/park/66115/"
"53080","谷保月極駐車場","35.670577","139.446998","https://btimes.jp/tokyo/park/53080/"
"43331","日新町2丁目　セサミ駐車場","35.667691","139.455154","https://btimes.jp/tokyo/park/43331/"
"45267","国立市谷保　関孫酒店駐車場","35.674741","139.451786","https://btimes.jp/tokyo/park/45267/"
"44485","グランドールIII駐車場","35.668072","139.472087","https://btimes.jp/tokyo/park/44485/"
"52904","グランドールIII駐車場（砂利部分）","35.668083","139.472205","https://btimes.jp/tokyo/park/52904/"
"29317","府中市本宿町３丁目　グランシード府中駐車場","35.671116","139.465905","https://btimes.jp/tokyo/park/29317/"
"62866","本宿町4-5-3グランドステータス府中本宿駐車場","35.671058","139.465003","https://btimes.jp/tokyo/park/62866/"
"52903","グランドールII駐車場","35.669491","139.472632","https://btimes.jp/tokyo/park/52903/"
"29164","府中市本宿町２丁目　フレイグラントオリーブ駐車場","35.669626","139.464938","https://btimes.jp/tokyo/park/29164/"
"29316","府中市本宿町３丁目　K's SQUARE駐車場","35.67117","139.465047","https://btimes.jp/tokyo/park/29316/"
"35772","府中町1丁目　砂利駐車場","35.673915","139.48471","https://btimes.jp/tokyo/park/35772/"
"45545","タイムズ日野駅東口駐車場","35.675078","139.398305","https://btimes.jp/tokyo/park/45545/"
"53216","リッツハウス駐車場","35.677038","139.40194","https://btimes.jp/tokyo/park/53216/"
"3316","日野第２駐車場","35.676951","139.407508","https://btimes.jp/tokyo/park/3316/"
"54133","サンモール国立駐車場","35.680319","139.456155","https://btimes.jp/tokyo/park/54133/"
"52469","西原町４丁目パーキング","35.680957","139.457026","https://btimes.jp/tokyo/park/52469/"
"41611","国立富士見台1丁目駐車場","35.678862","139.453447","https://btimes.jp/tokyo/park/41611/"
"43571","RAFINE駐車場","35.681987","139.462278","https://btimes.jp/tokyo/park/43571/"
"44459","エーデルハイツ駐車場","35.682344","139.482149","https://btimes.jp/tokyo/park/44459/"
"45287","立川メモリアルホール第2駐車場","35.690228","139.391432","https://btimes.jp/tokyo/park/45287/"
"44405","メゾンひばり駐車場","35.688778","139.388788","https://btimes.jp/tokyo/park/44405/"
"40696","柴崎町5丁目　駐車場","35.685487","139.404372","https://btimes.jp/tokyo/park/40696/"
"60773","FKリブリ・こだま錦町駐車場","35.68644","139.417444","https://btimes.jp/tokyo/park/60773/"
"2720","立川錦町第１９駐車場","35.69086","139.419445","https://btimes.jp/tokyo/park/2720/"
"32580","タイムズ立川柴崎町３丁目駐車場","35.689245","139.413598","https://btimes.jp/tokyo/park/32580/"
"52088","ユメックスGL南武線沿い駐車場","35.688087","139.427773","https://btimes.jp/tokyo/park/52088/"
"66116","バンベール国立駐車場","35.68717","139.43106","https://btimes.jp/tokyo/park/66116/"
"31027","ヴァンテアン国立駐車場","35.687308","139.439657","https://btimes.jp/tokyo/park/31027/"
"45869","学園通り西駐車場","35.687129","139.438681","https://btimes.jp/tokyo/park/45869/"
"8014","Ｍ＆Ａプアラニ駐車場","35.687341","139.484896","https://btimes.jp/tokyo/park/8014/"
"8013","Ｍ＆Ａウェリナ駐車場","35.68748","139.484907","https://btimes.jp/tokyo/park/8013/"
"39591","メゾンピュイ駐車場","35.684195","139.476373","https://btimes.jp/tokyo/park/39591/"
"65578","グリーンフィールド駐車場","35.690212","139.498061","https://btimes.jp/tokyo/park/65578/"
"60112","金窓様駐車場","35.689612","139.491885","https://btimes.jp/tokyo/park/60112/"
"35828","シティハイムアンサンブル駐車場","35.691602","139.492423","https://btimes.jp/tokyo/park/35828/"
"53976","トミーバイクパーキング昭島福島町","35.697222","139.385888","https://btimes.jp/tokyo/park/53976/"
"28084","パルハウス駐車場","35.694146","139.391507","https://btimes.jp/tokyo/park/28084/"
"59524","FKリブリ・ルミエールメゾン駐車場","35.697471","139.396319","https://btimes.jp/tokyo/park/59524/"
"57255","立川富士見町","35.694701","139.40555","https://btimes.jp/tokyo/park/57255/"
"46011","OSビル機械式駐車場","35.692208","139.417306","https://btimes.jp/tokyo/park/46011/"
"40187","ウィステリアパーキング（3番車室専用）","35.698369","139.423072","https://btimes.jp/tokyo/park/40187/"
"60306","ウィステリアパーキング（2番車室専用）","35.698421","139.423001","https://btimes.jp/tokyo/park/60306/"
"42936","ボアソルテ駐車場","35.696052","139.414088","https://btimes.jp/tokyo/park/42936/"
"45562","プラザシティ立川駐車場","35.698015","139.414296","https://btimes.jp/tokyo/park/45562/"
"48772","ウィステリアパーキング（5番車室専用）","35.698369","139.423072","https://btimes.jp/tokyo/park/48772/"
"54413","ウィステリアパーキング（1番車室専用）","35.698369","139.423072","https://btimes.jp/tokyo/park/54413/"
"53426","ヘーベル国立駐車場（国立市西2丁目7-24）","35.69181","139.435161","https://btimes.jp/tokyo/park/53426/"
"35151","アートアべニュー立川駐車場","35.696684","139.427294","https://btimes.jp/tokyo/park/35151/"
"30121","タイムズ国立中１丁目第３駐車場","35.694729","139.444089","https://btimes.jp/tokyo/park/30121/"
"30129","国立中１丁目第３駐車場","35.694743","139.444091","https://btimes.jp/tokyo/park/30129/"
"60656","ルグラン国立駐車場","35.699316","139.459233","https://btimes.jp/tokyo/park/60656/"
"47053","JAパーキング国分寺126駐車場","35.699044","139.46196","https://btimes.jp/tokyo/park/47053/"
"50868","タイムズ国立東ＫＲ・Ｐｈｉｌｉａ駐車場","35.693953","139.453544","https://btimes.jp/tokyo/park/50868/"
"51240","タイムズ国立東KR・Philia駐車場","35.693966","139.453474","https://btimes.jp/tokyo/park/51240/"
"40982","西国分寺ゆかり参番街駐車場","35.693669","139.471508","https://btimes.jp/tokyo/park/40982/"
"40983","西国分寺ゆかり参番街駐車場","35.693525","139.471032","https://btimes.jp/tokyo/park/40983/"
"36439","カーサカルテット駐車場","35.694292","139.468704","https://btimes.jp/tokyo/park/36439/"
"40917","スーペリアフラット国分寺駐車場 ","35.693165","139.462896","https://btimes.jp/tokyo/park/40917/"
"48705","エーデルハイム小金井　第二駐車場","35.693778","139.494341","https://btimes.jp/tokyo/park/48705/"
"25934","国分寺本町1駐車場","35.69799","139.487999","https://btimes.jp/tokyo/park/25934/"
"47487","エーデルハイム小金井駐車場","35.69346","139.494786","https://btimes.jp/tokyo/park/47487/"
"57147","【バイク専用】中神駅前","35.705766","139.379625","https://btimes.jp/tokyo/park/57147/"
"36042","立川湯屋敷　梅の湯駐車場","35.700131","139.419619","https://btimes.jp/tokyo/park/36042/"
"64588","高松町２丁目駐車場","35.702987","139.424873","https://btimes.jp/tokyo/park/64588/"
"41815","立川市高松町2丁目駐車場","35.704338","139.42335","https://btimes.jp/tokyo/park/41815/"
"46051","タマリクスB駐車場","35.707132","139.428834","https://btimes.jp/tokyo/park/46051/"
"46050","タマリクスA駐車場","35.707224","139.428816","https://btimes.jp/tokyo/park/46050/"
"39650","メンバーズタウン国立第2駐車場","35.707866","139.43669","https://btimes.jp/tokyo/park/39650/"
"39648","メンバーズタウン国立駐車場","35.707849","139.43772","https://btimes.jp/tokyo/park/39648/"
"46049","グリーンヒルマンションIIーB駐車場","35.704229","139.445877","https://btimes.jp/tokyo/park/46049/"
"36230","グランディオ島駐車場","35.703663","139.438523","https://btimes.jp/tokyo/park/36230/"
"36268","グランディオ島駐車場","35.703663","139.438523","https://btimes.jp/tokyo/park/36268/"
"57269","東恋ヶ窪","35.706341","139.469766","https://btimes.jp/tokyo/park/57269/"
"36682","恋ヶ窪駅前駐車場","35.70768","139.468071","https://btimes.jp/tokyo/park/36682/"
"45736","JAパーキング国分寺123","35.703774","139.471488","https://btimes.jp/tokyo/park/45736/"
"60077","【当駐車場は7/8より利用できません。隣の恋ヶ窪駅前をご利用ください】クローバー駐車場","35.707549","139.468116","https://btimes.jp/tokyo/park/60077/"
"51017","JAパーキング国分寺56駐車場","35.703597","139.478432","https://btimes.jp/tokyo/park/51017/"
"49639","JAパーキング国分寺２９駐車場","35.705641","139.478707","https://btimes.jp/tokyo/park/49639/"
"51974","マフ駐車場","35.700513","139.491382","https://btimes.jp/tokyo/park/51974/"
"42142","グランドメゾン栄駐車場","35.710319","139.428182","https://btimes.jp/tokyo/park/42142/"
"41225","ソシアル並木駐車場","35.711147","139.458852","https://btimes.jp/tokyo/park/41225/"
"40845","ノア駐車場","35.711379","139.458899","https://btimes.jp/tokyo/park/40845/"
"41223","エントピアＹＫ駐車場","35.711746","139.458918","https://btimes.jp/tokyo/park/41223/"
"64756","プチ・ボヌール恋ヶ窪駐車場","35.709999","139.468745","https://btimes.jp/tokyo/park/64756/"
"57265","東戸倉","35.712432","139.470266","https://btimes.jp/tokyo/park/57265/"
"45467","ファミール恋ヶ窪駐車場","35.711435","139.467794","https://btimes.jp/tokyo/park/45467/"
"50098","JAパーキング国分寺32駐車場","35.712251","139.465923","https://btimes.jp/tokyo/park/50098/"
"49638","JAパーキング国分寺１２駐車場","35.710555","139.474816","https://btimes.jp/tokyo/park/49638/"
"38359","JAパーキング国分寺80","35.710307","139.464739","https://btimes.jp/tokyo/park/38359/"
"57256","上水本町","35.716023","139.470475","https://btimes.jp/tokyo/park/57256/"
"66038","上水新町1-10 Mパーキング","35.721889","139.439864","https://btimes.jp/tokyo/park/66038/"
"63853","上水新町1-7-16ウェストウィング駐車場","35.721804","139.439003","https://btimes.jp/tokyo/park/63853/"
"40881","プレステージパレスII駐車場","35.719908","139.45155","https://btimes.jp/tokyo/park/40881/"
"25631","鷹の台第５駐車場","35.722784","139.460854","https://btimes.jp/tokyo/park/25631/"
"27618","PRINTEMPS駐車場","35.721624","139.452494","https://btimes.jp/tokyo/park/27618/"
"64708","小平市津田町2-23駐車場","35.722237","139.471484","https://btimes.jp/tokyo/park/64708/"
"54723","シティーホーム鷹の台駐車場","35.722419","139.466362","https://btimes.jp/tokyo/park/54723/"
"32572","タイムズ武蔵砂川駅前駐車場","35.725348","139.394728","https://btimes.jp/tokyo/park/32572/"
"66114","ラメール立川駐車場","35.726447","139.400567","https://btimes.jp/tokyo/park/66114/"
"48595","コリーナベルデA駐車場","35.729652","139.447445","https://btimes.jp/tokyo/park/48595/"
"55540","JAパーキング小平106","35.727499","139.453682","https://btimes.jp/tokyo/park/55540/"
"55541","JAパーキング小平106","35.727499","139.453682","https://btimes.jp/tokyo/park/55541/"
"38310","JAパーキング小平2","35.730471","139.45162","https://btimes.jp/tokyo/park/38310/"
"41365","小平市栄町2丁目　戸建駐車場","35.73033","139.450985","https://btimes.jp/tokyo/park/41365/"
"30847","小川町2丁目1143番地2号キャッスル滝沢駐車場","35.726715","139.470069","https://btimes.jp/tokyo/park/30847/"
"59376","小川町2-1237-15駐車場","35.725742","139.474681","https://btimes.jp/tokyo/park/59376/"
"41973","新小平クリニック駐車場","35.728683","139.472704","https://btimes.jp/tokyo/park/41973/"
"28017","Maison Blanche T&C駐車場","35.731965","139.464291","https://btimes.jp/tokyo/park/28017/"
"38812","AOKI小平店駐車場","35.730013","139.469109","https://btimes.jp/tokyo/park/38812/"
"56320","小平小川町２丁目駐車場","35.728997","139.475452","https://btimes.jp/tokyo/park/56320/"
"35258","ブルックイーストマンション駐車場","35.729078","139.477051","https://btimes.jp/tokyo/park/35258/"
"32248","小平市仲町　マンスリー小平駅南駐車場","35.730736","139.490896","https://btimes.jp/tokyo/park/32248/"
"28341","小平市仲町　鈴木駐車場","35.729683","139.489068","https://btimes.jp/tokyo/park/28341/"
"41056","ルミエールミツトヨ駐車場","35.739475","139.377348","https://btimes.jp/tokyo/park/41056/"
"47206","カラオケ館 武蔵村山店駐車場","35.737234","139.397414","https://btimes.jp/tokyo/park/47206/"
"65290","メゾン榎駐車場","35.737932","139.394893","https://btimes.jp/tokyo/park/65290/"
"65291","メゾン榎駐車場","35.737932","139.394893","https://btimes.jp/tokyo/park/65291/"
"43527","カサベルデ上北台駐車場","35.738264","139.414736","https://btimes.jp/tokyo/park/43527/"
"65486","ポワロビル駐車場","35.739191","139.434105","https://btimes.jp/tokyo/park/65486/"
"65448","中央2-1101-11中央マンション駐車場","35.740069","139.434362","https://btimes.jp/tokyo/park/65448/"
"36810","富士見湯駐車場","35.734026","139.433184","https://btimes.jp/tokyo/park/36810/"
"38307","ポワロビル第３駐車場","35.738878","139.434828","https://btimes.jp/tokyo/park/38307/"
"65487","ポワロビル駐車場","35.739191","139.434105","https://btimes.jp/tokyo/park/65487/"
"60111","タイムズマンスリー東大和仲原駐車場","35.740034","139.440666","https://btimes.jp/tokyo/park/60111/"
"53351","仲原3-12-25駐車場","35.741325","139.44205","https://btimes.jp/tokyo/park/53351/"
"65879","新堀2-1471-13クロシェット、ベルツリー新堀","35.734423","139.450839","https://btimes.jp/tokyo/park/65879/"
"40136","JAパーキング小平75","35.739","139.497886","https://btimes.jp/tokyo/park/40136/"
"40741","JAパーキング小平98","35.739621","139.497645","https://btimes.jp/tokyo/park/40741/"
"47366","中央1-3-26戸建駐車場","35.742378","139.436536","https://btimes.jp/tokyo/park/47366/"
"66133","カーサ駐車場","35.745734","139.432407","https://btimes.jp/tokyo/park/66133/"
"66134","グレイス駐車場","35.745566","139.431864","https://btimes.jp/tokyo/park/66134/"
"41603","JAパーキング小平52","35.742193","139.499502","https://btimes.jp/tokyo/park/41603/"
"66135","サニーコーポ駐車場","35.748337","139.491705","https://btimes.jp/tokyo/park/66135/"
"66136","コーポのざき駐車場","35.749938","139.487865","https://btimes.jp/tokyo/park/66136/"
"35874","県営住宅専用駐車場","35.781291","139.433803","https://btimes.jp/saitama/park/35874/"
"65419","Ｐ所沢山口－０２駐車場","35.779609","139.444296","https://btimes.jp/saitama/park/65419/"
"29376","サンライズハイム駐車場","35.784557","139.451957","https://btimes.jp/saitama/park/29376/"
"41801","グローリーハイム駐車場","35.778747","139.446231","https://btimes.jp/saitama/park/41801/"
"48750","所沢山口駐車場","35.781032","139.450958","https://btimes.jp/saitama/park/48750/"
"58485","フォレストハイム駐車場","35.775614","139.444769","https://btimes.jp/saitama/park/58485/"
"59197","下山口駅前駐車場","35.775535","139.44452","https://btimes.jp/saitama/park/59197/"
"40529","TMパーク小手指駐車場","35.801939","139.434826","https://btimes.jp/saitama/park/40529/"
"54242","セレーノ彩都3駐車場","35.778885","139.4544","https://btimes.jp/saitama/park/54242/"
"39661","上山口81-30駐車場","35.774886","139.428867","https://btimes.jp/saitama/park/39661/"
"41204","北中ドリームプラン駐車場","35.8047","139.433229","https://btimes.jp/saitama/park/41204/"
"39380","上山口358近く駐車場","35.775037","139.42559","https://btimes.jp/saitama/park/39380/"
"38485","上山口358駐車場","35.774591","139.424877","https://btimes.jp/saitama/park/38485/"
"65687","リヴェールパルテノ駐車場","35.800859","139.458996","https://btimes.jp/saitama/park/65687/"
"65806","リヴェールパルテノ駐車場","35.800859","139.458996","https://btimes.jp/saitama/park/65806/"
"59198","上野駐車場","35.772498","139.42507","https://btimes.jp/saitama/park/59198/"
"38483","上山口1252駐車場","35.774353","139.421146","https://btimes.jp/saitama/park/38483/"
"38772","上山口1680-6駐車場","35.771533","139.423964","https://btimes.jp/saitama/park/38772/"
"59196","ベルーナドーム下パーキング","35.770814","139.424899","https://btimes.jp/saitama/park/59196/"
"65344","プロパティ所沢駐車場","35.79892","139.465007","https://btimes.jp/saitama/park/65344/"
"3358","西武球場前トラットリア・アドリアーノ駐車場","35.769281","139.418075","https://btimes.jp/saitama/park/3358/"
"3359","西武球場前トラットリア・アドリアーノ駐車場","35.769281","139.418075","https://btimes.jp/saitama/park/3359/"
"3360","西武球場前トラットリア・アドリアーノ駐車場","35.769281","139.418075","https://btimes.jp/saitama/park/3360/"
"63512","北斗第25駐車場","35.781835","139.476809","https://btimes.jp/saitama/park/63512/"
"45590","和亭 武駐車場","35.803516","139.408564","https://btimes.jp/saitama/park/45590/"
"27638","シティハイム梅田A駐車場","35.757393","139.448105","https://btimes.jp/tokyo/park/27638/"
"45729","ガネーシャ所沢駐車場","35.777445","139.479296","https://btimes.jp/saitama/park/45729/"
"29183","クレール駐車場","35.762832","139.468367","https://btimes.jp/tokyo/park/29183/"
"43537","グランシャリオ駐車場","35.779112","139.481339","https://btimes.jp/saitama/park/43537/"
"53940","Ｐ所沢神米金-０１駐車場","35.817822","139.465381","https://btimes.jp/saitama/park/53940/"
"42138","キャメル武蔵藤沢駐車場","35.819285","139.415935","https://btimes.jp/saitama/park/42138/"
"41494","ハイツ・YS駐車場","35.795996","139.491181","https://btimes.jp/saitama/park/41494/"
"46912","タイムズ入曽第２駐車場","35.829354","139.429566","https://btimes.jp/saitama/park/46912/"
"51209","ジュヌ・ヴィラージュ駐車場","35.77962","139.498696","https://btimes.jp/saitama/park/51209/"
"51308","Ｐ所沢中富南-０１駐車場","35.806737","139.497072","https://btimes.jp/saitama/park/51308/"
"64082","Ｐ入間扇町屋-０３駐車場","35.828035","139.388018","https://btimes.jp/saitama/park/64082/"
"64520","武蔵村山市三ツ木1-53駐車場","35.754617","139.378064","https://btimes.jp/tokyo/park/64520/"
"48652","クレール小手指駐車場","35.793259","139.444258","https://btimes.jp/saitama/park/48652/"
"35832","クレールとば駐車場","35.783015","139.432084","https://btimes.jp/saitama/park/35832/"
"65702","Ｐ所沢山口－０２駐車場","35.779609","139.444296","https://btimes.jp/saitama/park/65702/"
"45518","小手指駅前駐車場","35.799439","139.441173","https://btimes.jp/saitama/park/45518/"
"41606","タイムズ所沢緑町駐車場","35.796902","139.453276","https://btimes.jp/saitama/park/41606/"
"42276","荒幡134-22駐車場","35.779328","139.456753","https://btimes.jp/saitama/park/42276/"
"40619","シティハイムスカイ駐車場","35.771611","139.432718","https://btimes.jp/saitama/park/40619/"
"47402","タイムズ新所沢第４駐車場","35.800745","139.460323","https://btimes.jp/saitama/park/47402/"
"47596","タイムズ新所沢第３駐車場","35.804275","139.457133","https://btimes.jp/saitama/park/47596/"
"1656","【バイク専用】タイムズ新所沢第１０駐車場","35.803356","139.460024","https://btimes.jp/saitama/park/1656/"
"60394","【軽専用】ウェルストーン駐車場","35.794176","139.469047","https://btimes.jp/saitama/park/60394/"
"30122","タイムズ狭山ヶ丘第２駐車場","35.807861","139.421723","https://btimes.jp/saitama/park/30122/"
"47567","西狭山ケ丘１丁目駐車場","35.800665","139.412743","https://btimes.jp/saitama/park/47567/"
"55413","テレパレス所沢駐車場","35.789376","139.477111","https://btimes.jp/saitama/park/55413/"
"54708","東村山市諏訪町1丁目駐車場","35.769228","139.474021","https://btimes.jp/tokyo/park/54708/"
"54709","東村山市諏訪町1丁目駐車場","35.769228","139.474021","https://btimes.jp/tokyo/park/54709/"
"61140","ゼロパーキング野口町３丁目","35.758183","139.458526","https://btimes.jp/tokyo/park/61140/"
"55517","Ｐ所沢東新井町-０１駐車場","35.792929","139.482385","https://btimes.jp/saitama/park/55517/"
"32865","マンスリー東大和清水駐車場","35.751272","139.44718","https://btimes.jp/tokyo/park/32865/"
"51438","Ｐ所沢中新井-０１駐車場","35.812752","139.475982","https://btimes.jp/saitama/park/51438/"
"45517","ヴィレッジ品原駐車場","35.750733","139.447805","https://btimes.jp/tokyo/park/45517/"
"55488","東村山本町１丁目駐車場","35.752523","139.469487","https://btimes.jp/tokyo/park/55488/"
"57258","新秋津変電所","35.758507","139.4854","https://btimes.jp/tokyo/park/57258/"
"63619","新秋津北","35.777995","139.499309","https://btimes.jp/saitama/park/63619/"
"995","南大塚駅北口第２駐車場","35.887452","139.458115","https://btimes.jp/saitama/park/995/"
"50732","光マンション旭野駐車場","35.887296","139.461921","https://btimes.jp/saitama/park/50732/"
"51931","光マンション旭野駐車場","35.887296","139.461921","https://btimes.jp/saitama/park/51931/"
"49564","P狭山柏原-０８駐車場","35.887079","139.416838","https://btimes.jp/saitama/park/49564/"
"50581","Ｐ狭山入間川－０１駐車場","35.847782","139.430246","https://btimes.jp/saitama/park/50581/"
"49562","Ｐ狭山柏原-０２駐車場","35.888131","139.416172","https://btimes.jp/saitama/park/49562/"
"42115","富士見２丁目駐車場","35.842611","139.427554","https://btimes.jp/saitama/park/42115/"
"3264","笠幡駐車場","35.901833","139.417943","https://btimes.jp/saitama/park/3264/"
"48814","P狭山広瀬東-０５駐車場","35.860059","139.396699","https://btimes.jp/saitama/park/48814/"
"48815","P狭山広瀬東-０６駐車場","35.860018","139.396255","https://btimes.jp/saitama/park/48815/"
"50582","Ｐ狭山広瀬東－０３駐車場","35.86101","139.395751","https://btimes.jp/saitama/park/50582/"
"48806","P川越中台元町-０１駐車場","35.888462","139.483236","https://btimes.jp/saitama/park/48806/"
"29189","三栄川越駐車場","35.891736","139.484855","https://btimes.jp/saitama/park/29189/"
"52622","ドラッグセイムス川越新宿店駐車場","35.89794","139.47978","https://btimes.jp/saitama/park/52622/"
"48805","P川越中台元町-０２駐車場","35.888563","139.487705","https://btimes.jp/saitama/park/48805/"
"51294","Ｐふじみ野亀久保ー０７駐車場","35.854722","139.48864","https://btimes.jp/saitama/park/51294/"
"50851","かわむら月極駐車場駐車場","35.883604","139.491296","https://btimes.jp/saitama/park/50851/"
"27701","新河岸レジデンス駐車場","35.883083","139.491946","https://btimes.jp/saitama/park/27701/"
"51439","Ｐ川越下赤坂-０１駐車場","35.847793","139.490105","https://btimes.jp/saitama/park/51439/"
"49534","Ｐ川越下松原-０１駐車場","35.861437","139.498348","https://btimes.jp/saitama/park/49534/"
"35162","入間駅前プラザ駐車場","35.836409","139.395994","https://btimes.jp/saitama/park/35162/"
"35455","神南コーポ駐車場","35.907649","139.487835","https://btimes.jp/saitama/park/35455/"
"52517","Ｐ川越岸町-０１駐車場","35.899521","139.495866","https://btimes.jp/saitama/park/52517/"
"49558","Ｐ狭山笹井-０６駐車場","35.84921","139.382015","https://btimes.jp/saitama/park/49558/"
"55519","Ｐ川越笠幡-０２駐車場","35.905754","139.390536","https://btimes.jp/saitama/park/55519/"
"51059","仙波町2-1-13駐車場","35.905967","139.491772","https://btimes.jp/saitama/park/51059/"
"47536","Ｐ入間高倉－０１駐車場","35.837406","139.387884","https://btimes.jp/saitama/park/47536/"
"47297","Ｐ三芳上富-０８駐車場","35.834628","139.496993","https://btimes.jp/saitama/park/47297/"
"32805","【軽専用】タイムズ新狭山第５駐車場","35.869037","139.437946","https://btimes.jp/saitama/park/32805/"
"48817","P狭山上奥富-０２駐車場","35.865897","139.427712","https://btimes.jp/saitama/park/48817/"
"51109","Ｐ狭山市狭山-０３駐車場","35.865133","139.425665","https://btimes.jp/saitama/park/51109/"
"49194","タイムズ狭山台第一住宅駐車場","35.854091","139.436258","https://btimes.jp/saitama/park/49194/"
"51476","Ｐ狭山中央-０７駐車場","35.855837","139.429461","https://btimes.jp/saitama/park/51476/"
"49559","Ｐ狭山中央-０４駐車場","35.853001","139.426695","https://btimes.jp/saitama/park/49559/"
"51110","Ｐ狭山中央-０３駐車場","35.854181","139.424505","https://btimes.jp/saitama/park/51110/"
"50580","Ｐ狭山柏原－０６駐車場","35.879127","139.414907","https://btimes.jp/saitama/park/50580/"
"53211","Ｐ狭山中央-１１駐車場","35.852302","139.426232","https://btimes.jp/saitama/park/53211/"
"51477","Ｐ狭山中央-０９駐車場","35.849645","139.432614","https://btimes.jp/saitama/park/51477/"
"48424","タイムズ狭山市駅東口駐車場","35.853005","139.417604","https://btimes.jp/saitama/park/48424/"
"50904","Amico della luna駐車場","35.847173","139.420551","https://btimes.jp/saitama/park/50904/"
"48407","P狭山富士見-０７駐車場","35.846343","139.422045","https://btimes.jp/saitama/park/48407/"
"47300","Ｐ狭山柏原-１２駐車場","35.866183","139.403907","https://btimes.jp/saitama/park/47300/"
"48816","P狭山広瀬東-０２駐車場","35.863137","139.39885","https://btimes.jp/saitama/park/48816/"
"42326","シティハイムアネックス駐車場","35.906988","139.421559","https://btimes.jp/saitama/park/42326/"
"57721","シティハイムアネックス駐車場","35.906988","139.421559","https://btimes.jp/saitama/park/57721/"
"47529","Ｐ狭山広瀬ー０１駐車場","35.853929","139.397898","https://btimes.jp/saitama/park/47529/"
"47669","Ｐ狭山広瀬ー０１駐車場","35.853929","139.397898","https://btimes.jp/saitama/park/47669/"
"53751","Ｐ川越中台元町-０４駐車場","35.887582","139.485595","https://btimes.jp/saitama/park/53751/"
"54001","Ｐ川越中台元町-０４駐車場","35.887582","139.485595","https://btimes.jp/saitama/park/54001/"
"31096","本郷不動産駐車場","35.905442","139.412823","https://btimes.jp/saitama/park/31096/"
"51441","Ｐ川越的場-０３駐車場","35.915401","139.445376","https://btimes.jp/saitama/park/51441/"
"51442","Ｐ川越的場-０３駐車場","35.915401","139.445376","https://btimes.jp/saitama/park/51442/"
"51443","Ｐ川越的場-０４駐車場","35.915636","139.445707","https://btimes.jp/saitama/park/51443/"
"43410","ベルスオーノ駐車場","35.90589","139.47535","https://btimes.jp/saitama/park/43410/"
"43409","メゾンハピネス壱番館駐車場","35.905979","139.475463","https://btimes.jp/saitama/park/43409/"
"51444","Ｐ川越的場-０５駐車場","35.915437","139.450656","https://btimes.jp/saitama/park/51444/"
"51445","Ｐ川越的場-０５駐車場","35.915437","139.450656","https://btimes.jp/saitama/park/51445/"
"51446","Ｐ川越的場-０６駐車場","35.915541","139.450953","https://btimes.jp/saitama/park/51446/"
"48416","P狭山鵜ノ木-０３駐車場","35.845225","139.39578","https://btimes.jp/saitama/park/48416/"
"29100","タイムズ川越脇田本町第５駐車場","35.903769","139.480357","https://btimes.jp/saitama/park/29100/"
"52520","Ｐ川越砂新田-０１駐車場","35.876882","139.496995","https://btimes.jp/saitama/park/52520/"
"52521","Ｐ川越砂新田-０１駐車場","35.876882","139.496995","https://btimes.jp/saitama/park/52521/"
"41375","サニーウェル駐車場","35.90031","139.485522","https://btimes.jp/saitama/park/41375/"
"53953","Ｐ入間河原町-０３駐車場","35.84086","139.390644","https://btimes.jp/saitama/park/53953/"
"50584","Ｐ狭山笹井－０３駐車場","35.849476","139.380976","https://btimes.jp/saitama/park/50584/"
"53212","Ｐ入間鍵山-０１駐車場","35.840337","139.387047","https://btimes.jp/saitama/park/53212/"
"45465","タイムズ入間第３駐車場","35.835298","139.391874","https://btimes.jp/saitama/park/45465/"
"47385","タイムズ入間第５駐車場","35.834919","139.392008","https://btimes.jp/saitama/park/47385/"
"47537","Ｐ入間高倉－０１駐車場","35.837406","139.387884","https://btimes.jp/saitama/park/47537/"
"39639","仙波ＳＳパーキング","35.907856","139.492531","https://btimes.jp/saitama/park/39639/"
"47535","Ｐ入間宮前町-０１駐車場","35.842316","139.381831","https://btimes.jp/saitama/park/47535/"
"60376","FK志村コーポ駐車場","35.906687","139.384148","https://btimes.jp/saitama/park/60376/"
"47538","P入間高倉-０２駐車場","35.836913","139.383579","https://btimes.jp/saitama/park/47538/"
"47831","P入間高倉-０２駐車場","35.836913","139.383579","https://btimes.jp/saitama/park/47831/"
"33847","タイムズ川越西小仙波町駐車場","35.913474","139.49059","https://btimes.jp/saitama/park/33847/"
"48516","戸口歯科医院駐車場","35.915317","139.489327","https://btimes.jp/saitama/park/48516/"
"53942","Ｐ川越小仙波町-０１駐車場","35.910805","139.496601","https://btimes.jp/saitama/park/53942/"
"53947","Ｐ三芳上富-０７駐車場","35.833579","139.498901","https://btimes.jp/saitama/park/53947/"
"35146","東坂戸駐車場","35.949248","139.441716","https://btimes.jp/saitama/park/35146/"
"55820","中小坂762-6駐車場","35.945236","139.441914","https://btimes.jp/saitama/park/55820/"
"49538","Ｐ川越小堤ー０１駐車場","35.934468","139.440607","https://btimes.jp/saitama/park/49538/"
"49539","Ｐ川越小堤-０２駐車場","35.934468","139.44096","https://btimes.jp/saitama/park/49539/"
"49541","Ｐ川越小堤-０４駐車場","35.931313","139.440939","https://btimes.jp/saitama/park/49541/"
"51966","若葉駅前ハイツ駐車場","35.946969","139.412897","https://btimes.jp/saitama/park/51966/"
"65690","ルマシャンテ駐車場","35.964183","139.410679","https://btimes.jp/saitama/park/65690/"
"43425","プロロジスパーク川島駐車場","35.985478","139.461363","https://btimes.jp/saitama/park/43425/"
"47335","川越上寺山駐車場","35.929115","139.471624","https://btimes.jp/saitama/park/47335/"
"65109","坂戸市日の出町駐車場","35.955095","139.395253","https://btimes.jp/saitama/park/65109/"
"47295","Ｐ川越吉田新町-０１駐車場","35.920477","139.424646","https://btimes.jp/saitama/park/47295/"
"51970","北坂戸団地駐車場","35.967158","139.395324","https://btimes.jp/saitama/park/51970/"
"51971","北坂戸団地駐車場","35.967594","139.395449","https://btimes.jp/saitama/park/51971/"
"41826","ティーゲル駐車場","35.944363","139.392442","https://btimes.jp/saitama/park/41826/"
"51108","Ｐ鶴ケ島南町-０１駐車場","35.921697","139.411851","https://btimes.jp/saitama/park/51108/"
"53943","Ｐ川越神明町-０１駐車場","35.927912","139.482355","https://btimes.jp/saitama/park/53943/"
"53377","Ｐ鶴ケ島下新田-０１駐車場","35.943476","139.386938","https://btimes.jp/saitama/park/53377/"
"40727","宮元町9-12駐車場","35.928999","139.487272","https://btimes.jp/saitama/park/40727/"
"63639","菅間650-6駐車場","35.951069","139.497783","https://btimes.jp/saitama/park/63639/"
"46319","川越市末広町駐車場","35.919148","139.482941","https://btimes.jp/saitama/park/46319/"
"48865","中成堂歯科医院　駐車場","35.919633","139.487048","https://btimes.jp/saitama/park/48865/"
"60167","大手町13-5きっかわ内科クリニック駐車場","35.918927","139.487223","https://btimes.jp/saitama/park/60167/"
"60797","Ｐ川越小堤-０７駐車場","35.934221","139.440594","https://btimes.jp/saitama/park/60797/"
"36734","清水パーキング","35.967797","139.402395","https://btimes.jp/saitama/park/36734/"
"47062","タイムズ坂戸第３駐車場","35.952976","139.398267","https://btimes.jp/saitama/park/47062/"
"60557","FKカントリーハウス駐車場","35.948001","139.398983","https://btimes.jp/saitama/park/60557/"
"47063","タイムズ坂戸第５駐車場","35.952467","139.397102","https://btimes.jp/saitama/park/47063/"
"47106","川越喜多町駐車場","35.923687","139.4871","https://btimes.jp/saitama/park/47106/"
"26551","Ｐ川越-８駐車場","35.927833","139.492179","https://btimes.jp/saitama/park/26551/"
"45062","タイムズ高坂第２駐車場","35.999977","139.401931","https://btimes.jp/saitama/park/45062/"
"50926","本郷台４－５－３第１駐車場","35.371647","139.551214","https://btimes.jp/kanagawa/park/50926/"
"57628","本郷台駅駐車場","35.364287","139.553196","https://btimes.jp/kanagawa/park/57628/"
"45611","グランドソレイユ駐車場","35.380056","139.540705","https://btimes.jp/kanagawa/park/45611/"
"41559","野庭町482駐車場","35.390671","139.57996","https://btimes.jp/kanagawa/park/41559/"
"41622","野庭町451駐車場","35.390833","139.57979","https://btimes.jp/kanagawa/park/41622/"
"26051","HG駐車場下倉田","35.383495","139.542281","https://btimes.jp/kanagawa/park/26051/"
"41495","シャトークローネ駐車場","35.384337","139.542682","https://btimes.jp/kanagawa/park/41495/"
"31315","ハルカ駐車場","35.383843","139.541742","https://btimes.jp/kanagawa/park/31315/"
"52472","笠間４丁目駐車場","35.3596","139.537671","https://btimes.jp/kanagawa/park/52472/"
"45753","リーベンハイムA・B駐車場","35.381704","139.595566","https://btimes.jp/kanagawa/park/45753/"
"31465","港南台８丁目駐車場","35.362884","139.596986","https://btimes.jp/kanagawa/park/31465/"
"46071","【車椅子用・1-11号棟北側】洋光台北駐車場","35.380819","139.59749","https://btimes.jp/kanagawa/park/46071/"
"45905","【一般・1-11号棟北側】洋光台北駐車場","35.380848","139.597499","https://btimes.jp/kanagawa/park/45905/"
"60215","八木台３丁目駐車場","35.402569","139.563758","https://btimes.jp/kanagawa/park/60215/"
"56395","下永谷４丁目駐車場","35.403864","139.560181","https://btimes.jp/kanagawa/park/56395/"
"27605","エクレール駐車場","35.35518","139.530835","https://btimes.jp/kanagawa/park/27605/"
"46041","アークボナール駐車場","35.379055","139.605972","https://btimes.jp/kanagawa/park/46041/"
"42513","港南4-11-9大森テラスハウス駐車場","35.39262","139.599529","https://btimes.jp/kanagawa/park/42513/"
"3342","戸塚町第１６駐車場","35.39612","139.535297","https://btimes.jp/kanagawa/park/3342/"
"30885","コーラルハイム上大岡有料駐車場","35.400487","139.598258","https://btimes.jp/kanagawa/park/30885/"
"60177","シェルム戸塚駐車場","35.401808","139.533767","https://btimes.jp/kanagawa/park/60177/"
"54246","プロムナード矢部駐車場","35.405241","139.538778","https://btimes.jp/kanagawa/park/54246/"
"32604","東芹が谷1-15駐車場","35.410002","139.584413","https://btimes.jp/kanagawa/park/32604/"
"46260","メゾンフローラ駐車場","35.347673","139.524552","https://btimes.jp/kanagawa/park/46260/"
"35205","磯子駐車場","35.366447","139.615806","https://btimes.jp/kanagawa/park/35205/"
"43250","汲沢1-38-12駐車場","35.39405","139.52255","https://btimes.jp/kanagawa/park/43250/"
"65217","別所３丁目パーキング","35.40979","139.590445","https://btimes.jp/kanagawa/park/65217/"
"41767","屏風ヶ浦駐車場","35.393634","139.611295","https://btimes.jp/kanagawa/park/41767/"
"39342","レーベンスガルテン山崎駐車場","35.339022","139.530895","https://btimes.jp/kanagawa/park/39342/"
"44020","レーベンスガルテン山崎駐車場","35.338078","139.531087","https://btimes.jp/kanagawa/park/44020/"
"61579","グッドルーム戸塚駐車場","35.404476","139.529291","https://btimes.jp/kanagawa/park/61579/"
"51015","ルミエールＫ駐車場","35.405039","139.528472","https://btimes.jp/kanagawa/park/51015/"
"53681","ペイドゥレーヴ鎌倉駐車場","35.336112","139.530322","https://btimes.jp/kanagawa/park/53681/"
"48793","杉田梅林駐車場","35.371384","139.622543","https://btimes.jp/kanagawa/park/48793/"
"39598","秋葉第２駐車場","35.416519","139.549713","https://btimes.jp/kanagawa/park/39598/"
"35408","ゆうこう駐車場","35.338829","139.606585","https://btimes.jp/kanagawa/park/35408/"
"64499","森2-11-13駐車場　１番車室","35.393703","139.616822","https://btimes.jp/kanagawa/park/64499/"
"64482","森2-11-13駐車場　９番車室","35.393645","139.61695","https://btimes.jp/kanagawa/park/64482/"
"35818","ROMERO駐車場","35.376615","139.623915","https://btimes.jp/kanagawa/park/35818/"
"54117","磯子区森２丁目駐車場（アパート横）","35.394672","139.617194","https://btimes.jp/kanagawa/park/54117/"
"38186","磯子区森２丁目駐車場","35.394562","139.617284","https://btimes.jp/kanagawa/park/38186/"
"45854","藤沢市小塚駐車場","35.337378","139.517314","https://btimes.jp/kanagawa/park/45854/"
"50169","磯子区岡村７－３４－８駐車場","35.4078","139.613177","https://btimes.jp/kanagawa/park/50169/"
"41766","岡村駐車場","35.412961","139.612627","https://btimes.jp/kanagawa/park/41766/"
"45193","555駐車場","35.334531","139.510569","https://btimes.jp/kanagawa/park/45193/"
"55730","磯子区岡村１丁目駐車場","35.411534","139.619661","https://btimes.jp/kanagawa/park/55730/"
"41864","中田町2734-5駐車場","35.416359","139.504263","https://btimes.jp/kanagawa/park/41864/"
"36236","芹が谷駐車場","35.410626","139.579181","https://btimes.jp/kanagawa/park/36236/"
"57606","鍛冶ヶ谷","35.366761","139.562137","https://btimes.jp/kanagawa/park/57606/"
"57607","鍛冶ヶ谷第二","35.366546","139.561364","https://btimes.jp/kanagawa/park/57607/"
"50768","大谷パーキング駐車場","35.364255","139.566542","https://btimes.jp/kanagawa/park/50768/"
"50866","港南台４丁目駐車場","35.37114","139.578494","https://btimes.jp/kanagawa/park/50866/"
"45801","長谷川パーキング","35.361606","139.561452","https://btimes.jp/kanagawa/park/45801/"
"52318","FK港南台３丁目駐車場","35.375262","139.581407","https://btimes.jp/kanagawa/park/52318/"
"57092","港南台第二","35.372708","139.582794","https://btimes.jp/kanagawa/park/57092/"
"45796","ブリーズ駐車場","35.360077","139.579194","https://btimes.jp/kanagawa/park/45796/"
"57624","飯島第一高架下","35.365714","139.540873","https://btimes.jp/kanagawa/park/57624/"
"57625","飯島第二高架下","35.365797","139.540122","https://btimes.jp/kanagawa/park/57625/"
"45691","FKユーコート洋光台駐車場","35.372707","139.59278","https://btimes.jp/kanagawa/park/45691/"
"56342","岩瀬第２駐車場","35.351993","139.548678","https://btimes.jp/kanagawa/park/56342/"
"57631","洋光台トンネル出口","35.374025","139.595182","https://btimes.jp/kanagawa/park/57631/"
"38963","笠間駐車場","35.357306","139.539526","https://btimes.jp/kanagawa/park/38963/"
"45752","オレンジハイム駐車場","35.382295","139.595528","https://btimes.jp/kanagawa/park/45752/"
"33207","渡会駐車場","35.391745","139.594252","https://btimes.jp/kanagawa/park/33207/"
"55585","上永谷１丁目駐車場","35.399432","139.582291","https://btimes.jp/kanagawa/park/55585/"
"65215","カメリアエステート駐車場","35.35705","139.529683","https://btimes.jp/kanagawa/park/65215/"
"60214","下永谷３丁目駐車場","35.405219","139.567838","https://btimes.jp/kanagawa/park/60214/"
"63898","大船ザ・ヴィスタ大船駐車場","35.346416","139.536092","https://btimes.jp/kanagawa/park/63898/"
"33186","荻久保尚T-１駐車場","35.402183","139.587922","https://btimes.jp/kanagawa/park/33186/"
"33470","荻久保尚駐車場T2","35.402208","139.587922","https://btimes.jp/kanagawa/park/33470/"
"57580","杉田トンネル上部","35.375665","139.608867","https://btimes.jp/kanagawa/park/57580/"
"57599","大船電車区線脇","35.345414","139.530917","https://btimes.jp/kanagawa/park/57599/"
"45463","ニューハイツ鎌倉B駐車場","35.343585","139.533019","https://btimes.jp/kanagawa/park/45463/"
"63661","北鎌倉サンマゴ駐車場","35.337178","139.543221","https://btimes.jp/kanagawa/park/63661/"
"66132","FK北鎌倉サンマゴ駐車場","35.337134","139.543313","https://btimes.jp/kanagawa/park/66132/"
"52310","北鎌倉第２駐車場","35.334893","139.546636","https://btimes.jp/kanagawa/park/52310/"
"44254","ドルチェ鎌倉駐車場","35.347465","139.524914","https://btimes.jp/kanagawa/park/44254/"
"45449","メゾンフローラ駐車場","35.347673","139.524552","https://btimes.jp/kanagawa/park/45449/"
"41982","釜利谷西駐車場","35.340108","139.598845","https://btimes.jp/kanagawa/park/41982/"
"57079","鎌倉台","35.338734","139.53433","https://btimes.jp/kanagawa/park/57079/"
"48801","森5丁目駐車場","35.389595","139.611903","https://btimes.jp/kanagawa/park/48801/"
"47495","タイムズ磯子区上中里町駐車場","35.363505","139.61665","https://btimes.jp/kanagawa/park/47495/"
"65234","別所３丁目パーキング","35.40979","139.590445","https://btimes.jp/kanagawa/park/65234/"
"50595","メゾンドール芹が谷駐車場","35.414028","139.580768","https://btimes.jp/kanagawa/park/50595/"
"57871","アフェクティオＢ駐車場","35.416039","139.556511","https://btimes.jp/kanagawa/park/57871/"
"57870","アフェクティオＡ駐車場","35.416122","139.556339","https://btimes.jp/kanagawa/park/57870/"
"65216","メゾンドアンドレスＡ棟駐車場","35.413186","139.589004","https://btimes.jp/kanagawa/park/65216/"
"57581","杉田第六","35.376099","139.621596","https://btimes.jp/kanagawa/park/57581/"
"57246","※車室番号に＆あり※※車室番号に＆あり※杉田第一高架下","35.38497","139.621497","https://btimes.jp/kanagawa/park/57246/"
"57575","新杉田高架下","35.37867","139.623702","https://btimes.jp/kanagawa/park/57575/"
"7919","禅林寺駐車場","35.33892","139.608995","https://btimes.jp/kanagawa/park/7919/"
"45609","ボヌールＫ・駐車場","35.400994","139.518194","https://btimes.jp/kanagawa/park/45609/"
"45608","アレイハウス駐車場","35.401343","139.51823","https://btimes.jp/kanagawa/park/45608/"
"44768","いずみハイツ駐車場","35.401056","139.513172","https://btimes.jp/kanagawa/park/44768/"
"50168","磯子区岡村７－３４－８駐車場","35.4078","139.613177","https://btimes.jp/kanagawa/park/50168/"
"41490","ＧＲＡＮＤＥＵＲナカタ駐車場","35.398507","139.509186","https://btimes.jp/kanagawa/park/41490/"
"38835","大岡３丁目２４番駐車場","35.413103","139.608394","https://btimes.jp/kanagawa/park/38835/"
"27656","サンフラット岡村駐車場","35.41523","139.617027","https://btimes.jp/kanagawa/park/27656/"
"7859","グリーンヒル弥生台駐車場","35.423833","139.515582","https://btimes.jp/kanagawa/park/7859/"
"25601","グリーンヒル弥生台駐車場","35.423833","139.515582","https://btimes.jp/kanagawa/park/25601/"
"40175","秋葉町394-10駐車場","35.41869","139.54755","https://btimes.jp/kanagawa/park/40175/"
"43896","東戸塚ハイツ駐車場","35.423357","139.549211","https://btimes.jp/kanagawa/park/43896/"
"60066","平戸町238駐車場","35.418581","139.561711","https://btimes.jp/kanagawa/park/60066/"
"43840","秋葉町駐車場","35.418189","139.552131","https://btimes.jp/kanagawa/park/43840/"
"39496","六ツ川一丁目駐車場","35.422445","139.593049","https://btimes.jp/kanagawa/park/39496/"
"52399","マンスリー六ツ川１丁目","35.421129","139.592391","https://btimes.jp/kanagawa/park/52399/"
"50573","若宮町3-44グラン・モンテ駐車場No１","35.422132","139.607254","https://btimes.jp/kanagawa/park/50573/"
"58093","若宮町3-44グラン・モンテ駐車場","35.422138","139.607253","https://btimes.jp/kanagawa/park/58093/"
"57833","【軽専用】FK通町2丁目駐車場","35.42402","139.608595","https://btimes.jp/kanagawa/park/57833/"
"57775","FK通町2丁目駐車場","35.424038","139.608621","https://btimes.jp/kanagawa/park/57775/"
"31758","弥生台駅前駐車場","35.425222","139.510737","https://btimes.jp/kanagawa/park/31758/"
"51600","ルームマートコンテナ緑園都市駐車場","35.430527","139.522795","https://btimes.jp/kanagawa/park/51600/"
"28016","ピノ ヴェール駐車場","35.428863","139.548312","https://btimes.jp/kanagawa/park/28016/"
"51642","ATRIO東戸塚A駐車場","35.429828","139.548625","https://btimes.jp/kanagawa/park/51642/"
"31091","戸塚駐車場","35.428556","139.553078","https://btimes.jp/kanagawa/park/31091/"
"45870","上品濃有料駐車場","35.430828","139.554984","https://btimes.jp/kanagawa/park/45870/"
"45506","コーラルヒルズ東戸塚有料駐車場","35.431707","139.554606","https://btimes.jp/kanagawa/park/45506/"
"45619","アゼリア東戸塚駐車場","35.432729","139.552956","https://btimes.jp/kanagawa/park/45619/"
"57616","東戸塚白旗山","35.431049","139.561139","https://btimes.jp/kanagawa/park/57616/"
"41664","グリーンステージ東戸塚有料駐車場","35.432571","139.553676","https://btimes.jp/kanagawa/park/41664/"
"35381","六ッ川3丁目第二駐車場","35.427099","139.586646","https://btimes.jp/kanagawa/park/35381/"
"38623","六ッ川3丁目第三駐車場","35.426832","139.586983","https://btimes.jp/kanagawa/park/38623/"
"38588","永田みなみ台駐車場","35.42728","139.586743","https://btimes.jp/kanagawa/park/38588/"
"35359","六ッ川3丁目第一駐車場","35.426738","139.58716","https://btimes.jp/kanagawa/park/35359/"
"55412","六ッ川３丁目第一駐車場","35.426585","139.587143","https://btimes.jp/kanagawa/park/55412/"
"60442","南永田団地駐車場","35.427756","139.592477","https://btimes.jp/kanagawa/park/60442/"
"60441","南永田団地駐車場","35.428758","139.592739","https://btimes.jp/kanagawa/park/60441/"
"60440","南永田団地駐車場","35.429142","139.592814","https://btimes.jp/kanagawa/park/60440/"
"60443","南永田団地駐車場","35.428223","139.590873","https://btimes.jp/kanagawa/park/60443/"
"51265","永田東１－１５－２６駐車場","35.43134","139.602392","https://btimes.jp/kanagawa/park/51265/"
"47771","タイムズマンスリー井土ヶ谷上町第３駐車場","35.42825","139.601343","https://btimes.jp/kanagawa/park/47771/"
"3178","横浜永田東第３駐車場","35.432222","139.603061","https://btimes.jp/kanagawa/park/3178/"
"42229","睦町1-4駐車場","35.4278","139.623956","https://btimes.jp/kanagawa/park/42229/"
"42231","東蒔田町3駐車場","35.428471","139.619717","https://btimes.jp/kanagawa/park/42231/"
"40405","東蒔田第３駐車場","35.427512","139.618685","https://btimes.jp/kanagawa/park/40405/"
"65208","ベルメゾン横浜駐車場","35.43173","139.615802","https://btimes.jp/kanagawa/park/65208/"
"65209","ベルメゾン横浜駐車場","35.43173","139.615802","https://btimes.jp/kanagawa/park/65209/"
"45412","グレイス緑園駐車場","35.435025","139.525953","https://btimes.jp/kanagawa/park/45412/"
"40356","緑園都市駅前駐車場","35.435314","139.525778","https://btimes.jp/kanagawa/park/40356/"
"57750","岩井町駐車場","35.436701","139.601596","https://btimes.jp/kanagawa/park/57750/"
"38832","境之谷115駐車場","35.440317","139.614517","https://btimes.jp/kanagawa/park/38832/"
"44173","南吉田町3-30駐車場","35.433657","139.622272","https://btimes.jp/kanagawa/park/44173/"
"65476","FKナイスアーバンスピリッツ横濱吉野町駐車場","35.434114","139.623173","https://btimes.jp/kanagawa/park/65476/"
"43367","前里町第５駐車場","35.435823","139.621245","https://btimes.jp/kanagawa/park/43367/"
"49410","マンスリー西中町３丁目駐車場","35.436267","139.621628","https://btimes.jp/kanagawa/park/49410/"
"49411","マンスリー西中町３丁目第２駐車場","35.436503","139.621811","https://btimes.jp/kanagawa/park/49411/"
"43780","庚台31駐車場","35.435921","139.617743","https://btimes.jp/kanagawa/park/43780/"
"42500","庚台68駐車場","35.438708","139.614686","https://btimes.jp/kanagawa/park/42500/"
"54804","清水ケ丘224-1駐車場","35.439501","139.612611","https://btimes.jp/kanagawa/park/54804/"
"31184","阿久和南２丁目駐車場","35.443788","139.507536","https://btimes.jp/kanagawa/park/31184/"
"51378","ルミエールA駐車場","35.448969","139.520407","https://btimes.jp/kanagawa/park/51378/"
"47558","セゾンソフィア駐車場","35.449429","139.514249","https://btimes.jp/kanagawa/park/47558/"
"51262","マンスリー藤塚町駐車場","35.44743","139.576988","https://btimes.jp/kanagawa/park/51262/"
"61993","月見台10-22駐車場","35.446387","139.599531","https://btimes.jp/kanagawa/park/61993/"
"41569","ポップR桜ヶ丘 駐車場","35.447616","139.595421","https://btimes.jp/kanagawa/park/41569/"
"50176","横浜市営桜ヶ丘グリーンハイツ駐車場","35.446823","139.590959","https://btimes.jp/kanagawa/park/50176/"
"61992","月見台41駐車場","35.446824","139.600475","https://btimes.jp/kanagawa/park/61992/"
"30891","西区中央駐車場","35.449916","139.62011","https://btimes.jp/kanagawa/park/30891/"
"50480","ドムス東希望ヶ丘駐車場","35.457239","139.521072","https://btimes.jp/kanagawa/park/50480/"
"45410","グリーンヒル並木A　駐車場","35.45078","139.570177","https://btimes.jp/kanagawa/park/45410/"
"41520","市沢町駐車場","35.455327","139.565214","https://btimes.jp/kanagawa/park/41520/"
"59364","ビューコート仏向団地駐車場","35.451613","139.583335","https://btimes.jp/kanagawa/park/59364/"
"49416","ラパンST駐車場","35.457741","139.586693","https://btimes.jp/kanagawa/park/49416/"
"52766","エイブルパーキング 仏向町第３駐車場","35.454242","139.584845","https://btimes.jp/kanagawa/park/52766/"
"52767","エイブルパーキング 仏向町第３駐車場","35.454242","139.584845","https://btimes.jp/kanagawa/park/52767/"
"60444","コンフォール明神台団地駐車場","35.452954","139.593311","https://btimes.jp/kanagawa/park/60444/"
"54953","星川杉山神社駐車場","35.453517","139.593142","https://btimes.jp/kanagawa/park/54953/"
"60445","コンフォール明神台団地駐車場","35.454671","139.592164","https://btimes.jp/kanagawa/park/60445/"
"60446","コンフォール明神台団地駐車場","35.455387","139.592179","https://btimes.jp/kanagawa/park/60446/"
"55015","二俣川一丁目27－12駐車場","35.460642","139.530589","https://btimes.jp/kanagawa/park/55015/"
"39494","二俣川駐車場","35.465627","139.532672","https://btimes.jp/kanagawa/park/39494/"
"45806","フェリシア駐車場","35.463465","139.546373","https://btimes.jp/kanagawa/park/45806/"
"27683","フィーノ二俣川駐車場","35.459022","139.541981","https://btimes.jp/kanagawa/park/27683/"
"59315","くぬぎ台団地駐車場","35.465952","139.561608","https://btimes.jp/kanagawa/park/59315/"
"42956","パルティーダB駐車場","35.465073","139.553627","https://btimes.jp/kanagawa/park/42956/"
"39343","コンフォール仏向町駐車場","35.458426","139.589134","https://btimes.jp/kanagawa/park/39343/"
"33692","横浜VIVRE駐車場","35.462127","139.621587","https://btimes.jp/kanagawa/park/33692/"
"43855","横浜VIVRE駐車場","35.462127","139.621587","https://btimes.jp/kanagawa/park/43855/"
"54591","ホテルプラム駐車場","35.463224","139.619075","https://btimes.jp/kanagawa/park/54591/"
"3406","エキニア横浜駐車場","35.464485","139.624386","https://btimes.jp/kanagawa/park/3406/"
"53593","谷川ビルディング駐車場（機械式2,3号機）","35.465497","139.623984","https://btimes.jp/kanagawa/park/53593/"
"33720","谷川ビルディング駐車場（機械式6号機）","35.465491","139.624148","https://btimes.jp/kanagawa/park/33720/"
"53592","谷川ビルディング駐車場（平面）","35.465554","139.623893","https://btimes.jp/kanagawa/park/53592/"
"32906","南軽井沢10-7ピアハウス駐車場","35.465525","139.616972","https://btimes.jp/kanagawa/park/32906/"
"29378","ビワール駐車場","35.466346","139.618886","https://btimes.jp/kanagawa/park/29378/"
"55968","メゾンエスポワール駐車場","35.468808","139.548663","https://btimes.jp/kanagawa/park/55968/"
"47941","Ｊビルド鶴ヶ峰駐車場","35.469607","139.558256","https://btimes.jp/kanagawa/park/47941/"
"59313","くぬぎ台団地駐車場","35.468127","139.564821","https://btimes.jp/kanagawa/park/59313/"
"59314","くぬぎ台団地駐車場","35.466708","139.563947","https://btimes.jp/kanagawa/park/59314/"
"57565","上星川第二","35.467855","139.583823","https://btimes.jp/kanagawa/park/57565/"
"57562","上星川","35.468224","139.584053","https://btimes.jp/kanagawa/park/57562/"
"57564","上星川第四","35.468219","139.583978","https://btimes.jp/kanagawa/park/57564/"
"57075","横浜羽沢","35.472787","139.586646","https://btimes.jp/kanagawa/park/57075/"
"2732","保土ヶ谷区常盤台61-21駐車場","35.472256","139.589281","https://btimes.jp/kanagawa/park/2732/"
"51276","沢渡17-6駐車場","35.468995","139.620799","https://btimes.jp/kanagawa/park/51276/"
"55712","三ツ沢南町12-28駐車場","35.471429","139.613093","https://btimes.jp/kanagawa/park/55712/"
"28128","松ケ丘駐車場","35.471871","139.622954","https://btimes.jp/kanagawa/park/28128/"
"62936","翠丘ハイツ駐車場","35.468481","139.613293","https://btimes.jp/kanagawa/park/62936/"
"28103","ライフステージ白根駐車場","35.482817","139.543416","https://btimes.jp/kanagawa/park/28103/"
"54438","カーサスペランザ軽専用駐車場","35.482683","139.606474","https://btimes.jp/kanagawa/park/54438/"
"54437","カーサスペランザ駐車場","35.482694","139.606425","https://btimes.jp/kanagawa/park/54437/"
"55934","フロール横浜三ツ沢駐車場","35.478326","139.62016","https://btimes.jp/kanagawa/park/55934/"
"60447","南神大寺団地【G地区】駐車場","35.480979","139.617148","https://btimes.jp/kanagawa/park/60447/"
"46860","ビレッジハウス川井宿駐車場","35.488287","139.523126","https://btimes.jp/kanagawa/park/46860/"
"57109","三枚町第三","35.483388","139.596659","https://btimes.jp/kanagawa/park/57109/"
"57076","横浜片倉","35.491116","139.612497","https://btimes.jp/kanagawa/park/57076/"
"7871","神大寺4-4北村Ｙ駐車場","35.48477","139.619218","https://btimes.jp/kanagawa/park/7871/"
"7901","シェア畑新横浜 駐車場","35.485776","139.619036","https://btimes.jp/kanagawa/park/7901/"
"43743","シャーメゾン立野A・B駐車場","35.492441","139.520257","https://btimes.jp/kanagawa/park/43743/"
"49684","グランリヴァージュ駐車場","35.497887","139.595384","https://btimes.jp/kanagawa/park/49684/"
"28375","鳥山町451-1cafe  Roots駐車場","35.495279","139.60885","https://btimes.jp/kanagawa/park/28375/"
"57093","港北篠原","35.493227","139.624657","https://btimes.jp/kanagawa/park/57093/"
"30772","篠原町駐車場","35.495189","139.621181","https://btimes.jp/kanagawa/park/30772/"
"43497","岸根町730駐車場","35.492656","139.615526","https://btimes.jp/kanagawa/park/43497/"
"52908","若葉台団地駐車場","35.502089","139.50684","https://btimes.jp/kanagawa/park/52908/"
"47829","横浜市営三保みどり台住宅駐車場","35.507792","139.528787","https://btimes.jp/kanagawa/park/47829/"
"30774","中山町第３駐車場","35.508052","139.545206","https://btimes.jp/kanagawa/park/30774/"
"57081","鴨居駅清水踏切脇","35.508083","139.572381","https://btimes.jp/kanagawa/park/57081/"
"57080","鴨居駐車場","35.508304","139.573773","https://btimes.jp/kanagawa/park/57080/"
"55593","小机町駐車場（青空駐車場エリア）","35.503632","139.594139","https://btimes.jp/kanagawa/park/55593/"
"41385","グロワールマンションB駐車場","35.50484","139.593006","https://btimes.jp/kanagawa/park/41385/"
"41384","グロワールマンションA駐車場","35.505","139.592714","https://btimes.jp/kanagawa/park/41384/"
"55658","小机町駐車場（建物下駐車場エリア）","35.503761","139.594125","https://btimes.jp/kanagawa/park/55658/"
"28039","鳥山町730阿藤ハイム駐車場","35.500634","139.608603","https://btimes.jp/kanagawa/park/28039/"
"65750","鳥山町1245-7駐車場","35.502383","139.609272","https://btimes.jp/kanagawa/park/65750/"
"63808","鳥山町1096-10駐車場","35.501869","139.607078","https://btimes.jp/kanagawa/park/63808/"
"57111","小机東","35.504202","139.605276","https://btimes.jp/kanagawa/park/57111/"
"31022","小机町小島パーキング","35.506583","139.603293","https://btimes.jp/kanagawa/park/31022/"
"27963","鳥山町730阿藤ハイム駐車場","35.500634","139.608603","https://btimes.jp/kanagawa/park/27963/"
"40191","篠原町2829-21駐車場","35.502714","139.62345","https://btimes.jp/kanagawa/park/40191/"
"40193","篠原町2843-5駐車場","35.503403","139.622238","https://btimes.jp/kanagawa/park/40193/"
"57648","新横浜駅篠原口","35.503404","139.620128","https://btimes.jp/kanagawa/park/57648/"
"44816","【4街区】【4-3、4-4号棟付近】横浜市営十日市場ヒルタウン駐車場","35.516661","139.520996","https://btimes.jp/kanagawa/park/44816/"
"44835","【15街区】【15-1号棟付近】横浜市営十日市場ヒルタウン駐車場","35.516403","139.515787","https://btimes.jp/kanagawa/park/44835/"
"44836","【15街区】【15-2号棟付近】横浜市営十日市場ヒルタウン駐車場","35.516442","139.515214","https://btimes.jp/kanagawa/park/44836/"
"57724","杉沢パーキング","35.515132","139.528319","https://btimes.jp/kanagawa/park/57724/"
"45826","三保町1364-1駐車場","35.512418","139.525169","https://btimes.jp/kanagawa/park/45826/"
"45278","フェニックス駐車場","35.514105","139.525494","https://btimes.jp/kanagawa/park/45278/"
"45819","三保町2591-3駐車場","35.508342","139.529778","https://btimes.jp/kanagawa/park/45819/"
"44100","三保町駐車場","35.513991","139.525431","https://btimes.jp/kanagawa/park/44100/"
"62757","（BT）中山とうきゅう機械式駐車場","35.512079","139.543893","https://btimes.jp/kanagawa/park/62757/"
"56034","池辺町駐車場","35.511532","139.569498","https://btimes.jp/kanagawa/park/56034/"
"64603","池辺町４６４８－２駐車場","35.512111","139.573161","https://btimes.jp/kanagawa/park/64603/"
"27230","北新横浜駅東駐車場","35.516518","139.613834","https://btimes.jp/kanagawa/park/27230/"
"41594","新羽町駐車場","35.509433","139.61683","https://btimes.jp/kanagawa/park/41594/"
"44316","ピュアテラスＡ棟Ｂ棟駐車場","35.519637","139.502223","https://btimes.jp/kanagawa/park/44316/"
"35027","グリーンパーキング駐車場","35.517501","139.501638","https://btimes.jp/kanagawa/park/35027/"
"44818","【4街区】【4-6号棟付近】横浜市営十日市場ヒルタウン駐車場","35.51754","139.522425","https://btimes.jp/kanagawa/park/44818/"
"44817","【4街区】【4-5号棟付近】横浜市営十日市場ヒルタウン駐車場","35.516993","139.521724","https://btimes.jp/kanagawa/park/44817/"
"44898","【4街区】【4-1号棟付近】横浜市営十日市場ヒルタウン駐車場","35.517218","139.521088","https://btimes.jp/kanagawa/park/44898/"
"44813","【2街区】【2-5、2-6号棟付近】横浜市営十日市場ヒルタウン駐車場","35.518392","139.521947","https://btimes.jp/kanagawa/park/44813/"
"44821","【5街区】【5-4号棟付近】横浜市営十日市場ヒルタウン駐車場","35.518544","139.521655","https://btimes.jp/kanagawa/park/44821/"
"44827","【8街区】【8-1号棟付近】横浜市営十日市場ヒルタウン駐車場","35.517117","139.520483","https://btimes.jp/kanagawa/park/44827/"
"44828","【8街区】【8-2号棟付近】横浜市営十日市場ヒルタウン駐車場","35.516809","139.520579","https://btimes.jp/kanagawa/park/44828/"
"44825","【7街区】【7-2号棟付近】横浜市営十日市場ヒルタウン駐車場","35.517956","139.520342","https://btimes.jp/kanagawa/park/44825/"
"44815","【3街区】【3-1、3-2号棟付近】横浜市営十日市場ヒルタウン駐車場","35.517977","139.523527","https://btimes.jp/kanagawa/park/44815/"
"44814","【2街区】【2-7、2-8号棟付近】横浜市営十日市場ヒルタウン駐車場","35.518863","139.522588","https://btimes.jp/kanagawa/park/44814/"
"44819","【5街区】【5-1号棟付近】横浜市営十日市場ヒルタウン駐車場","35.51881","139.520704","https://btimes.jp/kanagawa/park/44819/"
"44812","【2街区】【2-1、2-2、2-3号棟付近】横浜市営十日市場ヒルタウン駐車場","35.519129","139.522404","https://btimes.jp/kanagawa/park/44812/"
"44824","【7街区】【7-1号棟付近】横浜市営十日市場ヒルタウン駐車場","35.518321","139.520131","https://btimes.jp/kanagawa/park/44824/"
"44829","【9街区】【9-2号棟付近】横浜市営十日市場ヒルタウン駐車場","35.516929","139.519549","https://btimes.jp/kanagawa/park/44829/"
"44807","【1街区】【1-1号棟付近】横浜市営十日市場ヒルタウン駐車場","35.519693","139.522102","https://btimes.jp/kanagawa/park/44807/"
"44809","【1街区】【1-2号棟付近】【2階】横浜市営十日市場ヒルタウン駐車場","35.519783","139.522319","https://btimes.jp/kanagawa/park/44809/"
"44823","【6街区】【6-3号棟付近】横浜市営十日市場ヒルタウン駐車場","35.519201","139.519677","https://btimes.jp/kanagawa/park/44823/"
"44808","【1街区】【1-2号棟付近】【1階】横浜市営十日市場ヒルタウン駐車場","35.520014","139.522722","https://btimes.jp/kanagawa/park/44808/"
"44830","【9街区】【9-4号棟付近】横浜市営十日市場ヒルタウン駐車場","35.516931","139.518538","https://btimes.jp/kanagawa/park/44830/"
"44811","【1街区】【1-6号棟付近】横浜市営十日市場ヒルタウン駐車場","35.520152","139.523854","https://btimes.jp/kanagawa/park/44811/"
"44831","【13街区】【13-1、13-2号棟付近】横浜市営十日市場ヒルタウン駐車場","35.517854","139.515719","https://btimes.jp/kanagawa/park/44831/"
"44832","【13街区】【13-3号棟付近】横浜市営十日市場ヒルタウン駐車場","35.51817","139.515641","https://btimes.jp/kanagawa/park/44832/"
"44834","【14街区】【屋内】横浜市営十日市場ヒルタウン駐車場","35.517398","139.514741","https://btimes.jp/kanagawa/park/44834/"
"35172","十日市場ヒルタウンコンフォール十日市場十四番街駐車場","35.516938","139.514748","https://btimes.jp/kanagawa/park/35172/"
"44837","【15街区】【15-3、15-4号棟付近】横浜市営十日市場ヒルタウン駐車場","35.516748","139.514604","https://btimes.jp/kanagawa/park/44837/"
"44833","【14街区】【屋外】横浜市営十日市場ヒルタウン駐車場","35.517806","139.514369","https://btimes.jp/kanagawa/park/44833/"
"44839","【17街区】【17-1号棟付近】横浜市営十日市場ヒルタウン駐車場","35.518565","139.513532","https://btimes.jp/kanagawa/park/44839/"
"44838","【16街区】【16-1、16-2号棟付近】横浜市営十日市場ヒルタウン駐車場","35.517268","139.512994","https://btimes.jp/kanagawa/park/44838/"
"44841","【17街区】【17-3、17-4号棟付近】横浜市営十日市場ヒルタウン駐車場","35.517219","139.512681","https://btimes.jp/kanagawa/park/44841/"
"44843","【18街区】【18-3号棟付近】横浜市営十日市場ヒルタウン駐車場","35.518335","139.512677","https://btimes.jp/kanagawa/park/44843/"
"44826","【7街区】【7-3、7-4号棟付近】横浜市営十日市場ヒルタウン駐車場","35.517914","139.519112","https://btimes.jp/kanagawa/park/44826/"
"44810","【1街区】【1-3号棟付近】横浜市営十日市場ヒルタウン駐車場","35.520262","139.523113","https://btimes.jp/kanagawa/park/44810/"
"55537","谷津田原第二住宅駐車場","35.517416","139.543041","https://btimes.jp/kanagawa/park/55537/"
"8142","新羽駐車場","35.524464","139.61024","https://btimes.jp/kanagawa/park/8142/"
"27409","新羽町南駐車場","35.517457","139.613415","https://btimes.jp/kanagawa/park/27409/"
"51067","新羽町南駐車場第2","35.517524","139.61308","https://btimes.jp/kanagawa/park/51067/"
"39715","さつきが丘4-11駐車場","35.530553","139.521006","https://btimes.jp/kanagawa/park/39715/"
"58705","市営北八朔住宅駐車場","35.530037","139.533432","https://btimes.jp/kanagawa/park/58705/"
"51151","ピースフルネモト駐車場","35.533142","139.549739","https://btimes.jp/kanagawa/park/51151/"
"30783","川和町第２駐車場","35.525992","139.551394","https://btimes.jp/kanagawa/park/30783/"
"65456","エクセラ仲町台駐車場","35.530345","139.594937","https://btimes.jp/kanagawa/park/65456/"
"27300","クレストヒルパーキング","35.530482","139.594482","https://btimes.jp/kanagawa/park/27300/"
"51351","仲町台3-4-1駐車場A","35.532114","139.597346","https://btimes.jp/kanagawa/park/51351/"
"51177","仲町台3-4-1駐車場B","35.53215","139.59725","https://btimes.jp/kanagawa/park/51177/"
"46157","グリーンクレスト駐車場","35.530633","139.609257","https://btimes.jp/kanagawa/park/46157/"
"45906","サンライズハイム並木駐車場","35.526889","139.615947","https://btimes.jp/kanagawa/park/45906/"
"63869","ヒルズ千草台駐車場","35.533397","139.535936","https://btimes.jp/kanagawa/park/63869/"
"31131","モリエール桜台駐車場","35.547398","139.520087","https://btimes.jp/kanagawa/park/31131/"
"61002","青葉区もえぎ野駐車場","35.54292","139.525431","https://btimes.jp/kanagawa/park/61002/"
"891","藤が丘第２駐車場","35.544312","139.532753","https://btimes.jp/kanagawa/park/891/"
"893","藤が丘第４駐車場","35.544452","139.5325","https://btimes.jp/kanagawa/park/893/"
"890","藤が丘第１駐車場","35.544274","139.53206","https://btimes.jp/kanagawa/park/890/"
"892","藤が丘第３駐車場","35.544292","139.532064","https://btimes.jp/kanagawa/park/892/"
"8119","パストラルハイム駐車場","35.545171","139.561931","https://btimes.jp/kanagawa/park/8119/"
"896","みたけ台第２駐車場","35.554345","139.521386","https://btimes.jp/kanagawa/park/896/"
"897","みたけ台第３駐車場","35.55443","139.521299","https://btimes.jp/kanagawa/park/897/"
"895","みたけ台第１駐車場","35.554589","139.521231","https://btimes.jp/kanagawa/park/895/"
"44492","コーラルハイツ市が尾駐車場","35.55265","139.544467","https://btimes.jp/kanagawa/park/44492/"
"50474","東山田駅前駐車場","35.551762","139.607182","https://btimes.jp/kanagawa/park/50474/"
"60293","鴨志田町551-4コーポ夏椿B棟駐車場","35.559119","139.507217","https://btimes.jp/kanagawa/park/60293/"
"3328","鉄町駐車場","35.561405","139.518056","https://btimes.jp/kanagawa/park/3328/"
"41627","タイムズ青葉黒須田駐車場","35.56637","139.534618","https://btimes.jp/kanagawa/park/41627/"
"54667","黒須田31-1タイムズ青葉黒須田駐車場","35.566396","139.534597","https://btimes.jp/kanagawa/park/54667/"
"52826","あざみ野２丁目駐車場","35.565407","139.546592","https://btimes.jp/kanagawa/park/52826/"
"56042","【横浜国際プール徒歩8分】キャッスルＫ駐車場","35.562303","139.592698","https://btimes.jp/kanagawa/park/56042/"
"29365","エオロ北山田駐車場","35.560602","139.591112","https://btimes.jp/kanagawa/park/29365/"
"35876","Ｂ'CASA Tsuzuki駐車場","35.567896","139.570681","https://btimes.jp/kanagawa/park/35876/"
"39780","川崎野川駐車場","35.569169","139.618752","https://btimes.jp/kanagawa/park/39780/"
"42156","エヌ・スクエア駐車場","35.570652","139.621765","https://btimes.jp/kanagawa/park/42156/"
"45985","サンライズ柿生駐車場※※アイドリング禁止・ドア開閉音注意※※","35.577946","139.505001","https://btimes.jp/kanagawa/park/45985/"
"32043","マンスリー三輪町駐車場","35.57687","139.501777","https://btimes.jp/tokyo/park/32043/"
"60626","王禅寺ライリッヒ・フーガ駐車場","35.5768","139.519878","https://btimes.jp/kanagawa/park/60626/"
"44175","王禅寺東5-44-9駐車場","35.580354","139.520494","https://btimes.jp/kanagawa/park/44175/"
"44990","王禅寺東5-44-9駐車場","35.580354","139.520494","https://btimes.jp/kanagawa/park/44990/"
"59272","王禅寺東３丁目駐車場","35.582829","139.520846","https://btimes.jp/kanagawa/park/59272/"
"30927","荏子田1-15-75駐車場","35.575708","139.54532","https://btimes.jp/kanagawa/park/30927/"
"55296","タイムズサンドラッグたまプラーザ店","35.575841","139.559306","https://btimes.jp/kanagawa/park/55296/"
"39095","たまプラーザ第１６駐車場","35.578799","139.563848","https://btimes.jp/kanagawa/park/39095/"
"46197","マンスリー鷺沼小台１丁目第２駐車場","35.577141","139.580844","https://btimes.jp/kanagawa/park/46197/"
"59248","宮前馬絹駐車場","35.580063","139.590238","https://btimes.jp/kanagawa/park/59248/"
"29305","宮前平1丁目駐車場","35.582432","139.59328","https://btimes.jp/kanagawa/park/29305/"
"42894","Lハウス梶ヶ谷駐車場","35.579868","139.609078","https://btimes.jp/kanagawa/park/42894/"
"57622","馬絹駐車場","35.579622","139.601851","https://btimes.jp/kanagawa/park/57622/"
"57623","馬絹第二","35.57962","139.600754","https://btimes.jp/kanagawa/park/57623/"
"47470","新作2丁目駐車場","35.578497","139.617156","https://btimes.jp/kanagawa/park/47470/"
"61552","犬蔵1-34-23丸前荘駐車場","35.587067","139.559831","https://btimes.jp/kanagawa/park/61552/"
"54891","コモド宮崎台駐車場","35.588659","139.588933","https://btimes.jp/kanagawa/park/54891/"
"56570","ライフ宮崎台屋上駐車場","35.585546","139.595863","https://btimes.jp/kanagawa/park/56570/"
"39779","Nasic梶ヶ谷駐車場","35.586246","139.609742","https://btimes.jp/kanagawa/park/39779/"
"52829","百合ヶ丘みずき街駐車場 【 D 地区 2 階 屋上 ・ 6 号棟 北側 】","35.598958","139.522104","https://btimes.jp/kanagawa/park/52829/"
"54877","多摩区長沢4丁目第2駐車場","35.593948","139.53574","https://btimes.jp/kanagawa/park/54877/"
"38922","レジデンス橋場駐車場","35.599059","139.548727","https://btimes.jp/kanagawa/park/38922/"
"65055","多摩区長沢4丁目駐車場【３番車室　土日祝日のみ】","35.593804","139.537768","https://btimes.jp/kanagawa/park/65055/"
"54611","多摩区長沢4丁目駐車場【１・２番車室】","35.593791","139.53764","https://btimes.jp/kanagawa/park/54611/"
"38743","ツインプラザ向ヶ丘B館駐車場","35.599574","139.58346","https://btimes.jp/kanagawa/park/38743/"
"41153","アーバンハイツみぞのくち駐車場","35.594606","139.605453","https://btimes.jp/kanagawa/park/41153/"
"61698","久本3-12-7-3駐車場","35.591711","139.621767","https://btimes.jp/kanagawa/park/61698/"
"65060","武笠立体駐車場 2階","35.592761","139.624602","https://btimes.jp/kanagawa/park/65060/"
"38838","溝口第4駐車場","35.59516","139.616003","https://btimes.jp/kanagawa/park/38838/"
"30785","溝口駅前第２駐車場","35.598097","139.614969","https://btimes.jp/kanagawa/park/30785/"
"28082","リーベヤ麻生駐車場","35.604908","139.507002","https://btimes.jp/kanagawa/park/28082/"
"60760","ジュネス百合丘駐車場","35.606095","139.515962","https://btimes.jp/kanagawa/park/60760/"
"57582","生田変電所","35.605815","139.551916","https://btimes.jp/kanagawa/park/57582/"
"65814","タイムズ多摩区長尾第２駐車場","35.606619","139.581609","https://btimes.jp/kanagawa/park/65814/"
"41087","高津駐車場","35.60273","139.617305","https://btimes.jp/kanagawa/park/41087/"
"31748","溝口2－19－12アローランド溝の口駐車場","35.600694","139.612817","https://btimes.jp/kanagawa/park/31748/"
"65864","ASTRA駐車場","35.602986","139.612628","https://btimes.jp/kanagawa/park/65864/"
"35826","富士莊駐車場","35.610559","139.52896","https://btimes.jp/kanagawa/park/35826/"
"27297","パークビュー栗谷駐車場","35.610777","139.539786","https://btimes.jp/kanagawa/park/27297/"
"43591","パークビュー栗谷駐車場　2番","35.610793","139.539749","https://btimes.jp/kanagawa/park/43591/"
"54883","コットンハイツ駐車場","35.608354","139.597491","https://btimes.jp/kanagawa/park/54883/"
"50779","コトン駐車場","35.611954","139.595441","https://btimes.jp/kanagawa/park/50779/"
"41571","宿河原ハウス駐車場","35.61227","139.592388","https://btimes.jp/kanagawa/park/41571/"
"65306","よみうりランド前駐車場","35.621372","139.518232","https://btimes.jp/kanagawa/park/65306/"
"60193","ビット中野島駐車場","35.621661","139.553983","https://btimes.jp/kanagawa/park/60193/"
"61294","登戸駅前駐車場","35.616906","139.572228","https://btimes.jp/kanagawa/park/61294/"
"47714","イルマーレ和泉多摩川駐車場","35.623033","139.574367","https://btimes.jp/tokyo/park/47714/"
"41566","ペアフォレスト駐車場","35.631038","139.541491","https://btimes.jp/kanagawa/park/41566/"
"59975","（軽・小型）スクェア中野島ハウス駐車場","35.627741","139.557778","https://btimes.jp/kanagawa/park/59975/"
"57856","スクェア中野島ハウス駐車場","35.627828","139.557275","https://btimes.jp/kanagawa/park/57856/"
"60826","サミットストア中野島店屋上駐車場","35.628696","139.553503","https://btimes.jp/kanagawa/park/60826/"
"60334","グリーンヒルズ駐車場（南側）","35.625202","139.586829","https://btimes.jp/tokyo/park/60334/"
"53597","フェルスハイム駐車場","35.633298","139.58633","https://btimes.jp/tokyo/park/53597/"
"48420","永雅Apartmennt駐車場","35.630246","139.590203","https://btimes.jp/tokyo/park/48420/"
"50552","タイムズ稲城大丸駐車場","35.641376","139.500573","https://btimes.jp/tokyo/park/50552/"
"57291","矢野口第一","35.639473","139.520237","https://btimes.jp/tokyo/park/57291/"
"57294","矢野口第二","35.639533","139.519017","https://btimes.jp/tokyo/park/57294/"
"57292","矢野口第三","35.636473","139.527097","https://btimes.jp/tokyo/park/57292/"
"57293","矢野口第四","35.637113","139.526057","https://btimes.jp/tokyo/park/57293/"
"60967","多摩川７-24-35Hanabi3駐車場","35.636974","139.546396","https://btimes.jp/tokyo/park/60967/"
"33787","調布市染地1丁目　モンレーヴ染地駐車場","35.638909","139.55155","https://btimes.jp/tokyo/park/33787/"
"36531","成城第１駐車場","35.638414","139.607046","https://btimes.jp/tokyo/park/36531/"
"32083","祖師谷３丁目駐車場","35.640067","139.607321","https://btimes.jp/tokyo/park/32083/"
"57816","フォルム砧駐車場","35.639805","139.617431","https://btimes.jp/tokyo/park/57816/"
"43298","ヴィーダ世田谷桜丘駐車場","35.640777","139.621773","https://btimes.jp/tokyo/park/43298/"
"30575","クレスト砧パーキング","35.639709","139.616965","https://btimes.jp/tokyo/park/30575/"
"41378","サンモール大久保駐車場","35.645235","139.500681","https://btimes.jp/tokyo/park/41378/"
"60678","押立557-23駐車場","35.644613","139.512711","https://btimes.jp/tokyo/park/60678/"
"31473","調布多摩川第８駐車場","35.647582","139.530858","https://btimes.jp/tokyo/park/31473/"
"39308","フィールドコート調布駐車場","35.64588","139.538523","https://btimes.jp/tokyo/park/39308/"
"44397","ライフステージ調布第二駐車場","35.648417","139.538076","https://btimes.jp/tokyo/park/44397/"
"29421","調布国領町第１０駐車場","35.643023","139.555279","https://btimes.jp/tokyo/park/29421/"
"43958","メゾン・キャメリア駐車場","35.648351","139.569591","https://btimes.jp/tokyo/park/43958/"
"36514","千歳船橋駐車場","35.642941","139.622448","https://btimes.jp/tokyo/park/36514/"
"38892","リヴェール映駐車場","35.646527","139.623145","https://btimes.jp/tokyo/park/38892/"
"40966","祖師谷　Graphite House駐車場","35.644537","139.613753","https://btimes.jp/tokyo/park/40966/"
"48754","patio千歳台駐車場","35.64742","139.613528","https://btimes.jp/tokyo/park/48754/"
"45597","かしえっと駐車場","35.653596","139.504322","https://btimes.jp/tokyo/park/45597/"
"29623","府中市白糸台６丁目３４　月極駐車場","35.658156","139.522131","https://btimes.jp/tokyo/park/29623/"
"29625","白糸台6-34-12グランドール２駐車場","35.658252","139.521903","https://btimes.jp/tokyo/park/29625/"
"61327","飛田給２丁目第２予約式専用駐車場","35.655028","139.524565","https://btimes.jp/tokyo/park/61327/"
"56175","飛田給２丁目１１予約式専用駐車場","35.654885","139.524742","https://btimes.jp/tokyo/park/56175/"
"40590","カーサ西調布駐車場","35.654703","139.534064","https://btimes.jp/tokyo/park/40590/"
"40492","スカイハイネス西調布駐車場","35.656318","139.535944","https://btimes.jp/tokyo/park/40492/"
"40524","スカイハイネス西調布駐車場","35.656318","139.535944","https://btimes.jp/tokyo/park/40524/"
"39454","上石原1丁目　グランドールGT駐車場","35.657582","139.531059","https://btimes.jp/tokyo/park/39454/"
"59492","キッチンコート西調布店第２駐車場（予約専用）","35.650639","139.533846","https://btimes.jp/tokyo/park/59492/"
"29420","飛田給第２駐車場","35.657045","139.527023","https://btimes.jp/tokyo/park/29420/"
"30620","下石原1-20駐車場","35.652613","139.541654","https://btimes.jp/tokyo/park/30620/"
"30731","下石原1-20　杉本歯科医院駐車場","35.652472","139.54146","https://btimes.jp/tokyo/park/30731/"
"31366","下石原１－３１－７西調布コーポ第４駐車場","35.653294","139.538183","https://btimes.jp/tokyo/park/31366/"
"32247","下石原1-31-6駐車場","35.653358","139.538156","https://btimes.jp/tokyo/park/32247/"
"39306","里乃駐車場","35.651942","139.537695","https://btimes.jp/tokyo/park/39306/"
"41484","デザインメゾン調布ヶ丘駐車場","35.652572","139.552425","https://btimes.jp/tokyo/park/41484/"
"32508","上祖師谷7-13-1　信濃ハイツ駐車場","35.65735","139.595567","https://btimes.jp/tokyo/park/32508/"
"33577","ａｍｅｎｉｔｅ祖師谷駐車場","35.652578","139.609487","https://btimes.jp/tokyo/park/33577/"
"26092","ブランメゾン上祖師谷前駐車場","35.653603","139.605378","https://btimes.jp/tokyo/park/26092/"
"61325","上祖師谷3丁目18番19号ブランメゾン上祖師谷前駐車場駐車場","35.653652","139.605406","https://btimes.jp/tokyo/park/61325/"
"29094","上祖師谷3丁目18番19号ブランメゾン上祖師谷前駐車場","35.653674","139.605267","https://btimes.jp/tokyo/park/29094/"
"59440","上祖師谷2-9-19オークヒル駐車場","35.654995","139.603206","https://btimes.jp/tokyo/park/59440/"
"2414","上祖師谷１丁目２番－１南側駐車場","35.656892","139.606086","https://btimes.jp/tokyo/park/2414/"
"42155","シティハイムヤマムラ駐車場","35.651407","139.611497","https://btimes.jp/tokyo/park/42155/"
"40355","世田谷船橋第６駐車場","35.653253","139.622066","https://btimes.jp/tokyo/park/40355/"
"29308","アートフィール／雅駐車場","35.665252","139.504072","https://btimes.jp/tokyo/park/29308/"
"7989","白糸台２－７０－１シティハイツ駐車場","35.663306","139.514106","https://btimes.jp/tokyo/park/7989/"
"53005","ハイグレース府中地下駐車場","35.66147","139.521433","https://btimes.jp/tokyo/park/53005/"
"39147","飛田給1丁目3-61　戸建駐車場","35.659544","139.526128","https://btimes.jp/tokyo/park/39147/"
"47724","深大寺元町４丁目駐車場","35.666612","139.546838","https://btimes.jp/tokyo/park/47724/"
"64591","ネクストＡ大沢駐車場","35.661899","139.54453","https://btimes.jp/tokyo/park/64591/"
"59486","調布富士見町３丁目駐車場","35.658894","139.541645","https://btimes.jp/tokyo/park/59486/"
"54945","深大寺南町4-38-3駐車場","35.662267","139.562342","https://btimes.jp/tokyo/park/54945/"
"36642","調布パーキング","35.661306","139.565733","https://btimes.jp/tokyo/park/36642/"
"32797","給田３丁目駐車場","35.662446","139.593927","https://btimes.jp/tokyo/park/32797/"
"41754","南烏山第１３駐車場","35.66459","139.611851","https://btimes.jp/tokyo/park/41754/"
"61091","サミットストア芦花公園駅前店駐車場","35.666542","139.611586","https://btimes.jp/tokyo/park/61091/"
"44437","NANO　MYRICA駐車場","35.661519","139.608298","https://btimes.jp/tokyo/park/44437/"
"32921","南烏山駐車場","35.663204","139.606179","https://btimes.jp/tokyo/park/32921/"
"33109","南烏山駐車場","35.663204","139.606179","https://btimes.jp/tokyo/park/33109/"
"36375","南烏山第９駐車場","35.663842","139.606875","https://btimes.jp/tokyo/park/36375/"
"65594","ロジェ芦花地上駐車場","35.66015","139.616491","https://btimes.jp/tokyo/park/65594/"
"50485","粕谷第６駐車場","35.660999","139.614249","https://btimes.jp/tokyo/park/50485/"
"40387","八幡山３丁目駐車場","35.661487","139.617976","https://btimes.jp/tokyo/park/40387/"
"65537","ロジェ芦花地上駐車場","35.66015","139.616491","https://btimes.jp/tokyo/park/65537/"
"45615","重陽舎駐車場","35.664392","139.613871","https://btimes.jp/tokyo/park/45615/"
"28070","Pine Garden駐車場","35.673003","139.506382","https://btimes.jp/tokyo/park/28070/"
"44665","三鷹市大沢１丁目駐車場","35.669018","139.545064","https://btimes.jp/tokyo/park/44665/"
"65172","ヴェルドミール・シマ駐車場","35.671667","139.546511","https://btimes.jp/tokyo/park/65172/"
"54926","マンスリー三鷹新川５丁目駐車場","35.670418","139.572195","https://btimes.jp/tokyo/park/54926/"
"58300","杏林大学病院前第２駐車場","35.672415","139.570128","https://btimes.jp/tokyo/park/58300/"
"39114","上高井戸１丁目　エムワメゾン駐車場","35.673754","139.611304","https://btimes.jp/tokyo/park/39114/"
"51043","芦花公園駅前駐車場","35.667473","139.611738","https://btimes.jp/tokyo/park/51043/"
"63606","世田谷区営上北沢５丁目アパート駐車場","35.670569","139.620145","https://btimes.jp/tokyo/park/63606/"
"40390","下高井戸第７駐車場","35.673492","139.623157","https://btimes.jp/tokyo/park/40390/"
"40015","マンスリー上高井戸１丁目駐車場","35.668039","139.615216","https://btimes.jp/tokyo/park/40015/"
"32782","下高井戸第７駐車場","35.67345","139.623059","https://btimes.jp/tokyo/park/32782/"
"63812","フォレ武蔵野駐車場","35.675484","139.531736","https://btimes.jp/tokyo/park/63812/"
"41483","メルベージュ駐車場","35.679535","139.548613","https://btimes.jp/tokyo/park/41483/"
"47327","タイムズ三鷹野崎第２駐車場","35.68322","139.548806","https://btimes.jp/tokyo/park/47327/"
"35847","小林駐車場","35.67906","139.558029","https://btimes.jp/tokyo/park/35847/"
"66111","ネストガーデンEast 駐車場","35.677369","139.558283","https://btimes.jp/tokyo/park/66111/"
"66112","ネストガーデンWest 駐車場","35.677422","139.558185","https://btimes.jp/tokyo/park/66112/"
"27383","牟礼５－６－１０駐車場","35.679942","139.58328","https://btimes.jp/tokyo/park/27383/"
"39361","ハイツ波多野駐車場","35.6801","139.585124","https://btimes.jp/tokyo/park/39361/"
"51249","甲信商工来客駐車場","35.681651","139.587238","https://btimes.jp/tokyo/park/51249/"
"51100","三鷹台団地駐車場","35.682177","139.586118","https://btimes.jp/tokyo/park/51100/"
"51345","甲信商工来客駐車場","35.681651","139.587238","https://btimes.jp/tokyo/park/51345/"
"32588","タイムズ三鷹牟礼第３駐車場","35.682235","139.586876","https://btimes.jp/tokyo/park/32588/"
"32910","北烏山5-20-15駐車場","35.679314","139.592251","https://btimes.jp/tokyo/park/32910/"
"53913","川瀬コーポラス駐車場","35.677769","139.591018","https://btimes.jp/tokyo/park/53913/"
"30986","杉並区高井戸西１丁目　メルヴェイユ/ノワール・エ・ブラン駐車場 ","35.679258","139.610192","https://btimes.jp/tokyo/park/30986/"
"48136","タイムズマンスリー高井戸東２丁目駐車場","35.676478","139.620697","https://btimes.jp/tokyo/park/48136/"
"33843","マンスリー高井戸東駐車場","35.679372","139.619989","https://btimes.jp/tokyo/park/33843/"
"65576","ビューテラス高井戸駐車場","35.678049","139.617946","https://btimes.jp/tokyo/park/65576/"
"65577","トーレ高井戸駐車場","35.677566","139.618383","https://btimes.jp/tokyo/park/65577/"
"33842","マンスリー高井戸東駐車場","35.679372","139.619989","https://btimes.jp/tokyo/park/33842/"
"47333","小金井市前原町５丁目戸建駐車場","35.68993","139.507007","https://btimes.jp/tokyo/park/47333/"
"35846","シティハイムカルテット駐車場","35.685202","139.503531","https://btimes.jp/tokyo/park/35846/"
"32821","三鷹市深大寺3丁目　アイコムモータープール","35.686679","139.53998","https://btimes.jp/tokyo/park/32821/"
"34884","三鷹市深大寺3丁目　中建駐車場No.1","35.6873","139.539989","https://btimes.jp/tokyo/park/34884/"
"28098","マウントドミール駐車場","35.686817","139.554914","https://btimes.jp/tokyo/park/28098/"
"54247","【F地区3,4】シティーコート下連雀３号棟南側駐車場 ","35.6855","139.573412","https://btimes.jp/tokyo/park/54247/"
"58437","ヴァンベール井の頭公園駐車場","35.688829","139.573916","https://btimes.jp/tokyo/park/58437/"
"43142","牟礼3丁目駐車場","35.686318","139.587019","https://btimes.jp/tokyo/park/43142/"
"46984","三鷹市牟礼4丁目駐車場","35.687337","139.581361","https://btimes.jp/tokyo/park/46984/"
"35866","吉野パーキング","35.689709","139.575563","https://btimes.jp/tokyo/park/35866/"
"30862","フォーレ久我山駐車場","35.683718","139.598515","https://btimes.jp/tokyo/park/30862/"
"39609","ハイツひまわり駐車場","35.684313","139.590003","https://btimes.jp/tokyo/park/39609/"
"39555","コージーコート久我山月極駐車場","35.68438","139.607616","https://btimes.jp/tokyo/park/39555/"
"39556","コージーコート久我山月極駐車場","35.68438","139.607616","https://btimes.jp/tokyo/park/39556/"
"51166","FKブリシア荻窪1丁目駐車場","35.690164","139.620402","https://btimes.jp/tokyo/park/51166/"
"42152","FT CREEK駐車場","35.692134","139.50412","https://btimes.jp/tokyo/park/42152/"
"35466","ＪＲ武蔵小金井南口ビル駐車場","35.696784","139.509717","https://btimes.jp/tokyo/park/35466/"
"43689","ファミール中町駐車場","35.693817","139.51599","https://btimes.jp/tokyo/park/43689/"
"53527","マンスリー小金井中町３丁目駐車場","35.692925","139.517084","https://btimes.jp/tokyo/park/53527/"
"41480","ヴァリエI 駐車場","35.695812","139.526041","https://btimes.jp/tokyo/park/41480/"
"48554","マンスリー東小金井二丁目駐車場","35.695577","139.53558","https://btimes.jp/tokyo/park/48554/"
"32831","武蔵野市境南町4丁目　井上あけぼの駐車場","35.696043","139.537173","https://btimes.jp/tokyo/park/32831/"
"50427","メゾン出雲駐車場","35.697852","139.541436","https://btimes.jp/tokyo/park/50427/"
"40634","武蔵境スイング駐車場","35.699713","139.546155","https://btimes.jp/tokyo/park/40634/"
"30861","三鷹市下連雀２丁目　ハートピア三鷹駐車場","35.697007","139.570427","https://btimes.jp/tokyo/park/30861/"
"30899","三鷹市下連雀２丁目　ハートピア三鷹駐車場","35.697007","139.570427","https://btimes.jp/tokyo/park/30899/"
"35267","三鷹市下連雀３丁目　月極駐車場","35.694973","139.568489","https://btimes.jp/tokyo/park/35267/"
"51947","マンスリー三鷹下連雀三丁目駐車場","35.696472","139.568322","https://btimes.jp/tokyo/park/51947/"
"54129","スリジェＥ駐車場","35.693537","139.586772","https://btimes.jp/tokyo/park/54129/"
"29293","井の頭５丁目１２－１７駐車場","35.694164","139.578403","https://btimes.jp/tokyo/park/29293/"
"39796","タイムズ吉祥寺南町1丁目駐車場","35.69824","139.581315","https://btimes.jp/tokyo/park/39796/"
"64829","吉祥寺南町4-10-1駐車場","35.697514","139.591889","https://btimes.jp/tokyo/park/64829/"
"1321","松庵1-17-27橋本スタジオ駐車場","35.692656","139.597817","https://btimes.jp/tokyo/park/1321/"
"61491","ノヴェルオギクボ駐車場","35.6974","139.624333","https://btimes.jp/tokyo/park/61491/"
"47519","タイムズ荻窪第９駐車場","35.69247","139.621065","https://btimes.jp/tokyo/park/47519/"
"36191","タイムズ小金井本町４丁目駐車場","35.704427","139.508919","https://btimes.jp/tokyo/park/36191/"
"51097","グリーンタウン小金井駐車場","35.704006","139.518039","https://btimes.jp/tokyo/park/51097/"
"51102","グリーンタウン小金井駐車場","35.70419","139.518254","https://btimes.jp/tokyo/park/51102/"
"51098","グリーンタウン小金井駐車場","35.704452","139.518283","https://btimes.jp/tokyo/park/51098/"
"54396","マンスリー梶野町4丁目駐車場","35.704555","139.528535","https://btimes.jp/tokyo/park/54396/"
"54478","マンスリー梶野町4丁目駐車場","35.704585","139.52846","https://btimes.jp/tokyo/park/54478/"
"54479","マンスリー梶野町4丁目第２駐車場","35.704445","139.527376","https://btimes.jp/tokyo/park/54479/"
"54397","マンスリー梶野町4丁目第２駐車場","35.704476","139.527307","https://btimes.jp/tokyo/park/54397/"
"42139","山下ハウス駐車場","35.706132","139.574677","https://btimes.jp/tokyo/park/42139/"
"41393","リヴェール吉祥寺駐車場","35.703999","139.584914","https://btimes.jp/tokyo/park/41393/"
"26145","野村不動産吉祥寺ビル駐車場","35.70047","139.580671","https://btimes.jp/tokyo/park/26145/"
"56853","五日市街道東","35.700299","139.591562","https://btimes.jp/tokyo/park/56853/"
"28020","コートヴィラ吉祥寺駐車場","35.708226","139.588867","https://btimes.jp/tokyo/park/28020/"
"57268","東町","35.70032","139.593045","https://btimes.jp/tokyo/park/57268/"
"29384","エトワール吉祥寺駐車場","35.705463","139.5944","https://btimes.jp/tokyo/park/29384/"
"27682","ガーデンヴィラ吉祥寺駐車場","35.704792","139.592346","https://btimes.jp/tokyo/park/27682/"
"57353","二ツ塚Ｂ","35.700781","139.608711","https://btimes.jp/tokyo/park/57353/"
"46043","西荻テラス駐車場","35.705102","139.609047","https://btimes.jp/tokyo/park/46043/"
"35778","上荻3丁目駐車場","35.706183","139.613732","https://btimes.jp/tokyo/park/35778/"
"45967","メゾン・ノット駐車場","35.704949","139.621116","https://btimes.jp/tokyo/park/45967/"
"46125","メゾン・ノット駐車場","35.704949","139.621116","https://btimes.jp/tokyo/park/46125/"
"27604","エスポワール駐車場","35.706548","139.62223","https://btimes.jp/tokyo/park/27604/"
"52169","ビレッジハウス向台タワー駐車場","35.715548","139.534942","https://btimes.jp/tokyo/park/52169/"
"41018","グリーンハイツ武蔵境通り駐車場","35.713139","139.550005","https://btimes.jp/tokyo/park/41018/"
"64006","JAパーキング武蔵野10","35.712856","139.571985","https://btimes.jp/tokyo/park/64006/"
"42176","JAパーキング武蔵野10","35.712856","139.571985","https://btimes.jp/tokyo/park/42176/"
"52341","マンスリー西久保３丁目駐車場","35.709004","139.563025","https://btimes.jp/tokyo/park/52341/"
"707","吉祥寺通り練馬駐車場","35.716414","139.585577","https://btimes.jp/tokyo/park/707/"
"41373","FK善福寺4丁目駐車場","35.714761","139.596155","https://btimes.jp/tokyo/park/41373/"
"63866","今川第４（B専用）駐車場","35.711795","139.609445","https://btimes.jp/tokyo/park/63866/"
"36443","杉並区桃井4丁目　秀の湯駐車場","35.709723","139.605818","https://btimes.jp/tokyo/park/36443/"
"35177","松原マンション駐車場","35.712552","139.62218","https://btimes.jp/tokyo/park/35177/"
"36168","下井草5丁目　井草湯駐車場","35.716418","139.618197","https://btimes.jp/tokyo/park/36168/"
"61344","ＪＡパーキング小平76","35.72362","139.519286","https://btimes.jp/tokyo/park/61344/"
"36833","花小金井南町駐車場","35.718925","139.517743","https://btimes.jp/tokyo/park/36833/"
"40452","鈴木町2丁目駐車場","35.721801","139.51287","https://btimes.jp/tokyo/park/40452/"
"50563","マンスリー西東京南町６丁目駐車場","35.723328","139.538985","https://btimes.jp/tokyo/park/50563/"
"52830","新柳沢駐車場【D 地区・７号棟北側】","35.719205","139.557257","https://btimes.jp/tokyo/park/52830/"
"57774","FKコーポ・ドルミオ駐車場","35.724507","139.550521","https://btimes.jp/tokyo/park/57774/"
"46521","ユニティーズ東伏見駐車場","35.724557","139.566101","https://btimes.jp/tokyo/park/46521/"
"30975","フローラ関富駐車場","35.7237","139.582368","https://btimes.jp/tokyo/park/30975/"
"64042","サニーホワイト駐車場","35.721921","139.578651","https://btimes.jp/tokyo/park/64042/"
"55186","FKウィンコーポ関町南駐車場","35.719365","139.579992","https://btimes.jp/tokyo/park/55186/"
"54168","FK関町北2丁目屋根付き駐車場","35.720514","139.580003","https://btimes.jp/tokyo/park/54168/"
"47408","タイムズ練馬関町南第５駐車場","35.717551","139.594067","https://btimes.jp/tokyo/park/47408/"
"59731","FKスカイガーデン上石神井駐車場","35.723777","139.596617","https://btimes.jp/tokyo/park/59731/"
"52837","サンメゾン上井草駐車場","35.718598","139.612222","https://btimes.jp/tokyo/park/52837/"
"28133","下石神井駐車場","35.722301","139.603999","https://btimes.jp/tokyo/park/28133/"
"55719","JAパーキング小平豊明興産駐車場","35.727056","139.509272","https://btimes.jp/tokyo/park/55719/"
"59866","大沼町6-11-34駐車場","35.731036","139.504131","https://btimes.jp/tokyo/park/59866/"
"54269","ロイヤルパークス花小金井駐車場","35.725033","139.516327","https://btimes.jp/tokyo/park/54269/"
"61288","大谷ビル駐車場","35.72724","139.522291","https://btimes.jp/tokyo/park/61288/"
"39362","ワールドウイング駐車場","35.730637","139.5194","https://btimes.jp/tokyo/park/39362/"
"703","花小金井６丁目第３駐車場","35.725278","139.514454","https://btimes.jp/tokyo/park/703/"
"29254","石井駐車場","35.732299","139.520027","https://btimes.jp/tokyo/park/29254/"
"58262","北原町１丁目駐車場","35.729114","139.548487","https://btimes.jp/tokyo/park/58262/"
"51099","プロムナード東伏見駐車場","35.731354","139.564262","https://btimes.jp/tokyo/park/51099/"
"47903","クレストコート下石神井駐車場","35.727817","139.610493","https://btimes.jp/tokyo/park/47903/"
"65762","レガロ石神井公園Ａ駐車場","35.732392","139.60911","https://btimes.jp/tokyo/park/65762/"
"65763","レガロ石神井公園Ｂ駐車場","35.732462","139.609321","https://btimes.jp/tokyo/park/65763/"
"49249","石神井町５丁目第２駐車場","35.732905","139.604191","https://btimes.jp/tokyo/park/49249/"
"41833","JAパーキング小平90","35.739697","139.502654","https://btimes.jp/tokyo/park/41833/"
"48659","ゼロパーキング前沢２丁目II","35.741256","139.521379","https://btimes.jp/tokyo/park/48659/"
"43983","ひばりテラス118駐車場","35.741206","139.536466","https://btimes.jp/tokyo/park/43983/"
"40980","グリーンプラザひばりが丘南駐車場","35.739288","139.547281","https://btimes.jp/tokyo/park/40980/"
"40981","グリーンプラザひばりが丘南駐車場","35.739659","139.548675","https://btimes.jp/tokyo/park/40981/"
"53749","ソレイユＭ＆Ｆ駐車場","35.733872","139.554733","https://btimes.jp/tokyo/park/53749/"
"48650","ゼロパーキング柳窪駐車場","35.746167","139.50102","https://btimes.jp/tokyo/park/48650/"
"64774","東久留米市学園町2-1 駐車場","35.746094","139.53709","https://btimes.jp/tokyo/park/64774/"
"60537","東大泉6-31-23駐車場","35.741783","139.586469","https://btimes.jp/tokyo/park/60537/"
"43535","エネーロ大泉駐車場","35.746798","139.587503","https://btimes.jp/tokyo/park/43535/"
"58226","谷原5-18-3駐車場","35.747375","139.611997","https://btimes.jp/tokyo/park/58226/"
"48653","大山第三パーキング","35.751348","139.507431","https://btimes.jp/tokyo/park/48653/"
"66039","大山第一パーキング","35.751496","139.50728","https://btimes.jp/tokyo/park/66039/"
"48651","ゼロパーキング下里2駐車場","35.753652","139.503271","https://btimes.jp/tokyo/park/48651/"
"50081","ゼロパーキング八幡町２丁目","35.75194","139.516024","https://btimes.jp/tokyo/park/50081/"
"48658","中央町吉田第2パーキング","35.751354","139.522964","https://btimes.jp/tokyo/park/48658/"
"65173","Casa Grazia駐車場","35.754778","139.534892","https://btimes.jp/tokyo/park/65173/"
"48648","ゼロパーキング本町1丁目","35.75528","139.535851","https://btimes.jp/tokyo/park/48648/"
"48649","ゼロパーキング本町1丁目","35.75528","139.535851","https://btimes.jp/tokyo/park/48649/"
"48657","中央町吉田第1パーキング","35.75134","139.525143","https://btimes.jp/tokyo/park/48657/"
"46085","浅間町3丁目30-9戸建駐車場","35.750851","139.546512","https://btimes.jp/tokyo/park/46085/"
"66034","加藤駐車場","35.751837","139.585181","https://btimes.jp/tokyo/park/66034/"
"44225","ベルメゾン西大泉駐車場","35.752325","139.585678","https://btimes.jp/tokyo/park/44225/"
"688","大泉町２丁目駐車場","35.755301","139.606948","https://btimes.jp/tokyo/park/688/"
"47052","新川パレス駐車場","35.758982","139.541655","https://btimes.jp/tokyo/park/47052/"
"47051","コーポラス野島駐車場","35.758465","139.541631","https://btimes.jp/tokyo/park/47051/"
"56196","【居住者用】グリーンヒルズ東久留米駐車場","35.766254","139.544396","https://btimes.jp/tokyo/park/56196/"
"54580","野寺4-3駐車場","35.758525","139.56557","https://btimes.jp/saitama/park/54580/"
"60502","エトワール駐車場","35.758452","139.5824","https://btimes.jp/tokyo/park/60502/"
"62858","クロダパーキング","35.764471","139.583093","https://btimes.jp/tokyo/park/62858/"
"39929","第１加藤駐車場","35.763857","139.58952","https://btimes.jp/tokyo/park/39929/"
"43105","大泉町3-13-18駐車場","35.76145","139.603892","https://btimes.jp/tokyo/park/43105/"
"42356","旭町1-7-7駐車場","35.758853","139.624281","https://btimes.jp/tokyo/park/42356/"
"43538","極楽湯・和光店駐車場","35.765027","139.622442","https://btimes.jp/saitama/park/43538/"
"39386","大泉町１丁目駐車場","35.76099","139.61312","https://btimes.jp/tokyo/park/39386/"
"46200","和光市白子１丁目駐車場","35.763621","139.622341","https://btimes.jp/saitama/park/46200/"
"63534","青葉町3-42駐車場","35.768195","139.501149","https://btimes.jp/tokyo/park/63534/"
"57817","ニューイースト駐車場","35.767654","139.533297","https://btimes.jp/saitama/park/57817/"
"54017","上清戸1丁目駐車場","35.771665","139.52788","https://btimes.jp/tokyo/park/54017/"
"56194","【居住者用】グリーンヒルズ東久留米駐車場","35.768508","139.545383","https://btimes.jp/tokyo/park/56194/"
"56195","【居住者用】グリーンヒルズ東久留米駐車場","35.767284","139.544482","https://btimes.jp/tokyo/park/56195/"
"41605","タイムズ新座新堀第２駐車場","35.769175","139.538222","https://btimes.jp/saitama/park/41605/"
"66118","パーキング キャラバン清瀬ひまわりフェスティバル","35.77496","139.541605","https://btimes.jp/tokyo/park/66118/"
"66121","パーキング キャラバン清瀬ひまわりフェスティバル","35.77496","139.541605","https://btimes.jp/tokyo/park/66121/"
"35570","タイムズ新座新堀第２駐車場","35.769275","139.538302","https://btimes.jp/saitama/park/35570/"
"45722","FK新座市石神5丁目駐車場","35.76866","139.553091","https://btimes.jp/saitama/park/45722/"
"65764","La gracieuse駐車場","35.770782","139.596052","https://btimes.jp/tokyo/park/65764/"
"40417","パークT32駐車場","35.770746","139.595309","https://btimes.jp/tokyo/park/40417/"
"39516","大泉学園町長久保第２駐車場","35.771303","139.5997","https://btimes.jp/tokyo/park/39516/"
"32878","大泉学園町７丁目駐車場","35.768863","139.590119","https://btimes.jp/tokyo/park/32878/"
"36783","鈴駐車場","35.769881","139.600278","https://btimes.jp/tokyo/park/36783/"
"27644","グランステージ秋津駐車場","35.775926","139.506258","https://btimes.jp/tokyo/park/27644/"
"66122","パーキング キャラバン清瀬ひまわりフェスティバル","35.776097","139.541693","https://btimes.jp/tokyo/park/66122/"
"66123","パーキング キャラバン清瀬ひまわりフェスティバル","35.776097","139.541693","https://btimes.jp/tokyo/park/66123/"
"66126","パーキング キャラバン清瀬ひまわりフェスティバル","35.776097","139.541693","https://btimes.jp/tokyo/park/66126/"
"66127","パーキング キャラバン清瀬ひまわりフェスティバル","35.776097","139.541693","https://btimes.jp/tokyo/park/66127/"
"65688","サニーハイム駐車場","35.777475","139.571741","https://btimes.jp/saitama/park/65688/"
"25894","蓮光寺駐車場","35.777513","139.574656","https://btimes.jp/saitama/park/25894/"
"55016","タイムズ業務スーパー新座店第２駐車場","35.777607","139.576358","https://btimes.jp/saitama/park/55016/"
"51967","【入居者向け】西大和団地駐車場","35.775391","139.608652","https://btimes.jp/saitama/park/51967/"
"55309","コンフォール和光西大和駐車場","35.776591","139.610253","https://btimes.jp/saitama/park/55309/"
"55310","コンフォール和光西大和駐車場","35.776283","139.61157","https://btimes.jp/saitama/park/55310/"
"41238","【１号棟・北側】コンフォール和光西大和駐車場","35.778947","139.612278","https://btimes.jp/saitama/park/41238/"
"61290","サニーヒルズ和光駐車場","35.78014","139.622907","https://btimes.jp/saitama/park/61290/"
"53193","丸山台2－26－14駐車場","35.781481","139.617147","https://btimes.jp/saitama/park/53193/"
"47758","ヒューマックスパビリオン所沢店駐車場","35.787721","139.504874","https://btimes.jp/saitama/park/47758/"
"51210","リヴェールハイム敷地外駐車場","35.783907","139.500802","https://btimes.jp/saitama/park/51210/"
"51010","Ｐ所沢東所沢-０５駐車場","35.790525","139.510517","https://btimes.jp/saitama/park/51010/"
"47597","タイムズ東所沢第４駐車場","35.789512","139.515268","https://btimes.jp/saitama/park/47597/"
"42450","フォレスト・ガーデン駐車場","35.784936","139.534609","https://btimes.jp/tokyo/park/42450/"
"53294","一乗院駐車場","35.789529","139.587487","https://btimes.jp/saitama/park/53294/"
"36695","栄町５丁目駐車場","35.784541","139.599365","https://btimes.jp/saitama/park/36695/"
"57267","東所沢電車区","35.79651","139.524245","https://btimes.jp/saitama/park/57267/"
"52528","Ｐ所沢東所沢-０２駐車場","35.796292","139.516038","https://btimes.jp/saitama/park/52528/"
"41790","ピュアメゾン駐車場","35.792637","139.514085","https://btimes.jp/saitama/park/41790/"
"51468","Ｐ所沢東所沢-０４駐車場","35.799485","139.518126","https://btimes.jp/saitama/park/51468/"
"49436","カーポート旭が丘駐車場","35.793119","139.547033","https://btimes.jp/saitama/park/49436/"
"58486","清瀬下宿3丁目","35.797205","139.542661","https://btimes.jp/tokyo/park/58486/"
"58487","清瀬下宿3丁目","35.797205","139.542661","https://btimes.jp/tokyo/park/58487/"
"63822","Parking in 新座駅前","35.800298","139.558031","https://btimes.jp/saitama/park/63822/"
"65686","フォーブル廣谷駐車場","35.804516","139.566489","https://btimes.jp/saitama/park/65686/"
"32275","新座四季タウン駐車場","35.806559","139.570467","https://btimes.jp/saitama/park/32275/"
"57288","野火止6丁目","35.80123","139.567538","https://btimes.jp/saitama/park/57288/"
"57290","野火止角","35.80087","139.564188","https://btimes.jp/saitama/park/57290/"
"56857","三原第三","35.80368","139.577169","https://btimes.jp/saitama/park/56857/"
"56856","三原","35.80499","139.57933","https://btimes.jp/saitama/park/56856/"
"56858","三原第二","35.80425","139.578179","https://btimes.jp/saitama/park/56858/"
"57289","野火止8丁目","35.803224","139.576156","https://btimes.jp/saitama/park/57289/"
"42546","KANOA HALE駐車場","35.815117","139.564358","https://btimes.jp/saitama/park/42546/"
"57173","北朝霞東弁財第三バイク","35.808495","139.584719","https://btimes.jp/saitama/park/57173/"
"57414","北朝霞第２","35.810187","139.587293","https://btimes.jp/saitama/park/57414/"
"47069","タイムズ志木駅南口第２駐車場","35.813309","139.581187","https://btimes.jp/saitama/park/47069/"
"62852","エルトラック駐車場","35.822642","139.555252","https://btimes.jp/saitama/park/62852/"
"62877","【軽専用】エルトラック駐車場","35.822642","139.555252","https://btimes.jp/saitama/park/62877/"
"26381","Ｐ三芳-１１駐車場","35.824321","139.557606","https://btimes.jp/saitama/park/26381/"
"45069","タイムズ志木駅前バイク専用駐車場","35.817591","139.577898","https://btimes.jp/saitama/park/45069/"
"51311","Ｐ三芳北永井-１４駐車場","35.832709","139.524255","https://btimes.jp/saitama/park/51311/"
"50998","Ｐ三芳藤久保-０８","35.831711","139.536254","https://btimes.jp/saitama/park/50998/"
"50999","Ｐ三芳藤久保-０９駐車場","35.831921","139.536789","https://btimes.jp/saitama/park/50999/"
"51469","Ｐ富士見関沢-１０駐車場","35.832151","139.545101","https://btimes.jp/saitama/park/51469/"
"52527","Ｐ三芳藤久保-１５駐車場","35.830861","139.545691","https://btimes.jp/saitama/park/52527/"
"51316","Ｐ三芳藤久保-１４駐車場","35.83087","139.544772","https://btimes.jp/saitama/park/51316/"
"47673","ロイヤルメゾン駐車場","35.831859","139.555242","https://btimes.jp/saitama/park/47673/"
"52530","Ｐ富士見針ケ谷-１６駐車場","35.827545","139.558803","https://btimes.jp/saitama/park/52530/"
"47527","Ｐ富士見針ケ谷－０７駐車場","35.829438","139.557688","https://btimes.jp/saitama/park/47527/"
"47525","Ｐ富士見針ヶ谷ー０１駐車場","35.830487","139.55843","https://btimes.jp/saitama/park/47525/"
"51007","Ｐ富士見針ケ谷-１７駐車場","35.828401","139.554113","https://btimes.jp/saitama/park/51007/"
"51005","Ｐ富士見針ケ谷-１８駐車場","35.827483","139.553591","https://btimes.jp/saitama/park/51005/"
"51470","Ｐ富士見針ケ谷-０８駐車場","35.829213","139.554574","https://btimes.jp/saitama/park/51470/"
"51473","Ｐ富士見水子-１１駐車場","35.83114","139.551066","https://btimes.jp/saitama/park/51473/"
"51032","富士見市榎町駐車場","35.829839","139.562956","https://btimes.jp/saitama/park/51032/"
"52529","Ｐ富士見榎町-０１駐車場","35.830059","139.563071","https://btimes.jp/saitama/park/52529/"
"30242","本町4-6-1駐車場","35.825517","139.583447","https://btimes.jp/saitama/park/30242/"
"51467","Ｐ三芳北永井-０５駐車場","35.835602","139.522523","https://btimes.jp/saitama/park/51467/"
"53950","Ｐ三芳北永井-１０駐車場","35.838578","139.524574","https://btimes.jp/saitama/park/53950/"
"61448","Ｐ三芳北永井-１７駐車場","35.841429","139.520823","https://btimes.jp/saitama/park/61448/"
"50996","Ｐ三芳藤久保-０１駐車場","35.835394","139.529947","https://btimes.jp/saitama/park/50996/"
"52525","Ｐ三芳藤久保-１２駐車場","35.838391","139.530218","https://btimes.jp/saitama/park/52525/"
"50995","Ｐ富士見鶴瀬西-０１駐車場","35.840671","139.535569","https://btimes.jp/saitama/park/50995/"
"65343","コンフォール駐車場","35.834162","139.546624","https://btimes.jp/saitama/park/65343/"
"65496","コンフォール駐車場","35.834162","139.546624","https://btimes.jp/saitama/park/65496/"
"49551","Ｐ富士見関沢-０４駐車場","35.834679","139.547103","https://btimes.jp/saitama/park/49551/"
"48746","関沢パーキング","35.833718","139.545525","https://btimes.jp/saitama/park/48746/"
"51313","Ｐ富士見関沢-１１駐車場","35.833445","139.545304","https://btimes.jp/saitama/park/51313/"
"51000","Ｐ富士見関沢-０２駐車場","35.835826","139.545226","https://btimes.jp/saitama/park/51000/"
"51001","Ｐ富士見関沢-０３駐車場","35.835902","139.545074","https://btimes.jp/saitama/park/51001/"
"65342","コンフォール2駐車場","35.834376","139.543817","https://btimes.jp/saitama/park/65342/"
"51309","Ｐ富士見関沢-０８駐車場","35.835219","139.543197","https://btimes.jp/saitama/park/51309/"
"50994","Ｐ富士見関沢-０１駐車場","35.839294","139.549041","https://btimes.jp/saitama/park/50994/"
"51475","Ｐ富士見鶴馬-１２駐車場","35.839609","139.540507","https://btimes.jp/saitama/park/51475/"
"51003","Ｐ富士見鶴馬-１３駐車場","35.841458","139.543214","https://btimes.jp/saitama/park/51003/"
"51012","Ｐ富士見水子-０６駐車場","35.841297","139.557682","https://btimes.jp/saitama/park/51012/"
"53753","Ｐ富士見水子-１２駐車場","35.841131","139.562412","https://btimes.jp/saitama/park/53753/"
"51471","Ｐ富士見水子-０９駐車場","35.834211","139.555913","https://btimes.jp/saitama/park/51471/"
"51472","Ｐ富士見水子-０９駐車場","35.834211","139.555913","https://btimes.jp/saitama/park/51472/"
"49548","Ｐ富士見水谷-０１駐車場","35.838545","139.559594","https://btimes.jp/saitama/park/49548/"
"31424","富士見市東みずほ台2丁目　萩元コーポ駐車場","35.839542","139.55616","https://btimes.jp/saitama/park/31424/"
"53951","Ｐ富士見西みずほ台-０２駐車場","35.833597","139.551092","https://btimes.jp/saitama/park/53951/"
"26422","富士見市東みずほ台３丁目　アビタシオン駐車場","35.840224","139.555255","https://btimes.jp/saitama/park/26422/"
"31406","富士見市東みずほ台３丁目　アビタシオン駐車場","35.840224","139.555255","https://btimes.jp/saitama/park/31406/"
"51006","Ｐ富士見東みずほ台-０８駐車場","35.840924","139.552511","https://btimes.jp/saitama/park/51006/"
"51004","Ｐ富士見水子-０８駐車場","35.835484","139.564408","https://btimes.jp/saitama/park/51004/"
"30262","水谷東駐車場","35.837062","139.579396","https://btimes.jp/saitama/park/30262/"
"65712","アシュレ志木上宗岡駐車場","35.840406","139.582454","https://btimes.jp/saitama/park/65712/"
"51303","Ｐふじみ野亀久保-０１駐車場","35.847848","139.506453","https://btimes.jp/saitama/park/51303/"
"49535","Ｐふじみ野桜ケ丘-０１駐車場","35.84983","139.508906","https://btimes.jp/saitama/park/49535/"
"51431","Ｐふじみ野桜ケ丘－０２軽専用駐車場","35.848067","139.512411","https://btimes.jp/saitama/park/51431/"
"51107","Ｐ三芳北永井-１２駐車場","35.847437","139.512696","https://btimes.jp/saitama/park/51107/"
"51432","Ｐふじみ野桜ケ丘-０２駐車場","35.848138","139.51255","https://btimes.jp/saitama/park/51432/"
"49544","Ｐ富士見鶴瀬西-０３駐車場","35.842464","139.532821","https://btimes.jp/saitama/park/49544/"
"51458","Ｐ富士見上沢-０１駐車場","35.848118","139.535409","https://btimes.jp/saitama/park/51458/"
"51459","Ｐ富士見上沢-０５駐車場","35.848482","139.535677","https://btimes.jp/saitama/park/51459/"
"51460","Ｐ富士見上沢-０５駐車場","35.848482","139.535677","https://btimes.jp/saitama/park/51460/"
"48581","Ｐ富士見上沢-０３駐車場","35.848957","139.537361","https://btimes.jp/saitama/park/48581/"
"43799","アネックス飛田和敷地内駐車場","35.849896","139.532481","https://btimes.jp/saitama/park/43799/"
"61299","レジデンスラピス駐車場","35.844828","139.543818","https://btimes.jp/saitama/park/61299/"
"65734","レジデンスラピス駐車場","35.844828","139.543818","https://btimes.jp/saitama/park/65734/"
"55976","エーデルビレッジA棟駐車場","35.843607","139.546743","https://btimes.jp/saitama/park/55976/"
"48588","Ｐ富士見鶴馬-０４駐車場","35.845264","139.548323","https://btimes.jp/saitama/park/48588/"
"47209","レフィナード駐車場","35.846861","139.543997","https://btimes.jp/saitama/park/47209/"
"52524","Ｐ富士見羽沢-１４駐車場","35.849771","139.546705","https://btimes.jp/saitama/park/52524/"
"50997","Ｐ富士見鶴瀬東-０１駐車場","35.849372","139.541528","https://btimes.jp/saitama/park/50997/"
"51315","Ｐ富士見鶴馬-０２駐車場","35.847855","139.556675","https://btimes.jp/saitama/park/51315/"
"51474","Ｐ富士見鶴馬-１１駐車場","35.848001","139.556522","https://btimes.jp/saitama/park/51474/"
"44214","鶴馬2-6-12御庵下パーキング","35.843779","139.550778","https://btimes.jp/saitama/park/44214/"
"52531","Ｐ富士見鶴馬-０９軽専用駐車場","35.842631","139.552486","https://btimes.jp/saitama/park/52531/"
"64081","Ｐ富士見貝塚-０２駐車場","35.845555","139.563194","https://btimes.jp/saitama/park/64081/"
"51314","Ｐ富士見水子-０７駐車場","35.843812","139.564174","https://btimes.jp/saitama/park/51314/"
"46251","リヴィエール西浦和駐車場","35.843738","139.624149","https://btimes.jp/saitama/park/46251/"
"48810","Pふじみ野大井武蔵野-０１駐車場","35.850912","139.500931","https://btimes.jp/saitama/park/48810/"
"51433","Ｐふじみ野大井中央-０１駐車場","35.853882","139.510917","https://btimes.jp/saitama/park/51433/"
"51434","Ｐふじみ野大井中央-０１駐車場","35.853882","139.510917","https://btimes.jp/saitama/park/51434/"
"48583","Ｐふじみ野亀久保-０３駐車場","35.850457","139.513927","https://btimes.jp/saitama/park/48583/"
"51463","Ｐふじみ野苗間-０１駐車場","35.851153","139.515209","https://btimes.jp/saitama/park/51463/"
"53378","Ｐ富士見渡戸-０７駐車場","35.85578","139.537074","https://btimes.jp/saitama/park/53378/"
"48584","Ｐふじみ野市沢-０７駐車場","35.852699","139.530148","https://btimes.jp/saitama/park/48584/"
"48405","P富士見市ふじみ野東-０１駐車場","35.854843","139.53254","https://btimes.jp/saitama/park/48405/"
"48403","Pふじみ野市沢-０５駐車場","35.851602","139.528334","https://btimes.jp/saitama/park/48403/"
"53945","Ｐ富士見ふじみ野東-０８駐車場","35.857775","139.529707","https://btimes.jp/saitama/park/53945/"
"48813","P富士見山室-１０駐車場","35.853995","139.547131","https://btimes.jp/saitama/park/48813/"
"52523","Ｐ富士見羽沢-０３駐車場","35.85183","139.542999","https://btimes.jp/saitama/park/52523/"
"51449","Ｐ富士見羽沢-１１駐車場","35.851808","139.542157","https://btimes.jp/saitama/park/51449/"
"64795","Ｐ富士見羽沢－１９駐車場","35.853581","139.543086","https://btimes.jp/saitama/park/64795/"
"51448","Ｐ富士見羽沢-１０駐車場","35.852167","139.541968","https://btimes.jp/saitama/park/51448/"
"48400","P富士見渡戸-０５駐車場","35.85036","139.540656","https://btimes.jp/saitama/park/48400/"
"52977","Ｐ富士見羽沢-０６駐車場","35.8561","139.543578","https://btimes.jp/saitama/park/52977/"
"55514","Ｐ富士見渡戸-０８駐車場","35.856525","139.542507","https://btimes.jp/saitama/park/55514/"
"48812","P富士見羽沢-１３駐車場","35.851809","139.545001","https://btimes.jp/saitama/park/48812/"
"52522","Ｐ富士見羽沢-０３駐車場","35.85183","139.542999","https://btimes.jp/saitama/park/52522/"
"51455","Ｐ富士見山室-０９駐車場","35.854231","139.548095","https://btimes.jp/saitama/park/51455/"
"51299","Ｐ富士見山室-０８駐車場","35.854711","139.546158","https://btimes.jp/saitama/park/51299/"
"51452","Ｐ富士見山室-０４駐車場","35.855353","139.547645","https://btimes.jp/saitama/park/51452/"
"52976","Ｐ富士見山室-０１駐車場","35.856077","139.545796","https://btimes.jp/saitama/park/52976/"
"52978","Ｐ富士見山室-０５駐車場","35.857557","139.54609","https://btimes.jp/saitama/park/52978/"
"51447","Ｐ富士見羽沢-０９駐車場","35.853388","139.538855","https://btimes.jp/saitama/park/51447/"
"51453","Ｐ富士見山室-０６駐車場","35.858312","139.545048","https://btimes.jp/saitama/park/51453/"
"51009","Ｐ富士見諏訪-０２駐車場","35.852645","139.552042","https://btimes.jp/saitama/park/51009/"
"51008","Ｐ富士見諏訪-０１駐車場","35.852686","139.551863","https://btimes.jp/saitama/park/51008/"
"26200","さいたま市桜区下大久保　パルコート浦和第2駐車場","35.85698","139.603769","https://btimes.jp/saitama/park/26200/"
"33035","桜区町谷 3-10-5駐車場","35.855037","139.622942","https://btimes.jp/saitama/park/33035/"
"42137","Ｓｕｔｅｒａ・Ｍｏｅ★駐車場","35.853447","139.623089","https://btimes.jp/saitama/park/42137/"
"52514","Ｐふじみ野鶴ケ岡-０３駐車場","35.862427","139.508904","https://btimes.jp/saitama/park/52514/"
"61446","Ｐふじみ野鶴ケ岡-０４駐車場","35.863349","139.508513","https://btimes.jp/saitama/park/61446/"
"61447","Ｐふじみ野鶴ケ岡-０４駐車場","35.863349","139.508513","https://btimes.jp/saitama/park/61447/"
"44014","ルミエールII駐車場","35.866339","139.51795","https://btimes.jp/saitama/park/44014/"
"47291","Ｐふじみ野駒林元町-０１駐車場","35.861176","139.524179","https://btimes.jp/saitama/park/47291/"
"53936","Ｐふじみ野駒林元町-０２駐車場","35.861827","139.523799","https://btimes.jp/saitama/park/53936/"
"51302","Ｐふじみ野丸山-０１駐車場","35.862511","139.521267","https://btimes.jp/saitama/park/51302/"
"49543","Pふじみ野市ふじみ野-０２駐車場","35.860016","139.51692","https://btimes.jp/saitama/park/49543/"
"52515","Ｐふじみ野南台-０１駐車場","35.865513","139.523496","https://btimes.jp/saitama/park/52515/"
"49530","Ｐふじみ野新田-０２駐車場","35.865837","139.524906","https://btimes.jp/saitama/park/49530/"
"51296","Ｐ富士見ふじみ野東-１２駐車場","35.859937","139.531816","https://btimes.jp/saitama/park/51296/"
"51295","Ｐ富士見勝瀬-０２駐車場","35.860851","139.536784","https://btimes.jp/saitama/park/51295/"
"51297","Ｐ富士見ふじみ野東-０３駐車場","35.858536","139.526787","https://btimes.jp/saitama/park/51297/"
"52507","Ｐふじみ野新田-０１駐車場","35.866304","139.525399","https://btimes.jp/saitama/park/52507/"
"61623","Ｐ富士見勝瀬-０５駐車場","35.860562","139.5389","https://btimes.jp/saitama/park/61623/"
"51456","Ｐ富士見勝瀬-０４駐車場","35.861367","139.538723","https://btimes.jp/saitama/park/51456/"
"51457","Ｐ富士見勝瀬-０４駐車場","35.861367","139.538723","https://btimes.jp/saitama/park/51457/"
"7894","桜区第2駐車場","35.866554","139.609756","https://btimes.jp/saitama/park/7894/"
"45920","ドミール片町A駐車場","35.864205","139.608162","https://btimes.jp/saitama/park/45920/"
"58043","けやきメゾン駐車場","35.859775","139.621449","https://btimes.jp/saitama/park/58043/"
"58042","桜メゾン駐車場","35.859871","139.621291","https://btimes.jp/saitama/park/58042/"
"65017","【バイク専用】江口駐輪場","35.861092","139.613313","https://btimes.jp/saitama/park/65017/"
"48802","Pふじみ野西－０３駐車場","35.86789","139.508004","https://btimes.jp/saitama/park/48802/"
"48804","Pふじみ野鶴ケ舞-０２駐車場","35.867332","139.507901","https://btimes.jp/saitama/park/48804/"
"51106","Ｐふじみ野福岡中央-０３駐車場","35.870802","139.524216","https://btimes.jp/saitama/park/51106/"
"586","【バイク専用】タイムズ上福岡第８駐車場","35.871118","139.516963","https://btimes.jp/saitama/park/586/"
"56608","タイムズ上福岡パーキング","35.871847","139.517514","https://btimes.jp/saitama/park/56608/"
"56609","【軽専用】タイムズ上福岡パーキング","35.871847","139.517514","https://btimes.jp/saitama/park/56609/"
"52510","Ｐふじみ野築地-０３駐車場","35.870724","139.532185","https://btimes.jp/saitama/park/52510/"
"52506","Ｐふじみ野上ノ原-０６駐車場","35.871792","139.528752","https://btimes.jp/saitama/park/52506/"
"52505","Ｐふじみ野上ノ原-０３駐車場","35.872115","139.528781","https://btimes.jp/saitama/park/52505/"
"51437","Ｐふじみ野築地-０４駐車場","35.870371","139.534138","https://btimes.jp/saitama/park/51437/"
"48586","Ｐふじみ野松山-０５駐車場","35.869913","139.530401","https://btimes.jp/saitama/park/48586/"
"52504","Ｐふじみ野松山-０２駐車場","35.869603","139.529573","https://btimes.jp/saitama/park/52504/"
"52513","Ｐふじみ野長宮-０２駐車場","35.87225","139.532586","https://btimes.jp/saitama/park/52513/"
"52508","Ｐふじみ野西原-０７駐車場","35.870723","139.529754","https://btimes.jp/saitama/park/52508/"
"52502","Ｐふじみ野松山-０１駐車場","35.869269","139.528232","https://btimes.jp/saitama/park/52502/"
"52503","Ｐふじみ野松山-０１駐車場","35.869269","139.528232","https://btimes.jp/saitama/park/52503/"
"26230","ふじみ野市西原２丁目　Ｐ福岡-７３駐車場","35.871986","139.529437","https://btimes.jp/saitama/park/26230/"
"48582","Ｐふじみ野富士見台-０１駐車場","35.867858","139.525759","https://btimes.jp/saitama/park/48582/"
"55618","Ｐふじみ野富士見台-０１駐車場","35.867858","139.525759","https://btimes.jp/saitama/park/55618/"
"26273","ふじみ野市富士見台　Ｐ福岡-８５駐車場","35.867905","139.52576","https://btimes.jp/saitama/park/26273/"
"48811","Pふじみ野福岡新田-０１駐車場","35.87046","139.541318","https://btimes.jp/saitama/park/48811/"
"51103","Ｐふじみ野水宮-０１駐車場","35.868947","139.541207","https://btimes.jp/saitama/park/51103/"
"51436","Ｐふじみ野谷田-０１駐車場","35.870822","139.540664","https://btimes.jp/saitama/park/51436/"
"52512","Ｐふじみ野仲-０２駐車場","35.870108","139.539533","https://btimes.jp/saitama/park/52512/"
"51105","Ｐふじみ野仲ー０４駐車場","35.86978","139.539029","https://btimes.jp/saitama/park/51105/"
"64592","上峰3-12-12ドミールST駐車場","35.872801","139.624595","https://btimes.jp/saitama/park/64592/"
"61649","【コンパクトカー・軽専用】上峰4-8-3榎本パーキング","35.874102","139.624044","https://btimes.jp/saitama/park/61649/"
"63595","上峰4-8-3榎本第2パーキング","35.874134","139.623906","https://btimes.jp/saitama/park/63595/"
"61112","与野本町上峰西Aパーク","35.87267","139.6218","https://btimes.jp/saitama/park/61112/"
"63571","上峰4-8-5駐車場","35.87423","139.623943","https://btimes.jp/saitama/park/63571/"
"36063","諏訪町11-4駐車場","35.876829","139.503865","https://btimes.jp/saitama/park/36063/"
"60862","アイリス駐車場","35.876055","139.505479","https://btimes.jp/saitama/park/60862/"
"41570","プランドールハイム駐車場","35.87865","139.5201","https://btimes.jp/saitama/park/41570/"
"51435","Ｐふじみ野大原-０１駐車場","35.878331","139.519226","https://btimes.jp/saitama/park/51435/"
"51104","Ｐふじみ野清見-０１駐車場","35.879263","139.523024","https://btimes.jp/saitama/park/51104/"
"53941","Ｐ川越寺尾-０２駐車場","35.88081","139.515705","https://btimes.jp/saitama/park/53941/"
"48803","Pふじみ野滝-０２駐車場","35.875265","139.532484","https://btimes.jp/saitama/park/48803/"
"41499","川村医院駐車場","35.877343","139.607125","https://btimes.jp/saitama/park/41499/"
"60401","白鍬中央駐車場","35.875532","139.606114","https://btimes.jp/saitama/park/60401/"
"43249","白鍬438-1駐車場","35.879886","139.608942","https://btimes.jp/saitama/park/43249/"
"35279","本町東４－５７３第2駐車場","35.882987","139.623448","https://btimes.jp/saitama/park/35279/"
"41568","コーポイワツキII駐車場","35.885151","139.51013","https://btimes.jp/saitama/park/41568/"
"52518","Ｐ川越今泉-０２駐車場","35.89032","139.526802","https://btimes.jp/saitama/park/52518/"
"54253","Ｐ川越今泉-０１駐車場","35.890291","139.526473","https://btimes.jp/saitama/park/54253/"
"52519","Ｐ川越今泉-０３駐車場","35.890299","139.526366","https://btimes.jp/saitama/park/52519/"
"25546","与野本町ハイツ駐車場","35.886301","139.620139","https://btimes.jp/saitama/park/25546/"
"44233","トルナーレ駐車場","35.886143","139.624665","https://btimes.jp/saitama/park/44233/"
"30471","２５４号高架下駐車場【ウニクス 南古谷 徒歩８分】","35.899446","139.510299","https://btimes.jp/saitama/park/30471/"
"876","南古谷高架下駐車場【南古谷駅 徒歩13分】","35.891709","139.523713","https://btimes.jp/saitama/park/876/"
"65606","SORA CUBE TERRACE S棟駐車場","35.895173","139.516543","https://btimes.jp/saitama/park/65606/"
"65605","SORA CUBE TERRACE N棟駐車場","35.895188","139.516426","https://btimes.jp/saitama/park/65605/"
"47850","グレースメゾン駐車場","35.894864","139.597549","https://btimes.jp/saitama/park/47850/"
"45060","タイムズ大宮上小町駐車場","35.895409","139.611343","https://btimes.jp/saitama/park/45060/"
"50380","ピコモンテ駐車場","35.896779","139.607715","https://btimes.jp/saitama/park/50380/"
"65615","Ｔ'sタウン2駐車場","35.902958","139.579423","https://btimes.jp/saitama/park/65615/"
"65614","Ｔ'sタウン駐車場","35.903029","139.579335","https://btimes.jp/saitama/park/65614/"
"65980","三橋1駐車場","35.902149","139.610749","https://btimes.jp/saitama/park/65980/"
"39188","ハイツ小島B棟駐車場","35.904001","139.611236","https://btimes.jp/saitama/park/39188/"
"27974","そごう大宮店パーキング館","35.901424","139.624523","https://btimes.jp/saitama/park/27974/"
"29674","そごう大宮店パーキング館","35.901478","139.62458","https://btimes.jp/saitama/park/29674/"
"29382","エクセレンテ駐車場","35.907284","139.618994","https://btimes.jp/saitama/park/29382/"
"1396","宝来第一駐車場","35.916407","139.562398","https://btimes.jp/saitama/park/1396/"
"38264","三橋6丁目サンハイツタケ駐車場","35.912901","139.592715","https://btimes.jp/saitama/park/38264/"
"46099","メゾン三須駐車場","35.913805","139.617327","https://btimes.jp/saitama/park/46099/"
"46149","メゾン三須駐車場","35.910606","139.620535","https://btimes.jp/saitama/park/46149/"
"42090","久保ハイツ２駐車場","35.953861","139.580969","https://btimes.jp/saitama/park/42090/"
"54002","ラメゾン宮田駐車場","35.949361","139.598429","https://btimes.jp/saitama/park/54002/"
"43856","クローバーコート駐車場","35.97543","139.592594","https://btimes.jp/saitama/park/43856/"
"1395","指扇第一駐車場","35.920322","139.569526","https://btimes.jp/saitama/park/1395/"
"41492","レグルス桶川駐車場","35.991508","139.567152","https://btimes.jp/saitama/park/41492/"
"36222","上 駐車場","35.991722","139.576556","https://btimes.jp/saitama/park/36222/"
"62778","【2番車室】上 駐車場","35.991722","139.576556","https://btimes.jp/saitama/park/62778/"
"54646","パインズＫ駐車場","35.99321","139.574159","https://btimes.jp/saitama/park/54646/"
"46978","宮原町４丁目駐車場","35.947018","139.612741","https://btimes.jp/saitama/park/46978/"
"2382","タイムズ桶川駐車場","35.994249","139.567497","https://btimes.jp/saitama/park/2382/"
"30633","極楽湯・上尾店駐車場","35.984404","139.597846","https://btimes.jp/saitama/park/30633/"
"46747","タイムズ桶川東口第２駐車場","35.995326","139.569783","https://btimes.jp/saitama/park/46747/"
"53732","吉野町7-1駐車場","35.956464","139.618035","https://btimes.jp/saitama/park/53732/"
"64216","タイムズ宮原駅西口駐車場","35.935335","139.612545","https://btimes.jp/saitama/park/64216/"
"52376","三橋6-1467-4駐車場","35.917179","139.59487","https://btimes.jp/saitama/park/52376/"
"58726","ビレッジハウス上尾駐車場","35.987074","139.604338","https://btimes.jp/saitama/park/58726/"
"50091","コンサートホール 上尾店駐車場","35.98897","139.602059","https://btimes.jp/saitama/park/50091/"
"43413","スーパーオートバックス大宮バイパス駐車場","35.91741","139.595773","https://btimes.jp/saitama/park/43413/"
"56944","今羽町駐車場","35.949348","139.623001","https://btimes.jp/saitama/park/56944/"
"56942","今羽第２","35.948015","139.622985","https://btimes.jp/saitama/park/56942/"
"56943","今羽第３","35.949859","139.623286","https://btimes.jp/saitama/park/56943/"
"26009","宮原２丁目有料簡易駐車場","35.943452","139.622078","https://btimes.jp/saitama/park/26009/"
"26010","吉野原有料簡易駐車場","35.953728","139.624008","https://btimes.jp/saitama/park/26010/"
"32518","吉野町有料簡易駐車場","35.94236","139.621931","https://btimes.jp/saitama/park/32518/"
"7905","東宮原NO.3有料簡易駐車場","35.94154","139.621819","https://btimes.jp/saitama/park/7905/"
"43572","ステラシリウス駐車場","35.939819","139.622212","https://btimes.jp/saitama/park/43572/"
"32524","シャトル東宮原有料簡易駐車場","35.936025","139.620709","https://btimes.jp/saitama/park/32524/"
"54230","ラ・レコルト駐車場","35.933098","139.622619","https://btimes.jp/saitama/park/54230/"
"54229","ラ・レコルト南側駐車場","35.933019","139.622931","https://btimes.jp/saitama/park/54229/"
"26008","シャトル東大成有料簡易駐車場","35.927777","139.619638","https://btimes.jp/saitama/park/26008/"
"26007","大成橋有料簡易駐車場","35.92572","139.619615","https://btimes.jp/saitama/park/26007/"
"58345","リビーナ駐車場","35.99474","139.618533","https://btimes.jp/saitama/park/58345/"
"7904","志久有料簡易駐車場","35.989488","139.624906","https://btimes.jp/saitama/park/7904/"
"32835","中央（Ａ）有料簡易駐車場","35.99132","139.623953","https://btimes.jp/saitama/park/32835/"
"32519","中央（Ｂ）有料簡易駐車場","35.991701","139.623726","https://btimes.jp/saitama/park/32519/"
"32561","上新田有料簡易駐車場","35.992226","139.623462","https://btimes.jp/saitama/park/32561/"
"32541","伊奈中央有料簡易駐車場","35.995782","139.620879","https://btimes.jp/saitama/park/32541/"
"42027","Casa・M駐車場","35.95331","139.586081","https://btimes.jp/saitama/park/42027/"
"31801","柏座4丁目第1駐車場","35.96557","139.58287","https://btimes.jp/saitama/park/31801/"
"44234","レジデンスK.N駐車場","35.972545","139.593449","https://btimes.jp/saitama/park/44234/"
"44392","エストアイA棟・B棟駐車場","35.968292","139.60531","https://btimes.jp/saitama/park/44392/"
"604","【軽専用】タイムズ桶川駐車場","35.993903","139.567241","https://btimes.jp/saitama/park/604/"
"46740","タイムズ桶川レンガ駐車場","35.994849","139.568625","https://btimes.jp/saitama/park/46740/"
"26155","桶川南第２駐車場","35.996138","139.569507","https://btimes.jp/saitama/park/26155/"
"32677","マンスリー桶川東２丁目駐車場","35.995844","139.573202","https://btimes.jp/saitama/park/32677/"
"31123","FK前島マンション駐車場","35.996772","139.573411","https://btimes.jp/saitama/park/31123/"
"29182","アーバンハイム寿駐車場","35.997642","139.569034","https://btimes.jp/saitama/park/29182/"
"29868","サニーハウス駐車場（埼玉）","35.985751","139.606231","https://btimes.jp/saitama/park/29868/"
"47510","ディス　クルール駐車場","35.922496","139.604876","https://btimes.jp/saitama/park/47510/"
"57361","新今羽駐車場","35.945013","139.622459","https://btimes.jp/saitama/park/57361/"
"42945","テレパレス大宮日進駐車場","35.919586","139.605289","https://btimes.jp/saitama/park/42945/"
"57650","大成４丁目第２","35.928023","139.617043","https://btimes.jp/saitama/park/57650/"
"32527","大針有料簡易駐車場","35.998949","139.618101","https://btimes.jp/saitama/park/32527/"
"30784","金沢産業振興センター駐車場","35.349984","139.651433","https://btimes.jp/kanagawa/park/30784/"
"46526","大里町賃貸駐車場","35.412497","139.666217","https://btimes.jp/kanagawa/park/46526/"
"30777","海辺の散歩道＠横浜駐車場","35.337741","139.653188","https://btimes.jp/kanagawa/park/30777/"
"41382","フラッツ湘南富岡駐車場","35.367287","139.629799","https://btimes.jp/kanagawa/park/41382/"
"33729","ポート福浦駐車場","35.346159","139.656465","https://btimes.jp/kanagawa/park/33729/"
"56819","南部市場駅前駐車場","35.375468","139.640096","https://btimes.jp/kanagawa/park/56819/"
"30147","富岡東１－２９－１４駐車場","35.373799","139.626721","https://btimes.jp/kanagawa/park/30147/"
"57099","根岸","35.416022","139.649398","https://btimes.jp/kanagawa/park/57099/"
"51238","横浜中華街パーキング","35.440964","139.648966","https://btimes.jp/kanagawa/park/51238/"
"35948","プロロジスパーク横浜鶴見駐車場","35.491248","139.707737","https://btimes.jp/kanagawa/park/35948/"
"55177","エヴァーグラス旭川駐車場","35.494473","139.688457","https://btimes.jp/kanagawa/park/55177/"
"39659","ダイレクトパーク 横浜元町中華街駐車場","35.436894","139.64757","https://btimes.jp/kanagawa/park/39659/"
"43132","タイムズ吉浜橋駐車場","35.436788","139.647179","https://btimes.jp/kanagawa/park/43132/"
"57931","新子安1丁目駐車場","35.485897","139.6592","https://btimes.jp/kanagawa/park/57931/"
"25547","関内新井ビルパーキング【３ナンバー・軽自動車・輸入車・ミニバン・SUV利用不可】","35.441726","139.641632","https://btimes.jp/kanagawa/park/25547/"
"38202","中区本牧間門駐車場","35.417872","139.664949","https://btimes.jp/kanagawa/park/38202/"
"53934","横浜アイランドタワー駐車場","35.44696","139.638435","https://btimes.jp/kanagawa/park/53934/"
"53935","横浜アイランドタワー駐車場","35.44696","139.638435","https://btimes.jp/kanagawa/park/53935/"
"3404","関内トーセイビルII駐車場【全高155cm以下】","35.443757","139.639197","https://btimes.jp/kanagawa/park/3404/"
"41856","鶴見東寺尾駐車場","35.491988","139.66191","https://btimes.jp/kanagawa/park/41856/"
"57166","Pin 国道駅前バイク","35.497942","139.678414","https://btimes.jp/kanagawa/park/57166/"
"60213","クイーンズパーキング","35.453112","139.635521","https://btimes.jp/kanagawa/park/60213/"
"63695","竹之丸16駐車場","35.426354","139.647957","https://btimes.jp/kanagawa/park/63695/"
"25682","柏葉駐車場","35.428107","139.646164","https://btimes.jp/kanagawa/park/25682/"
"54116","トラストパーク クロスゲート","35.447029","139.635869","https://btimes.jp/kanagawa/park/54116/"
"27806","桜木町ピオシティ駐車場","35.44645","139.634113","https://btimes.jp/kanagawa/park/27806/"
"47432","東神奈川公園前駐車場","35.472265","139.637029","https://btimes.jp/kanagawa/park/47432/"
"59460","西竹之丸60-5駐車場","35.426643","139.644497","https://btimes.jp/kanagawa/park/59460/"
"56792","【ぴあアリーナ前】KDX横浜みなとみらいタワー駐車場駐車場","35.452908","139.632925","https://btimes.jp/kanagawa/park/56792/"
"56793","KDX横浜みなとみらいタワー駐車場","35.452908","139.632925","https://btimes.jp/kanagawa/park/56793/"
"54362","横浜コネクトスクエア駐車場","35.4536","139.632444","https://btimes.jp/kanagawa/park/54362/"
"58241","【154cm以下】トラストパーク横浜シンフォステージ駐車場","35.45785","139.631898","https://btimes.jp/kanagawa/park/58241/"
"42576","横浜グランゲート駐車場","35.459396","139.632032","https://btimes.jp/kanagawa/park/42576/"
"58240","【ハイルーフ車】トラストパーク横浜シンフォステージ駐車場","35.457825","139.631874","https://btimes.jp/kanagawa/park/58240/"
"50875","トミーバイクパーキング花咲町","35.447727","139.632337","https://btimes.jp/kanagawa/park/50875/"
"46097","横浜アイマークプレイス駐車場","35.456277","139.631504","https://btimes.jp/kanagawa/park/46097/"
"54635","横浜アイマークプレイス駐車場","35.456277","139.631504","https://btimes.jp/kanagawa/park/54635/"
"49214","横浜中村町駐車場","35.432346","139.638241","https://btimes.jp/kanagawa/park/49214/"
"35144","モアレ山田町駐車場","35.435327","139.635561","https://btimes.jp/kanagawa/park/35144/"
"44903","横浜ベイクォーター駐車場","35.463012","139.630786","https://btimes.jp/kanagawa/park/44903/"
"31420","トラストパーク横浜ブルーアベニュー駐車場","35.45691","139.630019","https://btimes.jp/kanagawa/park/31420/"
"45927","トラストパーク横浜ブルーアベニュー駐車場","35.45691","139.630019","https://btimes.jp/kanagawa/park/45927/"
"52178","みなとみらい第６駐車場","35.453985","139.629604","https://btimes.jp/kanagawa/park/52178/"
"63598","白幡仲町３５-１グッドウィル白幡仲町駐車場","35.48545","139.640645","https://btimes.jp/kanagawa/park/63598/"
"43781","ＪＲ横浜パーキング","35.466268","139.628104","https://btimes.jp/kanagawa/park/43781/"
"44165","ＪＲ横浜バイクパーキング","35.466268","139.628104","https://btimes.jp/kanagawa/park/44165/"
"30294","西大口175-15駐車場","35.491358","139.641144","https://btimes.jp/kanagawa/park/30294/"
"57131","西寺尾第三","35.49626","139.647229","https://btimes.jp/kanagawa/park/57131/"
"44736","高根町4-27-2駐車場","35.432653","139.627519","https://btimes.jp/kanagawa/park/44736/"
"62216","カーサ白楽駐車場","35.48982","139.629365","https://btimes.jp/kanagawa/park/62216/"
"31231","港北区篠原東3丁目　アズール篠原駐車場","35.499372","139.631184","https://btimes.jp/kanagawa/park/31231/"
"62693","篠原東3-26駐車場","35.499722","139.631125","https://btimes.jp/kanagawa/park/62693/"
"65995","弥生ハイツフロントパーキング","35.498972","139.62779","https://btimes.jp/kanagawa/park/65995/"
"64670","クレセント篠原パーキング","35.499034","139.627637","https://btimes.jp/kanagawa/park/64670/"
"44455","ステーション横浜山下町B駐車場","35.441736","139.651015","https://btimes.jp/kanagawa/park/44455/"
"45385","山下町第１８駐車場","35.440456","139.648985","https://btimes.jp/kanagawa/park/45385/"
"46723","TAKT-SPACE岸谷駐車場","35.493388","139.669914","https://btimes.jp/kanagawa/park/46723/"
"46724","TAKT-SPACE岸谷駐車場","35.493388","139.669914","https://btimes.jp/kanagawa/park/46724/"
"47892","子安台１丁目駐車場","35.490181","139.661189","https://btimes.jp/kanagawa/park/47892/"
"62358","Pin 国道駅前バイク","35.497942","139.678414","https://btimes.jp/kanagawa/park/62358/"
"62359","Pin 国道駅前バイク","35.497942","139.678414","https://btimes.jp/kanagawa/park/62359/"
"57596","大口駅第三","35.487522","139.649777","https://btimes.jp/kanagawa/park/57596/"
"55792","みなとみらいグランドセントラルタワー駐車場","35.455196","139.63203","https://btimes.jp/kanagawa/park/55792/"
"57598","大口駅第二","35.490739","139.649273","https://btimes.jp/kanagawa/park/57598/"
"57578","神之木D","35.49252","139.6507","https://btimes.jp/kanagawa/park/57578/"
"25636","西神奈川第１１駐車場","35.475571","139.635007","https://btimes.jp/kanagawa/park/25636/"
"57577","神之木C","35.492483","139.649227","https://btimes.jp/kanagawa/park/57577/"
"57585","西寺尾第二","35.49244","139.648916","https://btimes.jp/kanagawa/park/57585/"
"57583","西寺尾","35.492603","139.648921","https://btimes.jp/kanagawa/park/57583/"
"57584","西寺尾第四","35.492774","139.649026","https://btimes.jp/kanagawa/park/57584/"
"32007","桐畑駐車場","35.470313","139.631097","https://btimes.jp/kanagawa/park/32007/"
"50565","横浜市教育会館駐車場","35.447722","139.628537","https://btimes.jp/kanagawa/park/50565/"
"48473","フォルトゥーナ港北駐車場","35.497336","139.633653","https://btimes.jp/kanagawa/park/48473/"
"30782","篠原西町公園駐車場","35.493295","139.625249","https://btimes.jp/kanagawa/park/30782/"
"44670","エバークレスト駐車場","35.50071","139.630055","https://btimes.jp/kanagawa/park/44670/"
"44673","エバークレスト駐車場","35.50071","139.630055","https://btimes.jp/kanagawa/park/44673/"
"42140","ミニヨン菊名駐車場","35.504402","139.628819","https://btimes.jp/kanagawa/park/42140/"
"53489","FKエルプレイス菊名（D・E棟）駐車場","35.501936","139.634974","https://btimes.jp/kanagawa/park/53489/"
"53490","FKエルプレイス菊名（D・E棟）駐車場","35.501936","139.634974","https://btimes.jp/kanagawa/park/53490/"
"53421","FKエルプレイス菊名（B・C棟）駐車場","35.502334","139.63528","https://btimes.jp/kanagawa/park/53421/"
"53488","FKエルプレイス菊名（A棟）駐車場","35.5026","139.635242","https://btimes.jp/kanagawa/park/53488/"
"45570","エクセル・ハイム駐車場","35.503882","139.650007","https://btimes.jp/kanagawa/park/45570/"
"57148","鶴見一丁目バイク","35.500265","139.677889","https://btimes.jp/kanagawa/park/57148/"
"30075","川崎小田4丁目第3駐車場","35.508161","139.703814","https://btimes.jp/kanagawa/park/30075/"
"42490","鶴見区獅子ケ谷１丁目駐車場","35.514111","139.656017","https://btimes.jp/kanagawa/park/42490/"
"45571","ベルメゾン泉駐車場","35.509915","139.672784","https://btimes.jp/kanagawa/park/45571/"
"45350","北寺尾3丁目駐車場","35.513221","139.664144","https://btimes.jp/kanagawa/park/45350/"
"27705","エオロ北寺尾駐車場","35.511099","139.663632","https://btimes.jp/kanagawa/park/27705/"
"35477","京急鶴見第1駐車場","35.508921","139.686382","https://btimes.jp/kanagawa/park/35477/"
"2568","鶴見平安町駐車場","35.510278","139.694731","https://btimes.jp/kanagawa/park/2568/"
"2569","鶴見平安町駐車場","35.510278","139.694731","https://btimes.jp/kanagawa/park/2569/"
"35476","京急鶴見市場第２駐車場","35.511564","139.68801","https://btimes.jp/kanagawa/park/35476/"
"29362","鶴見市場パーキング","35.51651","139.68931","https://btimes.jp/kanagawa/park/29362/"
"57558","小田栄","35.512857","139.706037","https://btimes.jp/kanagawa/park/57558/"
"57589","川崎新町駅前","35.514918","139.702415","https://btimes.jp/kanagawa/park/57589/"
"57588","川崎新町","35.515584","139.702058","https://btimes.jp/kanagawa/park/57588/"
"51045","株式会社高木運輸　休日駐車場","35.519314","139.648406","https://btimes.jp/kanagawa/park/51045/"
"58105","FK梶山2丁目駐車場","35.523523","139.660658","https://btimes.jp/kanagawa/park/58105/"
"30657","RAKU SPA 鶴見　第１駐車場","35.519642","139.683175","https://btimes.jp/kanagawa/park/30657/"
"30653","RAKU SPA 鶴見　第２駐車場","35.519144","139.681167","https://btimes.jp/kanagawa/park/30653/"
"43894","RAKU SPA 鶴見　第２駐車場","35.519144","139.681167","https://btimes.jp/kanagawa/park/43894/"
"30773","尻手第２駐車場","35.522569","139.687204","https://btimes.jp/kanagawa/park/30773/"
"57576","新鶴見給電区","35.524522","139.683153","https://btimes.jp/kanagawa/park/57576/"
"41152","川崎日進駐車場","35.520326","139.697308","https://btimes.jp/kanagawa/park/41152/"
"57077","下並木高架下","35.520302","139.693615","https://btimes.jp/kanagawa/park/57077/"
"3329","尻手１丁目第２駐車場","35.521675","139.690577","https://btimes.jp/kanagawa/park/3329/"
"57567","尻手第二","35.524852","139.689243","https://btimes.jp/kanagawa/park/57567/"
"1658","川崎南町第５駐車場","35.522504","139.70251","https://btimes.jp/kanagawa/park/1658/"
"39551","クリオ綱島東壱番館駐車場","35.526659","139.646952","https://btimes.jp/kanagawa/park/39551/"
"43647","横浜駒岡3丁目駐車場","35.527238","139.658583","https://btimes.jp/kanagawa/park/43647/"
"50488","上末吉５丁目駐車場","35.528882","139.668025","https://btimes.jp/kanagawa/park/50488/"
"3177","梶山駐車場","35.52613","139.665","https://btimes.jp/kanagawa/park/3177/"
"53837","FK矢向2丁目駐車場","35.526056","139.684405","https://btimes.jp/kanagawa/park/53837/"
"61640","（BT）アトレ川崎駐車場","35.527407","139.699966","https://btimes.jp/kanagawa/park/61640/"
"57566","尻手第一","35.526327","139.687888","https://btimes.jp/kanagawa/park/57566/"
"29909","尻手駅前駐車場","35.528858","139.688211","https://btimes.jp/kanagawa/park/29909/"
"39105","堀之内駐車場 ","35.52912","139.707432","https://btimes.jp/kanagawa/park/39105/"
"29905","川崎駅前本町駐車場","35.530396","139.703524","https://btimes.jp/kanagawa/park/29905/"
"41154","かわさきテクノピア堀川町ハイツ駐車場","35.532083","139.704486","https://btimes.jp/kanagawa/park/41154/"
"578","川崎大師駅前駐車場","35.529734","139.727501","https://btimes.jp/kanagawa/park/578/"
"7858","グランコール出来野マンション駐車場","35.531807","139.742525","https://btimes.jp/kanagawa/park/7858/"
"53848","エステートピア四谷A（軽自動車専用）","35.525142","139.739306","https://btimes.jp/kanagawa/park/53848/"
"53832","エステートピア四谷A（普通車用）","35.52515","139.739263","https://btimes.jp/kanagawa/park/53832/"
"57630","矢向駅前","35.535469","139.683631","https://btimes.jp/kanagawa/park/57630/"
"64118","塚越４丁目駐車場","35.537945","139.683322","https://btimes.jp/kanagawa/park/64118/"
"57557","小倉高架下","35.537917","139.678604","https://btimes.jp/kanagawa/park/57557/"
"35513","京急六郷土手第３駐車場","35.536909","139.710616","https://btimes.jp/tokyo/park/35513/"
"57346","仲六郷第二","35.537379","139.709298","https://btimes.jp/tokyo/park/57346/"
"45865","タイムズ仲六郷第１０駐車場","35.540092","139.711891","https://btimes.jp/tokyo/park/45865/"
"61535","川崎幸町駐車場","35.533594","139.701033","https://btimes.jp/kanagawa/park/61535/"
"57344","仲六郷第一","35.540499","139.711398","https://btimes.jp/tokyo/park/57344/"
"35512","京急雑色第６駐車場","35.541016","139.713979","https://btimes.jp/tokyo/park/35512/"
"53928","島忠ホームズ川崎大師店","35.533914","139.736376","https://btimes.jp/kanagawa/park/53928/"
"62952","トミーバイクパーキング新川崎","35.544003","139.681386","https://btimes.jp/kanagawa/park/62952/"
"65052","下平間扇ビル駐車場","35.549772","139.681918","https://btimes.jp/kanagawa/park/65052/"
"569","古川町第２駐車場","35.542227","139.687507","https://btimes.jp/kanagawa/park/569/"
"2122","川崎古市場駐車場","35.549461","139.690017","https://btimes.jp/kanagawa/park/2122/"
"35569","京急仲六郷１丁目駐車場","35.549818","139.720508","https://btimes.jp/tokyo/park/35569/"
"39713","本羽田１丁目駐車場","35.54458","139.730672","https://btimes.jp/tokyo/park/39713/"
"59271","メルキュール東京羽田エアポート駐車場","35.548341","139.746604","https://btimes.jp/tokyo/park/59271/"
"50374","サンジョヴェーゼ日吉駐車場","35.552823","139.636581","https://btimes.jp/kanagawa/park/50374/"
"53822","平間駐車場","35.557302","139.671953","https://btimes.jp/kanagawa/park/53822/"
"44223","リゾヤグチ駐車場","35.554968","139.697568","https://btimes.jp/tokyo/park/44223/"
"61257","多摩川2-23-3駐車場","35.554416","139.705676","https://btimes.jp/tokyo/park/61257/"
"2129","仲六郷１丁目駐車場","35.552225","139.722226","https://btimes.jp/tokyo/park/2129/"
"48821","ハイム南風駐車場","35.554391","139.724575","https://btimes.jp/tokyo/park/48821/"
"48710","ハイム南風駐車場","35.554391","139.724575","https://btimes.jp/tokyo/park/48710/"
"44384","西蒲田８丁目第３駐車場","35.558113","139.717333","https://btimes.jp/tokyo/park/44384/"
"55937","変なホテル東京羽田駐車場","35.551634","139.744384","https://btimes.jp/tokyo/park/55937/"
"43295","ハーモニーレジデンス羽田ウエスト駐車場","35.550518","139.749271","https://btimes.jp/tokyo/park/43295/"
"64027","井田１丁目１３駐車場","35.558555","139.648899","https://btimes.jp/kanagawa/park/64027/"
"39810","井田三舞町駐車場","35.56463","139.648404","https://btimes.jp/kanagawa/park/39810/"
"32812","マンスリータイムズ千鳥２丁目駐車場","35.564784","139.697487","https://btimes.jp/tokyo/park/32812/"
"32815","マンスリータイムズ千鳥２丁目駐車場","35.564784","139.697487","https://btimes.jp/tokyo/park/32815/"
"41714","池上6-22-2駐車場","35.566083","139.705764","https://btimes.jp/tokyo/park/41714/"
"38736","蒲田１丁目第２駐車場","35.561609","139.72165","https://btimes.jp/tokyo/park/38736/"
"650","蒲田第３４駐車場","35.55973","139.722526","https://btimes.jp/tokyo/park/650/"
"60164","大森西7-3-6五味駐車場駐車場","35.566364","139.724639","https://btimes.jp/tokyo/park/60164/"
"39332","大森西５丁目駐車場","35.566541","139.731664","https://btimes.jp/tokyo/park/39332/"
"38512","蒲田２丁目駐車場","35.563901","139.726427","https://btimes.jp/tokyo/park/38512/"
"35511","京急梅屋敷第３駐車場","35.561513","139.729728","https://btimes.jp/tokyo/park/35511/"
"35540","京急梅屋敷第１駐車場","35.562575","139.730536","https://btimes.jp/tokyo/park/35540/"
"39805","セゾン千年駐車場","35.569572","139.626703","https://btimes.jp/kanagawa/park/39805/"
"39832","高津区千年216駐車場","35.569994","139.626783","https://btimes.jp/kanagawa/park/39832/"
"47894","グリーンテラス千年駐車場","35.569715","139.625937","https://btimes.jp/kanagawa/park/47894/"
"26501","第１メゾンたちばなパーキング","35.572227","139.633994","https://btimes.jp/kanagawa/park/26501/"
"44759","アメニティＦＭ駐車場","35.56924","139.643558","https://btimes.jp/kanagawa/park/44759/"
"46543","ライブオン和田駐車場","35.570237","139.655115","https://btimes.jp/kanagawa/park/46543/"
"54354","今井南町駐車場（軽車室専用）","35.566757","139.658075","https://btimes.jp/kanagawa/park/54354/"
"55037","今井上町郵政前駐車場","35.57437","139.655394","https://btimes.jp/kanagawa/park/55037/"
"42365","大森西２丁目駐車場","35.573526","139.7342","https://btimes.jp/tokyo/park/42365/"
"35503","京急平和島第１駐車場","35.573741","139.737384","https://btimes.jp/tokyo/park/35503/"
"691","平和島第２駐車場","35.574734","139.748348","https://btimes.jp/tokyo/park/691/"
"42018","川崎宮内４丁目駐車場","35.583071","139.64667","https://btimes.jp/kanagawa/park/42018/"
"47582","小杉町プリベンタス駐車場","35.57835","139.660305","https://btimes.jp/kanagawa/park/47582/"
"54134","今井上町月極駐車場","35.575435","139.654663","https://btimes.jp/kanagawa/park/54134/"
"35257","アネシス・ヴィラ駐車場","35.579449","139.654852","https://btimes.jp/kanagawa/park/35257/"
"39549","等々力緑地入口駐車場","35.580665","139.651545","https://btimes.jp/kanagawa/park/39549/"
"32784","小杉御殿町第５駐車場","35.576455","139.657988","https://btimes.jp/kanagawa/park/32784/"
"65646","プルミエ西嶺駐車場","35.58039","139.683848","https://btimes.jp/tokyo/park/65646/"
"59200","マンスリー北嶺町駐車場","35.582963","139.683471","https://btimes.jp/tokyo/park/59200/"
"2729","久が原第１５駐車場","35.581674","139.696126","https://btimes.jp/tokyo/park/2729/"
"54098","南馬込３丁目28-9-9駐車場","35.580822","139.721792","https://btimes.jp/tokyo/park/54098/"
"60013","南馬込４丁目駐車場","35.58269","139.713098","https://btimes.jp/tokyo/park/60013/"
"41167","大田中央４丁目駐車場","35.577738","139.720636","https://btimes.jp/tokyo/park/41167/"
"32126","大田中央第１５駐車場","35.577361","139.723878","https://btimes.jp/tokyo/park/32126/"
"42472","新城5-9-18駐車場","35.583676","139.631759","https://btimes.jp/kanagawa/park/42472/"
"57150","P in武蔵新城バイク月極","35.58516","139.63029","https://btimes.jp/kanagawa/park/57150/"
"30855","坂戸3-9-1駐車場","35.591587","139.626628","https://btimes.jp/kanagawa/park/30855/"
"57568","新作第一","35.585661","139.628968","https://btimes.jp/kanagawa/park/57568/"
"57569","新作第二","35.585745","139.628794","https://btimes.jp/kanagawa/park/57569/"
"32198","マンスリー田園調布５丁目駐車場","35.589757","139.662334","https://btimes.jp/tokyo/park/32198/"
"38724","田園調布２丁目第２駐車場","35.589075","139.674267","https://btimes.jp/tokyo/park/38724/"
"43322","田園調布１丁目第３駐車場","35.587655","139.677826","https://btimes.jp/tokyo/park/43322/"
"32466","田園調布１丁目第１駐車場","35.587969","139.677491","https://btimes.jp/tokyo/park/32466/"
"28340","マンスリータイムズ南雪谷第４駐車場","35.584913","139.686622","https://btimes.jp/tokyo/park/28340/"
"32216","マンスリータイムズ雪谷大塚駐車場","35.587034","139.684333","https://btimes.jp/tokyo/park/32216/"
"29184","ヴィラさくら駐車場","35.588038","139.686334","https://btimes.jp/tokyo/park/29184/"
"51932","田園調布１丁目第４駐車場","35.587706","139.677674","https://btimes.jp/tokyo/park/51932/"
"654","南雪谷５丁目駐車場","35.58458","139.694969","https://btimes.jp/tokyo/park/654/"
"27871","メゾンドアベイユ駐車場","35.587404","139.688639","https://btimes.jp/tokyo/park/27871/"
"27688","ベルコート西馬込駐車場","35.584892","139.707238","https://btimes.jp/tokyo/park/27688/"
"28104","スタルヘイム駐車場","35.586646","139.707575","https://btimes.jp/tokyo/park/28104/"
"36775","上池台５丁目第２駐車場","35.590066","139.70535","https://btimes.jp/tokyo/park/36775/"
"36727","ガーデンハウス上池台Ａ棟駐車場","35.590192","139.704417","https://btimes.jp/tokyo/park/36727/"
"36801","南馬込５丁目駐車場","35.585685","139.713861","https://btimes.jp/tokyo/park/36801/"
"59176","FKパークicot大森駐車場（ハイルーフ車）","35.583677","139.73083","https://btimes.jp/tokyo/park/59176/"
"59175","FKパークicot大森駐車場（普通車）","35.583672","139.730772","https://btimes.jp/tokyo/park/59175/"
"39885","山王2-24-1駐車場","35.585896","139.726727","https://btimes.jp/tokyo/park/39885/"
"39099","南大井第28駐車場","35.587963","139.734782","https://btimes.jp/tokyo/park/39099/"
"39889","貝塚山王パーキング","35.588797","139.732786","https://btimes.jp/tokyo/park/39889/"
"56341","京急南大井１丁目駐車場","35.591207","139.740204","https://btimes.jp/tokyo/park/56341/"
"36585","大森本町１丁目駐車場","35.584226","139.740063","https://btimes.jp/tokyo/park/36585/"
"54350","FK北見方152駐車場","35.592276","139.634999","https://btimes.jp/kanagawa/park/54350/"
"38484","奥沢6丁目10-4駐車場","35.599806","139.665647","https://btimes.jp/tokyo/park/38484/"
"45241","東玉川1丁目駐車場","35.592978","139.679339","https://btimes.jp/tokyo/park/45241/"
"41380","エスペランサ東雪谷駐車場","35.592214","139.690227","https://btimes.jp/tokyo/park/41380/"
"65647","ビビエンダ駐車場","35.595356","139.702389","https://btimes.jp/tokyo/park/65647/"
"45524","タイムズ上池台第４駐車場","35.597065","139.701681","https://btimes.jp/tokyo/park/45524/"
"39960","中延第７駐車場","35.599157","139.714481","https://btimes.jp/tokyo/park/39960/"
"59194","大井４丁目第２駐車場","35.598641","139.736973","https://btimes.jp/tokyo/park/59194/"
"41486","シティファイブ二番館駐車場","35.595438","139.730799","https://btimes.jp/tokyo/park/41486/"
"40365","大井４丁目駐車場","35.598225","139.735513","https://btimes.jp/tokyo/park/40365/"
"28148","マンスリー大井４丁目ケイエスパーキング","35.598522","139.736576","https://btimes.jp/tokyo/park/28148/"
"39971","南大井第２６駐車場","35.594089","139.738513","https://btimes.jp/tokyo/park/39971/"
"35539","京急東大井駐車場","35.59841","139.743542","https://btimes.jp/tokyo/park/35539/"
"44752","グランドソレイユ等々力駐車場","35.607431","139.645665","https://btimes.jp/tokyo/park/44752/"
"54682","等々力6-6-4駐車場","35.607516","139.661969","https://btimes.jp/tokyo/park/54682/"
"41742","自由が丘第１５駐車場","35.603654","139.669914","https://btimes.jp/tokyo/park/41742/"
"40352","九品仏駅前第3駐車場","35.601698","139.664457","https://btimes.jp/tokyo/park/40352/"
"40340","九品仏駅前第２駐車場","35.601602","139.664127","https://btimes.jp/tokyo/park/40340/"
"46368","タイムズ緑が丘駐車場","35.606413","139.675916","https://btimes.jp/tokyo/park/46368/"
"35573","北千束第１１駐車場","35.605788","139.693509","https://btimes.jp/tokyo/park/35573/"
"39245","小山７丁目駐車場","35.607993","139.69918","https://btimes.jp/tokyo/park/39245/"
"65214","西中延　延山小校庭・前 Times-B駐車場","35.605575","139.711813","https://btimes.jp/tokyo/park/65214/"
"39992","荏原７丁目駐車場","35.608135","139.704471","https://btimes.jp/tokyo/park/39992/"
"48439","マンスリー戸越第２駐車場","35.606327","139.721993","https://btimes.jp/tokyo/park/48439/"
"40353","戸越第１４駐車場","35.607252","139.721552","https://btimes.jp/tokyo/park/40353/"
"39959","大井第２駐車場","35.603996","139.736233","https://btimes.jp/tokyo/park/39959/"
"39234","品川豊町第８駐車場","35.604711","139.725412","https://btimes.jp/tokyo/park/39234/"
"29642","大井第９駐車場","35.603635","139.735566","https://btimes.jp/tokyo/park/29642/"
"31194","FUTABA ＨＯＵＳＥ駐車場","35.601944","139.725911","https://btimes.jp/tokyo/park/31194/"
"38928","下神明第２駐車場","35.605724","139.727463","https://btimes.jp/tokyo/park/38928/"
"35526","京急浜川駐車場","35.600027","139.74429","https://btimes.jp/tokyo/park/35526/"
"54425","世田谷区営玉川３丁目アパート駐車場２","35.610903","139.627388","https://btimes.jp/tokyo/park/54425/"
"48711","世田谷区営玉川３丁目アパート駐車場","35.610894","139.627315","https://btimes.jp/tokyo/park/48711/"
"48712","世田谷区営玉川４丁目アパート駐車場【コンパクトカー推奨】","35.614659","139.627139","https://btimes.jp/tokyo/park/48712/"
"65457","エクセル中町駐車場","35.611459","139.650081","https://btimes.jp/tokyo/park/65457/"
"65645","アキュバ自由が丘駐車場","35.609121","139.672622","https://btimes.jp/tokyo/park/65645/"
"32787","中根１丁目駐車場","35.612691","139.675609","https://btimes.jp/tokyo/park/32787/"
"36789","目黒区南1丁目３駐車場","35.614006","139.693282","https://btimes.jp/tokyo/park/36789/"
"32567","原町２丁目駐車場","35.610205","139.694569","https://btimes.jp/tokyo/park/32567/"
"40351","原町第７駐車場","35.614416","139.69532","https://btimes.jp/tokyo/park/40351/"
"38924","小山第５駐車場","35.612926","139.704501","https://btimes.jp/tokyo/park/38924/"
"45536","タイムズ西中延1丁目駐車場","35.608863","139.711192","https://btimes.jp/tokyo/park/45536/"
"39997","原町1丁目第3駐車場","35.61373","139.700395","https://btimes.jp/tokyo/park/39997/"
"3323","目黒本町第１１駐車場","35.615236","139.701342","https://btimes.jp/tokyo/park/3323/"
"597","北品川駐車場","35.61474","139.745571","https://btimes.jp/tokyo/park/597/"
"40357","南品川２丁目駐車場","35.614881","139.744574","https://btimes.jp/tokyo/park/40357/"
"41189","グラン・クロワージュ御殿山駐車場","35.615979","139.741146","https://btimes.jp/tokyo/park/41189/"
"39224","瀬田4-34-9　第2駐車場","35.617943","139.629304","https://btimes.jp/tokyo/park/39224/"
"39296","瀬田4-34-9　第1駐車場","35.617913","139.629098","https://btimes.jp/tokyo/park/39296/"
"41702","瀬田５-３８-２駐車場","35.622137","139.629133","https://btimes.jp/tokyo/park/41702/"
"60633","ブランシュ駐車場","35.623305","139.656874","https://btimes.jp/tokyo/park/60633/"
"60920","タイムズ深沢４丁目第３駐車場","35.618065","139.661347","https://btimes.jp/tokyo/park/60920/"
"39579","深沢４丁目第２駐車場","35.616687","139.662935","https://btimes.jp/tokyo/park/39579/"
"53191","柿の木坂1-34-11バイク駐車場","35.618681","139.677408","https://btimes.jp/tokyo/park/53191/"
"53102","柿の木坂1-34-11アムニティー柿の木坂駐車場","35.618699","139.677381","https://btimes.jp/tokyo/park/53102/"
"36108","マンスリータイムズ柿の木坂2丁目駐車場","35.623065","139.679909","https://btimes.jp/tokyo/park/36108/"
"48618","パークサイド学芸大学駐車場","35.622381","139.696859","https://btimes.jp/tokyo/park/48618/"
"608","西五反田４丁目駐車場","35.621111","139.7114","https://btimes.jp/tokyo/park/608/"
"40386","西五反田第６０駐車場","35.619813","139.721873","https://btimes.jp/tokyo/park/40386/"
"56546","五反田JPビルディングバイク駐輪場","35.619054","139.72479","https://btimes.jp/tokyo/park/56546/"
"29640","西五反田第５１駐車場","35.621053","139.724806","https://btimes.jp/tokyo/park/29640/"
"32771","五反田駅東口駐車場","35.621721","139.728301","https://btimes.jp/tokyo/park/32771/"
"45111","五反田リバーライトビル駐車場","35.621477","139.727516","https://btimes.jp/tokyo/park/45111/"
"32799","桜新町１丁目駐車場","35.626878","139.647855","https://btimes.jp/tokyo/park/32799/"
"42598","FKプラティーク桜新町駐車場","35.626119","139.654334","https://btimes.jp/tokyo/park/42598/"
"64910","駒沢自由通り第１駐車場（バイク専用）","35.629301","139.664497","https://btimes.jp/tokyo/park/64910/"
"57722","東が丘2*7*19駐車場","35.62653","139.667387","https://btimes.jp/tokyo/park/57722/"
"3327","マンスリータイムズ目黒４丁目駐車場","35.630857","139.70556","https://btimes.jp/tokyo/park/3327/"
"61961","中目黒ハウス駐車場","35.632374","139.704848","https://btimes.jp/tokyo/park/61961/"
"40822","マンスリー中目黒5丁目駐車場","35.632599","139.702242","https://btimes.jp/tokyo/park/40822/"
"47601","目黒セントラルスクエア駐車場","35.628709","139.719942","https://btimes.jp/tokyo/park/47601/"
"47602","目黒セントラルスクエア駐車場","35.628709","139.719942","https://btimes.jp/tokyo/park/47602/"
"51592","JR目黒MARCビル地下","35.625546","139.721603","https://btimes.jp/tokyo/park/51592/"
"33293","都シティ東京高輪駐車場","35.630257","139.741017","https://btimes.jp/tokyo/park/33293/"
"41431","世田谷第５駐車場","35.637277","139.649529","https://btimes.jp/tokyo/park/41431/"
"38584","下馬２丁目駐車場","35.638758","139.68149","https://btimes.jp/tokyo/park/38584/"
"60960","FK下馬１丁目駐車場","35.637623","139.684479","https://btimes.jp/tokyo/park/60960/"
"27420","上目黒3-33-4駐車場","35.639233","139.69914","https://btimes.jp/tokyo/park/27420/"
"39097","祐天寺駅前第２駐車場","35.633994","139.695021","https://btimes.jp/tokyo/park/39097/"
"58308","正覚寺駐車場2番駐車場","35.640664","139.706186","https://btimes.jp/tokyo/park/58308/"
"2318","三田２Kパーキング(軽車両・バイク専用)","35.636589","139.714209","https://btimes.jp/tokyo/park/2318/"
"50703","【9時-20時】八芳園駐車場","35.634389","139.73268","https://btimes.jp/tokyo/park/50703/"
"58999","【バイク】白金台５丁目第２駐車場","35.635171","139.725875","https://btimes.jp/tokyo/park/58999/"
"51977","三田第１８","35.637595","139.744748","https://btimes.jp/tokyo/park/51977/"
"66467","経堂5-27 駐車場","35.644532","139.636316","https://btimes.jp/tokyo/park/66467/"
"45093","グランレジデンス経堂駐車場","35.647902","139.634947","https://btimes.jp/tokyo/park/45093/"
"32125","松陰神社前第６駐車場","35.643193","139.659412","https://btimes.jp/tokyo/park/32125/"
"35745","松陰神社月極駐車場","35.644159","139.659555","https://btimes.jp/tokyo/park/35745/"
"32780","若林駅前駐車場","35.643322","139.662148","https://btimes.jp/tokyo/park/32780/"
"40369","豪徳寺2丁目駐車場","35.642379","139.650128","https://btimes.jp/tokyo/park/40369/"
"40389","太子堂第15駐車場","35.642516","139.67197","https://btimes.jp/tokyo/park/40389/"
"41507","マンスリータイムズ池尻第２駐車場","35.647289","139.682259","https://btimes.jp/tokyo/park/41507/"
"59302","目黒大橋第５駐車場＠Bタイムズ","35.649668","139.686987","https://btimes.jp/tokyo/park/59302/"
"40363","三宿１丁目第３駐車場","35.646085","139.67679","https://btimes.jp/tokyo/park/40363/"
"30486","トラストパークマンサード代官山","35.64713","139.705892","https://btimes.jp/tokyo/park/30486/"
"48706","トラストパークマンサード代官山","35.64713","139.705892","https://btimes.jp/tokyo/park/48706/"
"38763","恵比寿ファーストスクエア駐車場","35.64443","139.718204","https://btimes.jp/tokyo/park/38763/"
"61407","タイムズ渋谷東第２駐車場","35.648642","139.713891","https://btimes.jp/tokyo/park/61407/"
"39687","白金１丁目駐車場","35.643616","139.736316","https://btimes.jp/tokyo/park/39687/"
"30104","FK南麻布2丁目駐車場","35.643852","139.737432","https://btimes.jp/tokyo/park/30104/"
"39681","芝第１８駐車場","35.646888","139.749313","https://btimes.jp/tokyo/park/39681/"
"63608","世田谷区営船橋５丁目アパート駐車場","35.652537","139.626867","https://btimes.jp/tokyo/park/63608/"
"65658","パティオ桜上水駐車場","35.657715","139.632695","https://btimes.jp/tokyo/park/65658/"
"2387","代田４丁目駐車場","35.653359","139.659167","https://btimes.jp/tokyo/park/2387/"
"40337","タイムズ代沢第10駐車場","35.652219","139.67151","https://btimes.jp/tokyo/park/40337/"
"40332","タイムズ世田谷代田駅前駐車場","35.654919","139.6634","https://btimes.jp/tokyo/park/40332/"
"35973","ドムス北沢駐車場","35.658196","139.678629","https://btimes.jp/tokyo/park/35973/"
"33829","渋谷プライムプラザ駐車場","35.65321","139.69848","https://btimes.jp/tokyo/park/33829/"
"61078","南平台町3-13 STビル駐車場","35.652032","139.699908","https://btimes.jp/tokyo/park/61078/"
"48704","E・スペースタワー駐車場","35.654275","139.698753","https://btimes.jp/tokyo/park/48704/"
"59101","E・スペースタワー駐車場","35.654275","139.698753","https://btimes.jp/tokyo/park/59101/"
"42131","ハイフィールド池尻大橋駐車場","35.650006","139.691541","https://btimes.jp/tokyo/park/42131/"
"54433","タイムズ道玄坂通【ロールーフ：車高155cmまで】","35.656727","139.699652","https://btimes.jp/tokyo/park/54433/"
"54434","タイムズ道玄坂通【ハイルーフ：車高205cmまで】","35.656727","139.699652","https://btimes.jp/tokyo/park/54434/"
"41093","東急プラザ渋谷(渋谷フクラス)駐車場","35.654512","139.70371","https://btimes.jp/tokyo/park/41093/"
"2609","ポーラ渋谷ビル駐車場","35.657727","139.705981","https://btimes.jp/tokyo/park/2609/"
"30407","トラストパーク渋東シネタワー","35.656006","139.702095","https://btimes.jp/tokyo/park/30407/"
"55176","タイムズ渋谷宮益坂第２","35.656889","139.708126","https://btimes.jp/tokyo/park/55176/"
"27405","日平機器(株)本社駐車場","35.653783","139.740646","https://btimes.jp/tokyo/park/27405/"
"36395","麻布十番第11駐車場","35.65103","139.738876","https://btimes.jp/tokyo/park/36395/"
"44288","上北沢3-1-17駐車場","35.663296","139.630153","https://btimes.jp/tokyo/park/44288/"
"61469","上北沢３丁目３４駐車場　バイク専用区画","35.665468","139.626075","https://btimes.jp/tokyo/park/61469/"
"61351","上北沢３丁目３４駐車場","35.665503","139.626086","https://btimes.jp/tokyo/park/61351/"
"65541","Ｐｒｉｍｕｌａ駐車場","35.66658","139.628476","https://btimes.jp/tokyo/park/65541/"
"33651","世田谷松原2丁目駐車場","35.663216","139.649973","https://btimes.jp/tokyo/park/33651/"
"34876","下高井戸１丁目第３駐車場","35.662789","139.640778","https://btimes.jp/tokyo/park/34876/"
"40383","世田谷松原1丁目第２駐車場","35.662037","139.656229","https://btimes.jp/tokyo/park/40383/"
"65538","Ｊ・ＦＬＡＧ下北沢駐車場","35.664586","139.665501","https://btimes.jp/tokyo/park/65538/"
"40336","下北沢第２駐車場","35.660182","139.672441","https://btimes.jp/tokyo/park/40336/"
"40346","タイムズ代田6丁目駐車場","35.661835","139.66715","https://btimes.jp/tokyo/park/40346/"
"35581","羽根木駐車場","35.661961","139.663715","https://btimes.jp/tokyo/park/35581/"
"32592","羽根木交差点駐車場","35.664803","139.664631","https://btimes.jp/tokyo/park/32592/"
"39825","スタジオポスト　代々木上原店駐車場","35.664606","139.678731","https://btimes.jp/tokyo/park/39825/"
"40014","スタジオポスト　代々木上原店駐車場","35.664606","139.678731","https://btimes.jp/tokyo/park/40014/"
"38732","代々木上原第４駐車場","35.6647","139.686302","https://btimes.jp/tokyo/park/38732/"
"39515","大山町第8駐車場","35.665599","139.679461","https://btimes.jp/tokyo/park/39515/"
"47057","大山町第６駐車場","35.666344","139.680269","https://btimes.jp/tokyo/park/47057/"
"42946","アローパーキング宇田川町","35.659521","139.699796","https://btimes.jp/tokyo/park/42946/"
"39552","渋谷区神山町43-4駐車場","35.662436","139.695443","https://btimes.jp/tokyo/park/39552/"
"36339","松濤第６駐車場","35.659053","139.698054","https://btimes.jp/tokyo/park/36339/"
"38733","神山町第５駐車場","35.660189","139.692462","https://btimes.jp/tokyo/park/38733/"
"55039","cocoti shibuya駐車場","35.658792","139.705847","https://btimes.jp/tokyo/park/55039/"
"59223","cocoti shibuya駐車場","35.658792","139.705847","https://btimes.jp/tokyo/park/59223/"
"55711","神宮前5-9-20駐車場","35.663312","139.711112","https://btimes.jp/tokyo/park/55711/"
"30882","トラストパーク京セラ原宿ビル","35.663317","139.707","https://btimes.jp/tokyo/park/30882/"
"7975","神宮前5丁目駐車場","35.660651","139.71014","https://btimes.jp/tokyo/park/7975/"
"52758","FROM-1st駐車場","35.659579","139.719121","https://btimes.jp/tokyo/park/52758/"
"53295","FROM-1st駐車場","35.659579","139.719121","https://btimes.jp/tokyo/park/53295/"
"1582","スパイラルパーキング","35.660479","139.714725","https://btimes.jp/tokyo/park/1582/"
"1583","スパイラルパーキング","35.660479","139.714725","https://btimes.jp/tokyo/park/1583/"
"55925","FROM-1st駐車場","35.659908","139.71897","https://btimes.jp/tokyo/park/55925/"
"30466","トラストパーク表参道スクエア","35.663559","139.714254","https://btimes.jp/tokyo/park/30466/"
"48132","神宮前３丁目駐車場","35.666661","139.716644","https://btimes.jp/tokyo/park/48132/"
"46361","赤坂山田ビル駐車場","35.665258","139.742353","https://btimes.jp/tokyo/park/46361/"
"47177","赤坂山田ビル バイク駐車場","35.665258","139.742353","https://btimes.jp/tokyo/park/47177/"
"27775","六本木３丁目駐車場","35.660005","139.738347","https://btimes.jp/tokyo/park/27775/"
"32026","赤坂６丁目第２駐車場","35.665311","139.737912","https://btimes.jp/tokyo/park/32026/"
"41279","覚蔵寺駐車場","35.667292","139.634048","https://btimes.jp/tokyo/park/41279/"
"48888","メゾン塚山駐車場","35.670824","139.627568","https://btimes.jp/tokyo/park/48888/"
"46042","ハイツエコー駐車場","35.674232","139.635906","https://btimes.jp/tokyo/park/46042/"
"44689","ルミエール塚山公園駐車場","35.671704","139.626279","https://btimes.jp/tokyo/park/44689/"
"44411","ユニエミール明大前グローバルハウス駐車場","35.667676","139.648767","https://btimes.jp/tokyo/park/44411/"
"42185","永福１丁目駐車場","35.668073","139.649143","https://btimes.jp/tokyo/park/42185/"
"36378","マンスリータイムズタツセ駐車場","35.674817","139.65408","https://btimes.jp/tokyo/park/36378/"
"32814","マンスリータイムズ幡ヶ谷２丁目駐車場","35.672879","139.674647","https://btimes.jp/tokyo/park/32814/"
"31629","西原3-21-2駐車場","35.667416","139.685142","https://btimes.jp/tokyo/park/31629/"
"60995","神宮前テラス","35.668389","139.711381","https://btimes.jp/tokyo/park/60995/"
"31313","元赤坂テラサワビル駐車場","35.674794","139.7355","https://btimes.jp/tokyo/park/31313/"
"58537","【平面】赤坂グリーンクロス","35.668917","139.743879","https://btimes.jp/tokyo/park/58537/"
"58536","【機械式普通車】赤坂グリーンクロス","35.66893","139.743863","https://btimes.jp/tokyo/park/58536/"
"58535","【機械式ハイルーフ】赤坂グリーンクロス","35.668952","139.743842","https://btimes.jp/tokyo/park/58535/"
"60012","赤坂２丁目６バイク駐車場","35.669708","139.742069","https://btimes.jp/tokyo/park/60012/"
"40635","アパホテルプライド＜国会議事堂前＞駐車場","35.67138","139.744071","https://btimes.jp/tokyo/park/40635/"
"47476","タイムズ永田町２丁目駐車場","35.673799","139.74404","https://btimes.jp/tokyo/park/47476/"
"30007","浜田山3-24-15リリーフ浜田山1階駐車場","35.678637","139.632294","https://btimes.jp/tokyo/park/30007/"
"51127","マストパーク和泉３丁目","35.677802","139.648771","https://btimes.jp/tokyo/park/51127/"
"41956","杉並和泉第４バイク月極め駐車場","35.679046","139.65466","https://btimes.jp/tokyo/park/41956/"
"38740","杉並和泉３丁目第２駐車場","35.676738","139.65213","https://btimes.jp/tokyo/park/38740/"
"33225","FKプラウドフラット笹塚駐車場","35.676533","139.673177","https://btimes.jp/tokyo/park/33225/"
"33201","【パレットサイズ注意】FKプラウドフラット笹塚駐車場","35.676589","139.673349","https://btimes.jp/tokyo/park/33201/"
"35035","ベルプラザ駐車場","35.675065","139.673314","https://btimes.jp/tokyo/park/35035/"
"27685","シャトレー南台駐車場","35.679421","139.672908","https://btimes.jp/tokyo/park/27685/"
"39553","渋谷本町第２１駐車場","35.677547","139.686383","https://btimes.jp/tokyo/park/39553/"
"38931","幡ヶ谷第4駐車場","35.67735","139.675152","https://btimes.jp/tokyo/park/38931/"
"63875","ロジマン・エイト駐車場","35.681303","139.685453","https://btimes.jp/tokyo/park/63875/"
"41277","渋谷本町２丁目駐車場","35.682727","139.68704","https://btimes.jp/tokyo/park/41277/"
"41086","幡ヶ谷３丁目駐車場","35.678548","139.675317","https://btimes.jp/tokyo/park/41086/"
"45407","幡ヶ谷３丁目駐車場","35.678548","139.675317","https://btimes.jp/tokyo/park/45407/"
"57851","新国立劇場・東京オペラシティビル駐車場","35.67978","139.690529","https://btimes.jp/tokyo/park/57851/"
"38914","西新宿4丁目第2駐車場","35.682033","139.688453","https://btimes.jp/tokyo/park/38914/"
"27892","千駄ヶ谷５丁目第３駐車場","35.680015","139.707207","https://btimes.jp/tokyo/park/27892/"
"3370","ParkingPlus四ッ谷駅前駐車場","35.68315","139.731799","https://btimes.jp/tokyo/park/3370/"
"27976","ParkingPlus四ッ谷駅前駐車場","35.68315","139.731799","https://btimes.jp/tokyo/park/27976/"
"2311","東京ガーデンテラス紀尾井パーキング","35.676325","139.73955","https://btimes.jp/tokyo/park/2311/"
"2312","東京ガーデンテラス紀尾井パーキング","35.676325","139.73955","https://btimes.jp/tokyo/park/2312/"
"29101","堀ノ内３丁目駐車場","35.690927","139.654645","https://btimes.jp/tokyo/park/29101/"
"1677","堀ノ内３丁目駐車場","35.690927","139.654645","https://btimes.jp/tokyo/park/1677/"
"51531","コーポ原山駐車場","35.68336","139.669509","https://btimes.jp/tokyo/park/51531/"
"45668","タイムズ杉並和田第９駐車場","35.686998","139.668765","https://btimes.jp/tokyo/park/45668/"
"38197","新宿サンエービル駐車場","35.68539","139.698904","https://btimes.jp/tokyo/park/38197/"
"42522","新宿3丁目イーストビル駐車場","35.686541","139.70919","https://btimes.jp/tokyo/park/42522/"
"30394","トラストパーク新宿３丁目","35.688083","139.708776","https://btimes.jp/tokyo/park/30394/"
"47923","新宿サブナード駐車場","35.689663","139.706726","https://btimes.jp/tokyo/park/47923/"
"47924","新宿サブナード駐車場","35.689663","139.706726","https://btimes.jp/tokyo/park/47924/"
"62934","ヨドバシカメラ新宿西口駐車場","35.68648","139.701494","https://btimes.jp/tokyo/park/62934/"
"63803","ヨドバシカメラ新宿西口駐車場","35.68648","139.701494","https://btimes.jp/tokyo/park/63803/"
"50585","九段南４丁目駐車場＜06＞","35.687707","139.740306","https://btimes.jp/tokyo/park/50585/"
"50587","九段南４丁目駐車場＜17＞","35.687707","139.740306","https://btimes.jp/tokyo/park/50587/"
"50586","九段南４丁目駐車場＜16＞","35.687846","139.740339","https://btimes.jp/tokyo/park/50586/"
"60926","ヴェール荻窪駐車場","35.69869","139.631162","https://btimes.jp/tokyo/park/60926/"
"33648","高円寺南１丁目月極駐車場","35.695825","139.660028","https://btimes.jp/tokyo/park/33648/"
"25750","新中野駐車場","35.692721","139.673943","https://btimes.jp/tokyo/park/25750/"
"41741","ラグゼナ東高円寺駐車場","35.694649","139.664082","https://btimes.jp/tokyo/park/41741/"
"32229","タイムズ中野中央第１７駐車場","35.699439","139.669431","https://btimes.jp/tokyo/park/32229/"
"45667","タイムズ中野第20駐車場","35.698511","139.665352","https://btimes.jp/tokyo/park/45667/"
"32573","中野本町２丁目駐車場","35.692477","139.683895","https://btimes.jp/tokyo/park/32573/"
"43273","ロジュマン駐車場","35.699111","139.687675","https://btimes.jp/tokyo/park/43273/"
"36794","北新宿1丁目駐車場","35.694489","139.698614","https://btimes.jp/tokyo/park/36794/"
"40630","パークNETホテルリスト","35.692545","139.705757","https://btimes.jp/tokyo/park/40630/"
"568","大久保第８駐車場","35.69827","139.707346","https://btimes.jp/tokyo/park/568/"
"33818","新宿歌舞伎町駐車場","35.692752","139.704483","https://btimes.jp/tokyo/park/33818/"
"36768","Hotel Bampky駐車場","35.692637","139.700564","https://btimes.jp/tokyo/park/36768/"
"38949","百人町2丁目第4駐車場","35.698984","139.704985","https://btimes.jp/tokyo/park/38949/"
"64498","タイムズ新宿７丁目第６駐車場","35.695945","139.714712","https://btimes.jp/tokyo/park/64498/"
"46771","MHビル駐車場","35.695738","139.722437","https://btimes.jp/tokyo/park/46771/"
"56915","阿佐ヶ谷西３号","35.701474","139.633222","https://btimes.jp/tokyo/park/56915/"
"56916","阿佐ヶ谷西３号新駐車場","35.701519","139.634759","https://btimes.jp/tokyo/park/56916/"
"56914","阿佐ヶ谷西２号","35.701495","139.635331","https://btimes.jp/tokyo/park/56914/"
"57178","阿佐ヶ谷西３号","35.701474","139.633222","https://btimes.jp/tokyo/park/57178/"
"32212","マンスリー阿佐谷北３丁目駐車場","35.708206","139.634083","https://btimes.jp/tokyo/park/32212/"
"32232","タイムズ天沼第９駐車場","35.708155","139.628427","https://btimes.jp/tokyo/park/32232/"
"56908","高円寺西２号","35.702014","139.64841","https://btimes.jp/tokyo/park/56908/"
"56910","高円寺西５号","35.701867","139.644983","https://btimes.jp/tokyo/park/56910/"
"57350","馬橋","35.701851","139.644378","https://btimes.jp/tokyo/park/57350/"
"43072","タイムズ阿佐谷北月極め駐車場","35.703312","139.638198","https://btimes.jp/tokyo/park/43072/"
"43259","高円寺南5丁目駐車場","35.700736","139.659936","https://btimes.jp/tokyo/park/43259/"
"46127","七宝レジデンス バイク駐車場","35.702658","139.655158","https://btimes.jp/tokyo/park/46127/"
"46126","七宝レジデンス駐車場","35.702772","139.655129","https://btimes.jp/tokyo/park/46126/"
"41417","高円寺南４丁目駐車場","35.700888","139.657823","https://btimes.jp/tokyo/park/41417/"
"55101","中野ダイヤハイツ駐車場","35.706773","139.662849","https://btimes.jp/tokyo/park/55101/"
"35757","カーザペスカ駐車場","35.701378","139.665077","https://btimes.jp/tokyo/park/35757/"
"65280","東中野3-6-16駐車場","35.704689","139.686072","https://btimes.jp/tokyo/park/65280/"
"57161","Parking in 中野５丁目バイク月極","35.702725","139.675945","https://btimes.jp/tokyo/park/57161/"
"35931","大久保２丁目駐車場","35.701045","139.708764","https://btimes.jp/tokyo/park/35931/"
"56509","FKコーポワセダ駐車場","35.705081","139.718643","https://btimes.jp/tokyo/park/56509/"
"36119","関口1丁目24番12駐車場","35.706851","139.731484","https://btimes.jp/tokyo/park/36119/"
"44398","グランディルエスエイ駐車場","35.704611","139.730999","https://btimes.jp/tokyo/park/44398/"
"36192","喜久井町駐車場","35.700262","139.725127","https://btimes.jp/tokyo/park/36192/"
"38231","阿佐谷北６丁目駐車場","35.711371","139.640768","https://btimes.jp/tokyo/park/38231/"
"56319","FK阿佐谷北4丁目駐車場","35.708887","139.641635","https://btimes.jp/tokyo/park/56319/"
"35046","沼袋第８駐車場","35.716387","139.662379","https://btimes.jp/tokyo/park/35046/"
"8099","西落合1丁目大栄駐車場","35.7154","139.682199","https://btimes.jp/tokyo/park/8099/"
"32243","タイムズ上高田第７駐車場","35.712076","139.676163","https://btimes.jp/tokyo/park/32243/"
"3193","新宿区中落合4丁目　中落合フォレスト駐車場","35.716114","139.690378","https://btimes.jp/tokyo/park/3193/"
"42425","ＦＫ新宿区中落合駐車場","35.71172","139.691102","https://btimes.jp/tokyo/park/42425/"
"38189","高田馬場駅前駐車場","35.709027","139.708206","https://btimes.jp/tokyo/park/38189/"
"64579","西早稲田３－２６－１０駐車場","35.709521","139.714818","https://btimes.jp/tokyo/park/64579/"
"32900","井草1-14-21　グラースヒルズ駐車場","35.722186","139.628598","https://btimes.jp/tokyo/park/32900/"
"45665","タイムズ上鷺宮駐車場","35.724164","139.629316","https://btimes.jp/tokyo/park/45665/"
"65848","AVENIR・VILLAGE駐車場","35.724086","139.627208","https://btimes.jp/tokyo/park/65848/"
"32200","マンスリー上鷺宮１丁目第２駐車場","35.72477","139.642019","https://btimes.jp/tokyo/park/32200/"
"46488","マンスリー上鷺宮１丁目第２駐車場","35.724782","139.641973","https://btimes.jp/tokyo/park/46488/"
"44197","ル・スベニール・ベール駐車場","35.723058","139.658069","https://btimes.jp/tokyo/park/44197/"
"32152","ＦＫカーサ西落合駐車場","35.717834","139.681733","https://btimes.jp/tokyo/park/32152/"
"3191","フクラクマンション駐車場","35.720414","139.678069","https://btimes.jp/tokyo/park/3191/"
"41895","西落合3-28-4駐車場","35.721606","139.678972","https://btimes.jp/tokyo/park/41895/"
"48611","Ekolu Shiina駐車場","35.724882","139.694282","https://btimes.jp/tokyo/park/48611/"
"51161","中落合第７","35.719323","139.687708","https://btimes.jp/tokyo/park/51161/"
"39382","中落合第５駐車場","35.719151","139.696275","https://btimes.jp/tokyo/park/39382/"
"32145","ＦＫレオパレス目白通駐車場","35.718601","139.688146","https://btimes.jp/tokyo/park/32145/"
"27896","西池袋第１２駐車場","35.724463","139.701392","https://btimes.jp/tokyo/park/27896/"
"59480","雑司が谷1丁目４１駐車場","35.718461","139.724492","https://btimes.jp/tokyo/park/59480/"
"3763","エムテックぬかりやパーキング","35.723163","139.714762","https://btimes.jp/tokyo/park/3763/"
"44925","西武スマイルパーク南池袋バイク駐車場","35.722485","139.712957","https://btimes.jp/tokyo/park/44925/"
"32594","ジュンク堂書店池袋本店駐車場","35.723447","139.715739","https://btimes.jp/tokyo/park/32594/"
"53997","FKグランカーサ文京千石駐車場","35.723538","139.744886","https://btimes.jp/tokyo/park/53997/"
"1699","マンスリータイムズ千石３丁目駐車場","35.723784","139.742631","https://btimes.jp/tokyo/park/1699/"
"46121","タイムズ上鷺宮第5駐車場","35.728238","139.63465","https://btimes.jp/tokyo/park/46121/"
"65498","FK中村南2丁目27駐車場","35.725607","139.64531","https://btimes.jp/tokyo/park/65498/"
"686","豊玉北５丁目駐車場","35.730299","139.656967","https://btimes.jp/tokyo/park/686/"
"29253","ナガワ動物病院駐車場","35.732682","139.651514","https://btimes.jp/tokyo/park/29253/"
"29356","ナガワ動物病院駐車場","35.732682","139.651514","https://btimes.jp/tokyo/park/29356/"
"45327","南長崎６丁目パーキング","35.728809","139.6814","https://btimes.jp/tokyo/park/45327/"
"66174","FK江原町1丁目金井駐車場","35.727071","139.677061","https://btimes.jp/tokyo/park/66174/"
"42020","要町２丁目第２駐車場","35.733221","139.696659","https://btimes.jp/tokyo/park/42020/"
"66440","IT tower TOKYO PARKING","35.728062","139.710451","https://btimes.jp/tokyo/park/66440/"
"54468","FK池袋2丁目バイク駐車場","35.730371","139.711626","https://btimes.jp/tokyo/park/54468/"
"42012","西池袋第１３駐車場","35.72581","139.702361","https://btimes.jp/tokyo/park/42012/"
"36398","マインズフィールド駐車場","35.727154","139.701536","https://btimes.jp/tokyo/park/36398/"
"63919","サンシャインパーキング","35.726022","139.721911","https://btimes.jp/tokyo/park/63919/"
"58828","タイムズステーション池袋","35.725529","139.72057","https://btimes.jp/tokyo/park/58828/"
"35006","東池袋三丁目駐車場","35.727194","139.720607","https://btimes.jp/tokyo/park/35006/"
"64376","池袋1丁目22番10号ヒューマックスパビリオン池袋サンシャイン60通り駐車場","35.7265","139.718997","https://btimes.jp/tokyo/park/64376/"
"1596","池袋スクエア駐車場","35.726816","139.718423","https://btimes.jp/tokyo/park/1596/"
"33303","エソラ池袋駐車場","35.726508","139.713155","https://btimes.jp/tokyo/park/33303/"
"43292","ハーモニーレジデンス池袋＃００３駐車場","35.731777","139.716639","https://btimes.jp/tokyo/park/43292/"
"59936","東池袋第２１（バイク）駐車場","35.72791","139.719168","https://btimes.jp/tokyo/park/59936/"
"48451","東池袋セントラルプレイス駐車場","35.727518","139.72401","https://btimes.jp/tokyo/park/48451/"
"62419","北大塚１丁目駐車場","35.729737","139.736086","https://btimes.jp/tokyo/park/62419/"
"32763","貫井３丁目第２駐車場","35.737314","139.632377","https://btimes.jp/tokyo/park/32763/"
"44432","バレンシアコート練馬駐車場","35.736554","139.649909","https://btimes.jp/tokyo/park/44432/"
"36369","中村橋駅前第１０駐車場","35.734713","139.642091","https://btimes.jp/tokyo/park/36369/"
"41827","パークヴィラ豊島園","35.738393","139.645133","https://btimes.jp/tokyo/park/41827/"
"38629","向山4丁目駐車場","35.737574","139.641722","https://btimes.jp/tokyo/park/38629/"
"55366","西武スマイルパーク中村橋駅駐車場","35.733397","139.638861","https://btimes.jp/tokyo/park/55366/"
"55367","西武スマイルパーク中村橋駅駐車場","35.733397","139.638861","https://btimes.jp/tokyo/park/55367/"
"1002","桜台第３バイク駐車場","35.735054","139.661703","https://btimes.jp/tokyo/park/1002/"
"32972","ヴァンヴェール練馬桜台駐車場","35.740731","139.660046","https://btimes.jp/tokyo/park/32972/"
"29639","向原３丁目第２駐車場","35.740183","139.685827","https://btimes.jp/tokyo/park/29639/"
"28333","小竹町第７駐車場","35.736686","139.67695","https://btimes.jp/tokyo/park/28333/"
"36907","ケントス駐車場","35.739179","139.703341","https://btimes.jp/tokyo/park/36907/"
"30098","熊野神社駐車場第1","35.738804","139.709843","https://btimes.jp/tokyo/park/30098/"
"52361","上池袋３丁目駐車場","35.73664","139.721904","https://btimes.jp/tokyo/park/52361/"
"66254","西巣鴨　1-9-9駐車場","35.734471","139.726494","https://btimes.jp/tokyo/park/66254/"
"30194","練馬春日町駐車場","35.745627","139.640954","https://btimes.jp/tokyo/park/30194/"
"2239","桜台ハイツ駐車場","35.743225","139.669264","https://btimes.jp/tokyo/park/2239/"
"40031","ウッディ氷川台駐車場","35.747655","139.671165","https://btimes.jp/tokyo/park/40031/"
"52082","GRACE桜台駐車場","35.74327","139.671018","https://btimes.jp/tokyo/park/52082/"
"662","氷川台駅前駐車場","35.746389","139.669169","https://btimes.jp/tokyo/park/662/"
"41149","アミティ大山西町駐車場","35.74322","139.700181","https://btimes.jp/tokyo/park/41149/"
"31733","大山金井町駐車場","35.742094","139.709723","https://btimes.jp/tokyo/park/31733/"
"32789","板橋栄町第２駐車場","35.749812","139.706451","https://btimes.jp/tokyo/park/32789/"
"48622","仲宿37-4駐車場","35.749322","139.715056","https://btimes.jp/tokyo/park/48622/"
"42325","メゾンドール春日駐車場","35.750855","139.636066","https://btimes.jp/tokyo/park/42325/"
"48889","メゾンボナール駐車場","35.75051","139.66074","https://btimes.jp/tokyo/park/48889/"
"65257","錦2-3-9ディアコート錦駐車場","35.757572","139.670858","https://btimes.jp/tokyo/park/65257/"
"63799","錦2-3-9ディアコート錦駐車場","35.757612","139.671158","https://btimes.jp/tokyo/park/63799/"
"63770","アンアベニュー駐車場","35.757751","139.671036","https://btimes.jp/tokyo/park/63770/"
"65260","錦2-7-2アンアベニュー駐車場","35.758133","139.671081","https://btimes.jp/tokyo/park/65260/"
"42404","東山町３６駐車場","35.75063","139.688435","https://btimes.jp/tokyo/park/42404/"
"64477","常盤台3丁目駐車場","35.757305","139.689213","https://btimes.jp/tokyo/park/64477/"
"38762","常盤台第８駐車場","35.758138","139.694277","https://btimes.jp/tokyo/park/38762/"
"49571","ICAヒルズ駐車場","35.75772","139.715885","https://btimes.jp/tokyo/park/49571/"
"59581","FK北区岸町2丁目駐車場","35.75732","139.733061","https://btimes.jp/tokyo/park/59581/"
"57315","東十条","35.757562","139.73371","https://btimes.jp/tokyo/park/57315/"
"57215","東十条第三","35.757942","139.73311","https://btimes.jp/tokyo/park/57215/"
"53014","田柄2-38-20駐車場","35.765542","139.645783","https://btimes.jp/tokyo/park/53014/"
"27308","メゾンコスモス駐車場","35.761117","139.651975","https://btimes.jp/tokyo/park/27308/"
"36541","第一金乗湯駐車場","35.765399","139.674397","https://btimes.jp/tokyo/park/36541/"
"25976","グリーンハイム駐車場","35.762044","139.670125","https://btimes.jp/tokyo/park/25976/"
"35158","エステート前野町駐車場","35.760623","139.695044","https://btimes.jp/tokyo/park/35158/"
"52083","大商第三マンション駐車場","35.760419","139.693645","https://btimes.jp/tokyo/park/52083/"
"552","板橋前野町駐車場","35.761307","139.699873","https://btimes.jp/tokyo/park/552/"
"36556","板橋大原町第２駐車場","35.764443","139.699228","https://btimes.jp/tokyo/park/36556/"
"714","板橋前野町６丁目駐車場","35.762226","139.688895","https://btimes.jp/tokyo/park/714/"
"51362","宮本町62-19駐車場","35.762681","139.706512","https://btimes.jp/tokyo/park/51362/"
"640","豊島８丁目駐車場","35.76167","139.743359","https://btimes.jp/tokyo/park/640/"
"45693","FK豊島4丁目21駐車場","35.760556","139.749491","https://btimes.jp/tokyo/park/45693/"
"42441","ＦＫスワンレディースクリニック隣駐車場","35.759422","139.740929","https://btimes.jp/tokyo/park/42441/"
"7895","メゾンドミニョン駐車場","35.768802","139.630437","https://btimes.jp/tokyo/park/7895/"
"33020","タイムズ赤塚駐車場","35.774647","139.650325","https://btimes.jp/tokyo/park/33020/"
"42320","クレストコート板橋駐車場","35.76806","139.69016","https://btimes.jp/tokyo/park/42320/"
"29641","志村１丁目駐車場","35.768015","139.702295","https://btimes.jp/tokyo/park/29641/"
"605","赤羽駅前第２駐車場","35.773121","139.724252","https://btimes.jp/tokyo/park/605/"
"42449","ノーザンクロス駐車場","35.774195","139.735916","https://btimes.jp/tokyo/park/42449/"
"25871","白子2丁目駐車場","35.777975","139.626286","https://btimes.jp/saitama/park/25871/"
"42603","ＦＫ赤塚4丁目パーキング","35.778955","139.644721","https://btimes.jp/tokyo/park/42603/"
"43131","高島平団地駐車場","35.782555","139.664771","https://btimes.jp/tokyo/park/43131/"
"65711","ponte.u駐車場","35.776122","139.676921","https://btimes.jp/tokyo/park/65711/"
"39172","板橋区東坂下２丁目駐車場","35.781379","139.690484","https://btimes.jp/tokyo/park/39172/"
"44433","ルミエール上原駐車場","35.790991","139.628049","https://btimes.jp/saitama/park/44433/"
"43172","高島平調剤薬局駐車場","35.786688","139.654163","https://btimes.jp/tokyo/park/43172/"
"2123","徳丸ヶ原公園前駐車場","35.787242","139.663912","https://btimes.jp/tokyo/park/2123/"
"43293","ハーモニーレジデンス東京アーバンスクエア＃００２駐車場","35.787287","139.684124","https://btimes.jp/tokyo/park/43293/"
"47734","蓮根3-22-8駐車場","35.787543","139.681999","https://btimes.jp/tokyo/park/47734/"
"34261","蓮根３丁目駐車場","35.786397","139.678863","https://btimes.jp/tokyo/park/34261/"
"29185","パークサイドテラス2号館駐車場","35.790448","139.693279","https://btimes.jp/tokyo/park/29185/"
"53637","新河岸１ー１５駐車場","35.793835","139.671124","https://btimes.jp/tokyo/park/53637/"
"57377","川岸３丁目第１","35.799274","139.68687","https://btimes.jp/saitama/park/57377/"
"57378","川岸３丁目第２","35.79957","139.686688","https://btimes.jp/saitama/park/57378/"
"59043","飯塚3-5-21駐車場","35.797937","139.711913","https://btimes.jp/saitama/park/59043/"
"40538","グランデ・レガーロ駐車場","35.799577","139.716911","https://btimes.jp/saitama/park/40538/"
"42934","第一新井町小嶋駐車場","35.799451","139.744949","https://btimes.jp/saitama/park/42934/"
"49255","カリンハイム駐車場","35.806796","139.668232","https://btimes.jp/saitama/park/49255/"
"43408","ドールパーク　(第5)駐車場","35.803033","139.676436","https://btimes.jp/saitama/park/43408/"
"43505","ドールパーク　(第5)駐車場","35.803033","139.676436","https://btimes.jp/saitama/park/43505/"
"30864","戸田公園駅前バイク駐輪場","35.806454","139.679403","https://btimes.jp/saitama/park/30864/"
"2714","タイムズ戸田本町駐車場","35.806125","139.685856","https://btimes.jp/saitama/park/2714/"
"46053","川口市南町駐車場","35.802758","139.705624","https://btimes.jp/saitama/park/46053/"
"43959","korinhill nagashima駐車場","35.800971","139.704598","https://btimes.jp/saitama/park/43959/"
"43960","korinhill nagashima駐車場","35.800971","139.704598","https://btimes.jp/saitama/park/43960/"
"40541","宮町駐車場","35.803278","139.70411","https://btimes.jp/saitama/park/40541/"
"40537","リジョイス青木第二駐車場","35.804437","139.728612","https://btimes.jp/saitama/park/40537/"
"47795","川口末広１丁目駐車場","35.800685","139.738643","https://btimes.jp/saitama/park/47795/"
"25595","戸田市笹目2丁目　Ｍ’ｓコート駐車場","35.812193","139.659178","https://btimes.jp/saitama/park/25595/"
"8005","戸田市笹目2丁目 グリーンハイツミネ2駐車場","35.813167","139.659676","https://btimes.jp/saitama/park/8005/"
"28400","戸田市笹目１丁目　　ソレイユ駐車場","35.815709","139.659592","https://btimes.jp/saitama/park/28400/"
"48876","リバージュ駐車場","35.815279","139.662181","https://btimes.jp/saitama/park/48876/"
"62760","アークアンシェル第２駐車場","35.814401","139.669441","https://btimes.jp/saitama/park/62760/"
"35834","プリマヴェーラ駐車場","35.815844","139.670174","https://btimes.jp/saitama/park/35834/"
"56933","戸田駅南第２","35.811757","139.67421","https://btimes.jp/saitama/park/56933/"
"56932","戸田駅南第１","35.812307","139.673658","https://btimes.jp/saitama/park/56932/"
"56934","戸田駅北第１","35.816464","139.671541","https://btimes.jp/saitama/park/56934/"
"56684","ネストプレイス駐車場","35.815129","139.665816","https://btimes.jp/saitama/park/56684/"
"46232","上戸田5-2-1駐車場","35.812437","139.677123","https://btimes.jp/saitama/park/46232/"
"57358","上戸田第７駐車場","35.80953","139.67538","https://btimes.jp/saitama/park/57358/"
"46119","タイムズ下戸田駐車場","35.808879","139.687823","https://btimes.jp/saitama/park/46119/"
"57368","西川口","35.809341","139.710085","https://btimes.jp/saitama/park/57368/"
"35296","【バイク専用】タイムズ西川口西口第５駐車場","35.813042","139.70636","https://btimes.jp/saitama/park/35296/"
"35301","【バイク専用】西川口西口第４駐車場","35.812659","139.705716","https://btimes.jp/saitama/park/35301/"
"43365","タイムズ並木第15駐車場","35.813777","139.711255","https://btimes.jp/saitama/park/43365/"
"48125","タイムズ西川口西口第２駐車場","35.813037","139.703806","https://btimes.jp/saitama/park/48125/"
"53590","ルーチェブル駐車場","35.811608","139.722519","https://btimes.jp/saitama/park/53590/"
"40536","中青木公園前駐車場","35.809988","139.722212","https://btimes.jp/saitama/park/40536/"
"40539","モーメントピュア駐車場","35.810428","139.722112","https://btimes.jp/saitama/park/40539/"
"52081","タイムズ川口西青木駐車場","35.814608","139.715719","https://btimes.jp/saitama/park/52081/"
"52080","タイムズ川口西青木第４駐車場","35.81601","139.71307","https://btimes.jp/saitama/park/52080/"
"53356","ダイワパレス駐車場","35.810619","139.733298","https://btimes.jp/saitama/park/53356/"
"40540","サングレイス・アイム駐車場","35.811698","139.726012","https://btimes.jp/saitama/park/40540/"
"42996","サウスピアリバージュ駐車場","35.811294","139.739967","https://btimes.jp/saitama/park/42996/"
"60188","グランディールII駐車場","35.820707","139.640498","https://btimes.jp/saitama/park/60188/"
"60189","【コンパクトカー・軽専用】グランディールII駐車場","35.820691","139.640472","https://btimes.jp/saitama/park/60189/"
"30761","戸田市笹目北町　ベルテ駐車場","35.818517","139.658635","https://btimes.jp/saitama/park/30761/"
"52724","ショコラ駐車場","35.817052","139.658363","https://btimes.jp/saitama/park/52724/"
"25596","蕨市錦4丁目　トップサイド1駐車場","35.821682","139.670269","https://btimes.jp/saitama/park/25596/"
"25597","蕨市錦4丁目　トップサイド1駐車場","35.821682","139.670269","https://btimes.jp/saitama/park/25597/"
"56935","戸田駅北第２","35.817073","139.671185","https://btimes.jp/saitama/park/56935/"
"57412","北戸田駅東Ａ","35.821687","139.667537","https://btimes.jp/saitama/park/57412/"
"43680","Vieuno Warabi　(ビューノワラビ）駐車場","35.824903","139.686419","https://btimes.jp/saitama/park/43680/"
"43681","Vieuno Warabi　(ビューノワラビ）駐車場","35.824903","139.686419","https://btimes.jp/saitama/park/43681/"
"48800","エスポワール駐車場","35.820282","139.690215","https://btimes.jp/saitama/park/48800/"
"52901","タイムズマンスリー蕨中央駐車場","35.824217","139.68905","https://btimes.jp/saitama/park/52901/"
"36083","タイムズ蕨中央４丁目駐車場","35.821318","139.68789","https://btimes.jp/saitama/park/36083/"
"51242","タイムズ並木第１９駐車場","35.818236","139.710904","https://btimes.jp/saitama/park/51242/"
"42479","タイムズ蕨塚越6丁目バイク駐車場","35.823521","139.709264","https://btimes.jp/saitama/park/42479/"
"57422","蕨","35.818173","139.70207","https://btimes.jp/saitama/park/57422/"
"46052","川口市並木４丁目駐車場","35.821674","139.712729","https://btimes.jp/saitama/park/46052/"
"32766","タイムズ川口西青木５丁目駐車場","35.820029","139.718402","https://btimes.jp/saitama/park/32766/"
"42153","FLATSAIKO-PARK駐車場","35.83131","139.628347","https://btimes.jp/saitama/park/42153/"
"54286","スカイコート駐車場","35.831621","139.637576","https://btimes.jp/saitama/park/54286/"
"65382","内谷6-8駐車場","35.832591","139.65347","https://btimes.jp/saitama/park/65382/"
"57396","内谷６丁目第２","35.832722","139.654924","https://btimes.jp/saitama/park/57396/"
"43857","ポローニア北戸田駐車場","35.82667","139.667722","https://btimes.jp/saitama/park/43857/"
"54461","【入居者向け】ハーツイーズ駐車場","35.830131","139.680009","https://btimes.jp/saitama/park/54461/"
"54462","【入居者向け】ハーツイーズ駐車場","35.830131","139.680009","https://btimes.jp/saitama/park/54462/"
"51219","リクスタパーキング蕨北町月極駐車場","35.82773","139.676475","https://btimes.jp/saitama/park/51219/"
"65180","パークサイドヴィラ駐車場","35.829757","139.69207","https://btimes.jp/saitama/park/65180/"
"47390","タイムズ川口芝５丁目駐車場","35.828688","139.698957","https://btimes.jp/saitama/park/47390/"
"47405","タイムズ蕨北町第４駐車場","35.825736","139.689363","https://btimes.jp/saitama/park/47405/"
"65689","ブルーム芝駐車場","35.831687","139.691682","https://btimes.jp/saitama/park/65689/"
"56523","川口市南前川２丁目へーベルハウス駐車場","35.827663","139.712278","https://btimes.jp/saitama/park/56523/"
"25881","上青木西5-15-14ラッキー駐車場","35.827106","139.719106","https://btimes.jp/saitama/park/25881/"
"41577","レジデンスルート122駐車場","35.828004","139.73962","https://btimes.jp/saitama/park/41577/"
"51968","田島団地駐車場","35.838819","139.631155","https://btimes.jp/saitama/park/51968/"
"51969","田島団地駐車場","35.838819","139.631155","https://btimes.jp/saitama/park/51969/"
"57391","田島西駐車場","35.838244","139.627041","https://btimes.jp/saitama/park/57391/"
"54811","パティオ中曽根１番館駐車場	","35.836681","139.656537","https://btimes.jp/saitama/park/54811/"
"40938","アーバンテラス南浦和駐車場","35.838745","139.672616","https://btimes.jp/saitama/park/40938/"
"44080","LAPUTA2駐車場","35.8372","139.671608","https://btimes.jp/saitama/park/44080/"
"48182","LAPUTA2駐車場","35.8372","139.671608","https://btimes.jp/saitama/park/48182/"
"53686","LAPUTA2駐車場","35.8372","139.671608","https://btimes.jp/saitama/park/53686/"
"48758","小谷場79駐車場","35.838896","139.681922","https://btimes.jp/saitama/park/48758/"
"39074","芝八つ目第三駐車場","35.834898","139.692305","https://btimes.jp/saitama/park/39074/"
"52610","ドラッグセイムス前川店駐車場","35.835733","139.710353","https://btimes.jp/saitama/park/52610/"
"51541","シャトー芝駐車場","35.835839","139.70398","https://btimes.jp/saitama/park/51541/"
"28094","パークハイムA駐車場","35.834144","139.702038","https://btimes.jp/saitama/park/28094/"
"59288","グランシャリオ駐車場","35.837517","139.707137","https://btimes.jp/saitama/park/59288/"
"45811","マンスリー川口上根橋第２駐車場","35.835529","139.722537","https://btimes.jp/saitama/park/45811/"
"65607","サングランドソレイユＣ駐車場","35.838037","139.712885","https://btimes.jp/saitama/park/65607/"
"48060","タイムズ川口グリーンゴルフ第２駐車場","35.836754","139.725283","https://btimes.jp/saitama/park/48060/"
"41986","西新井宿６丁目駐車場","35.835415","139.740169","https://btimes.jp/saitama/park/41986/"
"46005","タイムズ新井宿駅前第６駐車場","35.840324","139.741895","https://btimes.jp/saitama/park/46005/"
"46004","タイムズ新井宿駅前第６駐車場","35.84031","139.741819","https://btimes.jp/saitama/park/46004/"
"36269","新井宿前第５駐車場","35.840358","139.741285","https://btimes.jp/saitama/park/36269/"
"56770","田島４－１０駐車場","35.846197","139.634703","https://btimes.jp/saitama/park/56770/"
"45739","中浦和パーキング","35.849704","139.636325","https://btimes.jp/saitama/park/45739/"
"57366","西浦和第３","35.843279","139.634683","https://btimes.jp/saitama/park/57366/"
"57365","西浦和","35.842427","139.633312","https://btimes.jp/saitama/park/57365/"
"57367","西浦和第４","35.843545","139.635083","https://btimes.jp/saitama/park/57367/"
"57411","別所第４","35.843614","139.647545","https://btimes.jp/saitama/park/57411/"
"57410","別所第２","35.843806","139.646716","https://btimes.jp/saitama/park/57410/"
"57383","大里","35.843923","139.646107","https://btimes.jp/saitama/park/57383/"
"57409","別所第１","35.84409","139.645547","https://btimes.jp/saitama/park/57409/"
"57384","中浦和第７","35.847167","139.643991","https://btimes.jp/saitama/park/57384/"
"57385","中浦和第８","35.847694","139.643289","https://btimes.jp/saitama/park/57385/"
"57363","水深第１","35.84601","139.640692","https://btimes.jp/saitama/park/57363/"
"57386","中浦和第１０","35.848224","139.643434","https://btimes.jp/saitama/park/57386/"
"57116","鹿手袋７丁目","35.844884","139.639242","https://btimes.jp/saitama/park/57116/"
"57364","水深第２","35.847055","139.639924","https://btimes.jp/saitama/park/57364/"
"56936","後耕地","35.846636","139.638347","https://btimes.jp/saitama/park/56936/"
"56925","関第３","35.847142","139.638599","https://btimes.jp/saitama/park/56925/"
"57392","田島第３","35.847746","139.63891","https://btimes.jp/saitama/park/57392/"
"56927","関第５","35.848307","139.639413","https://btimes.jp/saitama/park/56927/"
"56924","関第２","35.848077","139.638993","https://btimes.jp/saitama/park/56924/"
"56926","関第４","35.848618","139.639332","https://btimes.jp/saitama/park/56926/"
"57188","関第４","35.848618","139.639332","https://btimes.jp/saitama/park/57188/"
"57187","関","35.849472","139.639743","https://btimes.jp/saitama/park/57187/"
"56941","合の谷第３","35.842505","139.656035","https://btimes.jp/saitama/park/56941/"
"42249","浦和白幡５丁目駐車場","35.842195","139.653301","https://btimes.jp/saitama/park/42249/"
"31000","ジルメゾン神明駐車場","35.846504","139.665276","https://btimes.jp/saitama/park/31000/"
"57406","南本町","35.843366","139.670322","https://btimes.jp/saitama/park/57406/"
"57397","南浦和２丁目","35.845821","139.674326","https://btimes.jp/saitama/park/57397/"
"57398","南浦和第１","35.846206","139.67479","https://btimes.jp/saitama/park/57398/"
"33177","岸町１丁目７駐車場","35.849344","139.664851","https://btimes.jp/saitama/park/33177/"
"53044","岸町1-7-5駐車場","35.849351","139.664824","https://btimes.jp/saitama/park/53044/"
"39485","小谷場959-1駐車場","35.843072","139.681581","https://btimes.jp/saitama/park/39485/"
"35188","コンフォール南浦和駐車場","35.844805","139.677697","https://btimes.jp/saitama/park/35188/"
"57234","【高さ制限あり】南浦和東","35.847499","139.676918","https://btimes.jp/saitama/park/57234/"
"43940","アクシーズ　駐車場","35.849585","139.689439","https://btimes.jp/saitama/park/43940/"
"43939","ヴァンベール堀口　駐車場","35.848304","139.689002","https://btimes.jp/saitama/park/43939/"
"46863","ビレッジハウス柳崎駐車場","35.848464","139.705044","https://btimes.jp/saitama/park/46863/"
"45715","FK桜区西堀7丁目駐車場","35.855434","139.630513","https://btimes.jp/saitama/park/45715/"
"57372","西堀8丁目第２","35.857645","139.636715","https://btimes.jp/saitama/park/57372/"
"49248","Ｏｈａｎａ　Ｈａｒｅ駐車場","35.856188","139.643549","https://btimes.jp/saitama/park/49248/"
"45738","高沼パーキング","35.850584","139.639358","https://btimes.jp/saitama/park/45738/"
"57375","西堀第８","35.853329","139.638246","https://btimes.jp/saitama/park/57375/"
"54087","別所3-15-8駐車場","35.850693","139.649181","https://btimes.jp/saitama/park/54087/"
"56938","高沼第２","35.852807","139.641312","https://btimes.jp/saitama/park/56938/"
"57389","中浦和東","35.85109","139.640762","https://btimes.jp/saitama/park/57389/"
"56937","高沼","35.851401","139.640614","https://btimes.jp/saitama/park/56937/"
"57373","西堀第４","35.851659","139.639703","https://btimes.jp/saitama/park/57373/"
"57376","西堀第１０","35.851735","139.639295","https://btimes.jp/saitama/park/57376/"
"57374","西堀第７","35.852685","139.638622","https://btimes.jp/saitama/park/57374/"
"57360","常盤６丁目","35.857917","139.643691","https://btimes.jp/saitama/park/57360/"
"57370","西堀１丁目","35.854316","139.638031","https://btimes.jp/saitama/park/57370/"
"57371","西堀8丁目","35.855259","139.637592","https://btimes.jp/saitama/park/57371/"
"60884","タイムズ浦和仲町第１３駐車場","35.85687","139.655933","https://btimes.jp/saitama/park/60884/"
"54679","浦和高砂３丁目駐車場","35.85326","139.651498","https://btimes.jp/saitama/park/54679/"
"45737","高砂マンション駐車場","35.852993","139.655314","https://btimes.jp/saitama/park/45737/"
"3415","タイムズ浦和仲町第１４駐車場","35.856408","139.659169","https://btimes.jp/saitama/park/3415/"
"60873","メゾン樹駐車場","35.856418","139.670357","https://btimes.jp/saitama/park/60873/"
"26577","さいたま市緑区太田窪3丁目パーキング","35.858141","139.67886","https://btimes.jp/saitama/park/26577/"
"32469","リブラン駐車場","35.850644","139.699187","https://btimes.jp/saitama/park/32469/"
"39190","ルミエール童夢駐車場","35.855969","139.692226","https://btimes.jp/saitama/park/39190/"
"57382","大谷口","35.856903","139.697834","https://btimes.jp/saitama/park/57382/"
"65302","ジュネス石川駐車場","35.862619","139.632568","https://btimes.jp/saitama/park/65302/"
"57418","鈴谷１丁目","35.861838","139.635062","https://btimes.jp/saitama/park/57418/"
"57408","南与野東第１","35.864114","139.63444","https://btimes.jp/saitama/park/57408/"
"41420","常盤7-8-1駐車場","35.860416","139.648284","https://btimes.jp/saitama/park/41420/"
"57359","常盤","35.859253","139.644474","https://btimes.jp/saitama/park/57359/"
"59174","フォルトゥーナ駐車場","35.860105","139.641808","https://btimes.jp/saitama/park/59174/"
"57381","大戸４丁目駐車場","35.864103","139.646742","https://btimes.jp/saitama/park/57381/"
"55432","アムール本太駐車場","35.863778","139.659889","https://btimes.jp/saitama/park/55432/"
"56557","原山1-29-4駐車場","35.863088","139.674734","https://btimes.jp/saitama/park/56557/"
"26578","さいたま市緑区原山2丁目駐車場","35.86465","139.668001","https://btimes.jp/saitama/park/26578/"
"65179","中尾3506-3駐車場","35.8606","139.69337","https://btimes.jp/saitama/park/65179/"
"40544","アバロンライフ 駐車場","35.864754","139.709113","https://btimes.jp/saitama/park/40544/"
"52608","ドラッグセイムス戸塚３丁目店駐車場","35.864072","139.74874","https://btimes.jp/saitama/park/52608/"
"57115","埼大通り北第二","35.867556","139.632955","https://btimes.jp/saitama/park/57115/"
"57421","鈴谷西","35.868081","139.632584","https://btimes.jp/saitama/park/57421/"
"57420","鈴谷５丁目第２","35.869614","139.632501","https://btimes.jp/saitama/park/57420/"
"57416","与野本町南第２","35.874424","139.630446","https://btimes.jp/saitama/park/57416/"
"31265","北浦和歯科診療所駐車場","35.870838","139.648542","https://btimes.jp/saitama/park/31265/"
"31035","北浦和歯科診療所第1駐車場","35.870844","139.648544","https://btimes.jp/saitama/park/31035/"
"36623","原山2-25駐車場","35.866942","139.673188","https://btimes.jp/saitama/park/36623/"
"52609","ドラッグセイムス原山店駐車場","35.870949","139.67804","https://btimes.jp/saitama/park/52609/"
"27620","メゾンソレイユ駐車場","35.86755","139.70209","https://btimes.jp/saitama/park/27620/"
"57417","与野本町北","35.880242","139.628402","https://btimes.jp/saitama/park/57417/"
"43561","本町東2-8駐車場","35.878116","139.625658","https://btimes.jp/saitama/park/43561/"
"56921","下落合５丁目","35.882365","139.628569","https://btimes.jp/saitama/park/56921/"
"56922","下落合５丁目第２","35.882396","139.628586","https://btimes.jp/saitama/park/56922/"
"43859","プランドールＡ駐車場","35.87629","139.644989","https://btimes.jp/saitama/park/43859/"
"41344","浦和領家６丁目駐車場","35.876639","139.649684","https://btimes.jp/saitama/park/41344/"
"43562","針ヶ谷3-4-2駐車場","35.879516","139.645011","https://btimes.jp/saitama/park/43562/"
"64071","三室1358駐車場","35.878489","139.677825","https://btimes.jp/saitama/park/64071/"
"61229","三室1502駐車場","35.881236","139.680617","https://btimes.jp/saitama/park/61229/"
"60324","パームコテージ駐車場","35.884627","139.630977","https://btimes.jp/saitama/park/60324/"
"47707","下落合4-12駐車場","35.884256","139.628337","https://btimes.jp/saitama/park/47707/"
"42133","与野関東駐車場","35.886418","139.626509","https://btimes.jp/saitama/park/42133/"
"56920","下落合４丁目第２","35.884257","139.629561","https://btimes.jp/saitama/park/56920/"
"56919","下落合４丁目","35.884048","139.629416","https://btimes.jp/saitama/park/56919/"
"64396","リプロコミュニティープラザ新都心駐車場","35.886236","139.628419","https://btimes.jp/saitama/park/64396/"
"60273","宮本1-11-24駐車場","35.885986","139.694358","https://btimes.jp/saitama/park/60273/"
"29972","上落合5-14-16駐車場","35.894368","139.630056","https://btimes.jp/saitama/park/29972/"
"64398","上落合9丁目2上落合橋本駐車場","35.895721","139.628493","https://btimes.jp/saitama/park/64398/"
"64930","吉敷町橋本駐車場","35.897724","139.631082","https://btimes.jp/saitama/park/64930/"
"41688","タイムズ大宮浅間町第３駐車場","35.898524","139.637019","https://btimes.jp/saitama/park/41688/"
"56931","錦町第１","35.896139","139.632625","https://btimes.jp/saitama/park/56931/"
"57194","錦町第１","35.896139","139.632625","https://btimes.jp/saitama/park/57194/"
"52304","タイムズ大宮浅間町駐車場","35.89803","139.636717","https://btimes.jp/saitama/park/52304/"
"57380","大宮錦町駐車場","35.896989","139.629665","https://btimes.jp/saitama/park/57380/"
"65960","浅間町橋本駐車場","35.898296","139.639581","https://btimes.jp/saitama/park/65960/"
"64929","浅間町橋本第2駐車場","35.898338","139.639342","https://btimes.jp/saitama/park/64929/"
"48859","STハーモニー駐車場","35.899795","139.641337","https://btimes.jp/saitama/park/48859/"
"38167","浦和美園第36駐車場","35.895982","139.731917","https://btimes.jp/saitama/park/38167/"
"54152","浦和美園第34駐車場","35.891719","139.729117","https://btimes.jp/saitama/park/54152/"
"28108","浦和美園第２２駐車場","35.89626","139.728964","https://btimes.jp/saitama/park/28108/"
"2224","浦和美園第2駐車場","35.897946","139.727524","https://btimes.jp/saitama/park/2224/"
"8108","パーキングセンターシロタ","35.90292","139.630281","https://btimes.jp/saitama/park/8108/"
"26079","【終日利用】大宮ガレージ駐車場","35.904387","139.631299","https://btimes.jp/saitama/park/26079/"
"59688","【平日利用】大宮ガレージ駐車場","35.904387","139.631299","https://btimes.jp/saitama/park/59688/"
"47068","タイムズ大宮宮町第14バイク駐車場","35.90664","139.630823","https://btimes.jp/saitama/park/47068/"
"52770","タイムズ大宮堀の内第３駐車場","35.908242","139.648714","https://btimes.jp/saitama/park/52770/"
"54477","タイムズ大宮堀の内第３駐車場","35.908287","139.648929","https://btimes.jp/saitama/park/54477/"
"36091","タイムズ大宮東町駐車場","35.903956","139.637586","https://btimes.jp/saitama/park/36091/"
"28382","浦和美園第２４駐車場","35.903918","139.723815","https://btimes.jp/saitama/park/28382/"
"31905","浦和美園第２４駐車場","35.903918","139.723815","https://btimes.jp/saitama/park/31905/"
"3301","浦和美園第１３駐車場","35.904166","139.720825","https://btimes.jp/saitama/park/3301/"
"46979","浦和美園第３９駐車場","35.904298","139.719646","https://btimes.jp/saitama/park/46979/"
"30302","浦和美園第２９駐車場","35.903951","139.721621","https://btimes.jp/saitama/park/30302/"
"2488","浦和美園第１０駐車場","35.902199","139.729795","https://btimes.jp/saitama/park/2488/"
"2486","浦和美園第１２駐車場","35.902232","139.729116","https://btimes.jp/saitama/park/2486/"
"2487","浦和美園第１１駐車場","35.902223","139.729081","https://btimes.jp/saitama/park/2487/"
"28167","浦和美園第２３駐車場","35.901375","139.725839","https://btimes.jp/saitama/park/28167/"
"2480","浦和美園第９駐車場","35.901897","139.725361","https://btimes.jp/saitama/park/2480/"
"66271","タイムズ大宮宮町第１５駐車場","35.909531","139.627244","https://btimes.jp/saitama/park/66271/"
"57393","土手町第１","35.912233","139.626671","https://btimes.jp/saitama/park/57393/"
"44011","南中丸556-1ユートピアA棟駐車場","35.911683","139.656295","https://btimes.jp/saitama/park/44011/"
"32626","スワンデンタルクリニック駐車場","35.963108","139.696694","https://btimes.jp/saitama/park/32626/"
"43192","タイムズ岩槻本町第９バイク駐車場","35.947533","139.698128","https://btimes.jp/saitama/park/43192/"
"7921","岩槻区本町1丁目駐車場","35.945586","139.695989","https://btimes.jp/saitama/park/7921/"
"44235","アーバンハイツS駐車場","35.946997","139.668251","https://btimes.jp/saitama/park/44235/"
"54303","マンスリー城南１丁目駐車場","35.937167","139.703116","https://btimes.jp/saitama/park/54303/"
"50092","コンサートホール 岩槻店駐車場","35.966763","139.668711","https://btimes.jp/saitama/park/50092/"
"53176","パトリア東大宮屋上階駐車場","35.953008","139.663762","https://btimes.jp/saitama/park/53176/"
"63828","グリーンパーク24","35.974339","139.706756","https://btimes.jp/saitama/park/63828/"
"43276","コーポ松原駐車場","35.93905","139.667584","https://btimes.jp/saitama/park/43276/"
"61613","【２番区画】城南4-120-3城南駐車場","35.937376","139.713485","https://btimes.jp/saitama/park/61613/"
"55816","【７番区画】城南4-120-3城南駐車場","35.937317","139.713534","https://btimes.jp/saitama/park/55816/"
"62491","東宮下369-3駐車場","35.92688","139.680577","https://btimes.jp/saitama/park/62491/"
"66008","シティハイムコスモス駐車場","35.959074","139.727795","https://btimes.jp/saitama/park/66008/"
"38311","エルディムにいつづみ駐車場","35.925999","139.675828","https://btimes.jp/saitama/park/38311/"
"58709","ビレッジハウス大谷駐車場","35.923128","139.672731","https://btimes.jp/saitama/park/58709/"
"62824","【コンパクトカー・軽自動車・バイク専用】グリーンプラザ蓮田駐車場","35.976528","139.65498","https://btimes.jp/saitama/park/62824/"
"66033","サンベルテ大和田駐車場","35.925818","139.662957","https://btimes.jp/saitama/park/66033/"
"55414","大谷駐車場","35.917465","139.672489","https://btimes.jp/saitama/park/55414/"
"55113","椿山3-9-8駐車場","35.991268","139.661314","https://btimes.jp/saitama/park/55113/"
"45297","カーサソレアード駐車場","35.973454","139.747236","https://btimes.jp/saitama/park/45297/"
"46101","ファミネス谷原駐車場","35.968941","139.749639","https://btimes.jp/saitama/park/46101/"
"47570","中央３丁目駐車場","35.973962","139.747679","https://btimes.jp/saitama/park/47570/"
"45733","金子第２駐車場","35.9884","139.738319","https://btimes.jp/saitama/park/45733/"
"65616","メゾン寿C駐車場","35.983843","139.743314","https://btimes.jp/saitama/park/65616/"
"52604","ドラッグセイムス上尾原市店駐車場","35.960945","139.627751","https://btimes.jp/saitama/park/52604/"
"65068","ウエストハイム粕壁駐車場","35.977257","139.748643","https://btimes.jp/saitama/park/65068/"
"25900","原市北大栄駐車場","35.967396","139.625009","https://btimes.jp/saitama/park/25900/"
"46250","ソフィー大宮駐車場","35.917351","139.641695","https://btimes.jp/saitama/park/46250/"
"7903","丸山NO.1有料簡易駐車場","35.978284","139.627968","https://btimes.jp/saitama/park/7903/"
"35189","アーベイン大宮駐車場","35.931364","139.627678","https://btimes.jp/saitama/park/35189/"
"53896","コリノ大宮公園駐車場","35.920863","139.632689","https://btimes.jp/saitama/park/53896/"
"65827","大字小室8919番地4駐車場","35.999186","139.635382","https://btimes.jp/saitama/park/65827/"
"704","タイムズ岩槻駅西口第２駐車場","35.946406","139.693892","https://btimes.jp/saitama/park/704/"
"46249","イーストヴィレッジ駐車場","35.941781","139.703563","https://btimes.jp/saitama/park/46249/"
"29364","メゾンプレミールＡ駐車場","35.947498","139.670161","https://btimes.jp/saitama/park/29364/"
"546","東岩槻第２駐車場","35.959178","139.715296","https://btimes.jp/saitama/park/546/"
"45675","タイムズ岩槻南平野駐車場","35.951179","139.717387","https://btimes.jp/saitama/park/45675/"
"53293","カーサゼルコバ駐車場","35.939401","139.645554","https://btimes.jp/saitama/park/53293/"
"58315","カーサゼルコバ駐車場","35.939374","139.645495","https://btimes.jp/saitama/park/58315/"
"43587","種村駐車場","35.96906","139.747821","https://btimes.jp/saitama/park/43587/"
"43588","第２種村駐車場","35.970311","139.747733","https://btimes.jp/saitama/park/43588/"
"46436","タイムズ春日部第６駐車場","35.975909","139.749488","https://btimes.jp/saitama/park/46436/"
"36657","マンスリー春日部駐車場","35.979348","139.748462","https://btimes.jp/saitama/park/36657/"
"32774","タイムズ東大成町日勝堂ビル駐車場","35.916887","139.626232","https://btimes.jp/saitama/park/32774/"
"65248","京浜島2丁目　駐車場","35.567826","139.769637","https://btimes.jp/tokyo/park/65248/"
"65251","潮見駅前駐車場","35.654864","139.821322","https://btimes.jp/tokyo/park/65251/"
"63964","【ハイルーフ可】タイムズ豊洲セイルパーク駐車場【22-7時入出庫不可・宿泊利用できません】","35.653235","139.796165","https://btimes.jp/tokyo/park/63964/"
"63988","【ロールーフ専用・車両制限注意】タイムズ豊洲セイルパーク駐車場【22-7時入出庫不可、宿泊利用できません】","35.653309","139.796117","https://btimes.jp/tokyo/park/63988/"
"47583","JRバス関東高速バス統括本部（東京都江東区塩浜）バス専用駐車場","35.65994","139.823081","https://btimes.jp/tokyo/park/47583/"
"64558","築地６丁目第5駐車場","35.661533","139.777276","https://btimes.jp/tokyo/park/64558/"
"55938","八潮駐車場","35.602783","139.75797","https://btimes.jp/tokyo/park/55938/"
"47272","東京港健保会館駐車場","35.638725","139.753699","https://btimes.jp/tokyo/park/47272/"
"32295","潮路東ハイツ駐車場","35.596637","139.757452","https://btimes.jp/tokyo/park/32295/"
"57999","【平日】世界貿易センタービルディング南館駐車場","35.651567","139.759137","https://btimes.jp/tokyo/park/57999/"
"59687","【土日祝】世界貿易センタービルディング南館駐車場","35.651577","139.759116","https://btimes.jp/tokyo/park/59687/"
"29207","リノア西葛西駐車場","35.659239","139.867001","https://btimes.jp/tokyo/park/29207/"
"30811","リノア西葛西駐車場","35.659239","139.867001","https://btimes.jp/tokyo/park/30811/"
"30812","リノア西葛西駐車場","35.659239","139.867001","https://btimes.jp/tokyo/park/30812/"
"62590","汐留駐車場","35.661842","139.766488","https://btimes.jp/tokyo/park/62590/"
"44388","南海東京ビルディング駐車場","35.665207","139.770742","https://btimes.jp/tokyo/park/44388/"
"44389","南海東京ビルディング駐車場","35.665207","139.770742","https://btimes.jp/tokyo/park/44389/"
"1571","汐留タワー駐車場","35.660807","139.763859","https://btimes.jp/tokyo/park/1571/"
"61578","ACホテル・バイ・マリオット東京銀座駐車場　※ロールーフのみ！","35.665478","139.768536","https://btimes.jp/tokyo/park/61578/"
"53067","銀座ウォールビル駐車場","35.665799","139.767893","https://btimes.jp/tokyo/park/53067/"
"34903","ビーフラット銀座７丁目パーキング","35.665012","139.766588","https://btimes.jp/tokyo/park/34903/"
"34906","ビーフラット銀座７丁目パーキング","35.665012","139.766588","https://btimes.jp/tokyo/park/34906/"
"56495","ビーフラット銀座７丁目パーキング","35.665012","139.766588","https://btimes.jp/tokyo/park/56495/"
"58336","長崎センタービル駐車場","35.664757","139.765375","https://btimes.jp/tokyo/park/58336/"
"31350","ヤマハ銀座ビル駐車場","35.665288","139.766024","https://btimes.jp/tokyo/park/31350/"
"59402","京急しんちか　バイク駐輪場","35.66325","139.762258","https://btimes.jp/tokyo/park/59402/"
"44991","レオンコンフォート西新橋駐車場","35.661297","139.755053","https://btimes.jp/tokyo/park/44991/"
"51536","銀座7丁目バイク駐車場","35.66491","139.767093","https://btimes.jp/tokyo/park/51536/"
"59312","有明北臨時駐車場（トミカ博会場そば）","35.637342","139.792742","https://btimes.jp/tokyo/park/59312/"
"56481","タイムズ潮見駅前第６駐車場","35.652986","139.821601","https://btimes.jp/tokyo/park/56481/"
"554","潮見駐車場","35.656112","139.817795","https://btimes.jp/tokyo/park/554/"
"56913","汐見運河第二","35.65793","139.813412","https://btimes.jp/tokyo/park/56913/"
"56912","汐見運河","35.65795","139.813012","https://btimes.jp/tokyo/park/56912/"
"56905","越中島","35.65796","139.811812","https://btimes.jp/tokyo/park/56905/"
"36486","塩浜１丁目駐車場","35.657766","139.805571","https://btimes.jp/tokyo/park/36486/"
"31996","東陽１丁目駐車場","35.66286","139.81454","https://btimes.jp/tokyo/park/31996/"
"57025","葛西臨海第３","35.637748","139.874339","https://btimes.jp/tokyo/park/57025/"
"56907","港南","35.630048","139.753106","https://btimes.jp/tokyo/park/56907/"
"55998","芝園橋駐車場","35.650515","139.754808","https://btimes.jp/tokyo/park/55998/"
"41487","デンファレ葛西駐車場","35.661587","139.874201","https://btimes.jp/tokyo/park/41487/"
"689","中葛西第２１駐車場","35.664446","139.873913","https://btimes.jp/tokyo/park/689/"
"1573","西新橋1丁目ビル駐車場","35.665498","139.754765","https://btimes.jp/tokyo/park/1573/"
"61434","日本生命日比谷ビル（Ｂ３）駐車場","35.669603","139.761838","https://btimes.jp/tokyo/park/61434/"
"62407","日土地ビル駐車場","35.667672","139.753608","https://btimes.jp/tokyo/park/62407/"
"53072","日比谷自動車駐車場（予約制）","35.669089","139.760016","https://btimes.jp/tokyo/park/53072/"
"1567","クロス銀座パーキング","35.666803","139.768373","https://btimes.jp/tokyo/park/1567/"
"52930","クロス銀座パーキング","35.666803","139.768373","https://btimes.jp/tokyo/park/52930/"
"53227","トミーバイクパーキング銀座	","35.67176","139.769719","https://btimes.jp/tokyo/park/53227/"
"51079","【機械式】ステーション・イトシア駐車場","35.670765","139.767125","https://btimes.jp/tokyo/park/51079/"
"53893","【平面】ステーション・イトシア駐車場","35.670765","139.767125","https://btimes.jp/tokyo/park/53893/"
"44947","相互館110タワー駐車場","35.672605","139.773321","https://btimes.jp/tokyo/park/44947/"
"44948","相互館110タワー駐車場","35.672605","139.773321","https://btimes.jp/tokyo/park/44948/"
"58337","東京交通会館駐車場","35.672009","139.768113","https://btimes.jp/tokyo/park/58337/"
"57828","銀座ノボ駐車場【23:30-7:00入出庫できません】","35.668842","139.76536","https://btimes.jp/tokyo/park/57828/"
"57829","銀座ノボ駐車場【23:30-7:00入出庫できません】","35.668842","139.76536","https://btimes.jp/tokyo/park/57829/"
"58818","銀座６丁目第６バイク駐車場","35.667634","139.76445","https://btimes.jp/tokyo/park/58818/"
"51385","銀座3丁目バイク駐車場","35.668373","139.770277","https://btimes.jp/tokyo/park/51385/"
"25686","銀座１丁目駐車場","35.671733","139.769893","https://btimes.jp/tokyo/park/25686/"
"25688","銀座１丁目駐車場","35.672038","139.770007","https://btimes.jp/tokyo/park/25688/"
"59887","銀座６丁目第７　バイク駐車場","35.668217","139.764464","https://btimes.jp/tokyo/park/59887/"
"62596","銀座一丁目駐車場","35.670878","139.775031","https://btimes.jp/tokyo/park/62596/"
"39984","新川２丁目第４駐車場","35.669548","139.78631","https://btimes.jp/tokyo/park/39984/"
"59345","FK八丁堀2丁目駐車場","35.674161","139.778165","https://btimes.jp/tokyo/park/59345/"
"36485","江東永代駐車場","35.669461","139.794973","https://btimes.jp/tokyo/park/36485/"
"35137","木場三丁目パークハイツ駐車場","35.671025","139.806936","https://btimes.jp/tokyo/park/35137/"
"57162","Parking in 南砂２丁目バイク","35.671711","139.828974","https://btimes.jp/tokyo/park/57162/"
"57510","南砂","35.666914","139.828505","https://btimes.jp/tokyo/park/57510/"
"57511","南砂第２","35.667459","139.828429","https://btimes.jp/tokyo/park/57511/"
"57512","南砂第３","35.670955","139.828672","https://btimes.jp/tokyo/park/57512/"
"65729","【夜間限定2,500円】ヤエチカパーキング西駐車場","35.675822","139.771241","https://btimes.jp/tokyo/park/65729/"
"65746","【夜間限定2,500円】ヤエチカパーキング東駐車場","35.676505","139.773857","https://btimes.jp/tokyo/park/65746/"
"64599","ＪＰタワー・ＫＩＴＴＥ駐車場","35.676728","139.767492","https://btimes.jp/tokyo/park/64599/"
"64600","ＪＰタワー・ＫＩＴＴＥ駐車場","35.676728","139.767492","https://btimes.jp/tokyo/park/64600/"
"51383","日本生命丸の内ガーデンタワー駐車場","35.68123","139.765873","https://btimes.jp/tokyo/park/51383/"
"51483","第２山万ビル駐車場","35.67865","139.784735","https://btimes.jp/tokyo/park/51483/"
"48638","KABUTO ONE(カブトワン)駐車場","35.678071","139.781479","https://btimes.jp/tokyo/park/48638/"
"48639","KABUTO ONE(カブトワン)駐車場","35.678071","139.781479","https://btimes.jp/tokyo/park/48639/"
"32984","日本橋フロント駐車場","35.676293","139.775746","https://btimes.jp/tokyo/park/32984/"
"30409","トラストパーク日本橋丸善東急ビル","35.677802","139.775575","https://btimes.jp/tokyo/park/30409/"
"55690","トラストパーク日本橋丸善東急ビル","35.677802","139.775575","https://btimes.jp/tokyo/park/55690/"
"62591","日本橋本町駐車場","35.682533","139.780008","https://btimes.jp/tokyo/park/62591/"
"28330","日本橋蛎殻町第６駐車場","35.680287","139.784446","https://btimes.jp/tokyo/park/28330/"
"44341","東京シティ・エアターミナル駐車場","35.678312","139.789195","https://btimes.jp/tokyo/park/44341/"
"43294","ハーモニーレジデンス清澄ガーデン駐車場【入出庫時 勾配ご注意ください】","35.680991","139.799263","https://btimes.jp/tokyo/park/43294/"
"39170","日本橋箱崎町第６駐車場","35.675457","139.789428","https://btimes.jp/tokyo/park/39170/"
"45156","東京シティ・エアターミナル駐車場","35.678295","139.789083","https://btimes.jp/tokyo/park/45156/"
"46272","イーストコート平野駐車場","35.675187","139.80662","https://btimes.jp/tokyo/park/46272/"
"48668","海辺駐車場","35.67766","139.82259","https://btimes.jp/tokyo/park/48668/"
"36481","扇橋１丁目駐車場","35.67906","139.815128","https://btimes.jp/tokyo/park/36481/"
"57518","北砂","35.676673","139.828302","https://btimes.jp/tokyo/park/57518/"
"53734","北砂6丁目6-1駐車場","35.678794","139.838981","https://btimes.jp/tokyo/park/53734/"
"56807","大手町プレイス駐車場【ハイルーフ】","35.683497","139.771516","https://btimes.jp/tokyo/park/56807/"
"57676","大手町プレイス駐車場【ロールーフ】","35.683497","139.771516","https://btimes.jp/tokyo/park/57676/"
"60861","大手町プレイス駐車場【地下自走式平面】","35.683524","139.771411","https://btimes.jp/tokyo/park/60861/"
"64573","OPビルパーキング【平日】3ナンバー　","35.689933","139.767822","https://btimes.jp/tokyo/park/64573/"
"64574","OPビルパーキング【平日】5ナンバー","35.689933","139.767822","https://btimes.jp/tokyo/park/64574/"
"32029","内神田第１５駐輪場","35.688436","139.771271","https://btimes.jp/tokyo/park/32029/"
"39985","内神田第１２駐車場","35.688636","139.77275","https://btimes.jp/tokyo/park/39985/"
"32225","神田多町第２駐車場","35.691299","139.772675","https://btimes.jp/tokyo/park/32225/"
"61598","ＫＫＲホテル東京駐車場","35.687607","139.763702","https://btimes.jp/tokyo/park/61598/"
"59974","神田錦町第１３　バイク駐車場","35.690672","139.766278","https://btimes.jp/tokyo/park/59974/"
"2350","杉商パーキング","35.691564","139.767503","https://btimes.jp/tokyo/park/2350/"
"65926","神田錦町第１４","35.688797","139.763475","https://btimes.jp/tokyo/park/65926/"
"582","日本橋本町４丁目第２駐車場","35.686947","139.777779","https://btimes.jp/tokyo/park/582/"
"40631","パークNET馬喰町（コンフォートホテル東京日本橋）","35.691039","139.785978","https://btimes.jp/tokyo/park/40631/"
"30131","神田鍛冶町第２駐車場","35.689261","139.775505","https://btimes.jp/tokyo/park/30131/"
"51272","東日本橋2-21-5駐車場","35.690576","139.790766","https://btimes.jp/tokyo/park/51272/"
"584","東日本橋２丁目駐車場","35.689179","139.788353","https://btimes.jp/tokyo/park/584/"
"65920","菊川３丁目第２","35.68629","139.810852","https://btimes.jp/tokyo/park/65920/"
"36475","大島２丁目駐車場","35.688601","139.824245","https://btimes.jp/tokyo/park/36475/"
"43296","ハーモニーレジデンス東京イーストサイド駐車場","35.687967","139.82872","https://btimes.jp/tokyo/park/43296/"
"8000","カズキ不動産第1駐車場","35.685393","139.829098","https://btimes.jp/tokyo/park/8000/"
"57497","大島第１","35.684826","139.82719","https://btimes.jp/tokyo/park/57497/"
"45325","コミヤパーキング","35.685408","139.826235","https://btimes.jp/tokyo/park/45325/"
"36477","亀戸第１４駐車場","35.691646","139.83672","https://btimes.jp/tokyo/park/36477/"
"39674","大島７丁目駐車場","35.68918","139.841863","https://btimes.jp/tokyo/park/39674/"
"53280","パークリュクス御茶ノ水駐車場","35.695633","139.762123","https://btimes.jp/tokyo/park/53280/"
"46323","三井住友海上駿河台新館駐車場","35.693952","139.767443","https://btimes.jp/tokyo/park/46323/"
"46324","三井住友海上駿河台新館駐車場","35.693952","139.767443","https://btimes.jp/tokyo/park/46324/"
"46325","三井住友海上駿河台新館駐車場","35.693952","139.767443","https://btimes.jp/tokyo/park/46325/"
"46326","三井住友海上駿河台新館駐車場","35.693952","139.767443","https://btimes.jp/tokyo/park/46326/"
"56283","昌平橋交差点第３バイク駐車場","35.69471","139.773427","https://btimes.jp/tokyo/park/56283/"
"56288","トミーバイクパーキング外神田","35.696706","139.77192","https://btimes.jp/tokyo/park/56288/"
"58367","秋葉原駅電気街口駐車場","35.696683","139.773273","https://btimes.jp/tokyo/park/58367/"
"61391","秋葉原電気街口第２駐車場","35.69705","139.772627","https://btimes.jp/tokyo/park/61391/"
"61392","秋葉原電気街口第３駐車場","35.697036","139.772783","https://btimes.jp/tokyo/park/61392/"
"627","猿楽町ＳＳビル駐車場","35.695283","139.762785","https://btimes.jp/tokyo/park/627/"
"64450","神田佐久間町第９　バイク専用駐車場","35.69426","139.780844","https://btimes.jp/tokyo/park/64450/"
"30395","トラストパーク秋葉原センタープレイス","35.696017","139.777365","https://btimes.jp/tokyo/park/30395/"
"35255","トラストパーク大東ビル","35.696741","139.777484","https://btimes.jp/tokyo/park/35255/"
"60439","神田佐久間町第３　予約制駐車場","35.694064","139.782064","https://btimes.jp/tokyo/park/60439/"
"49466","タイムズ神田須田町第8 バイクB専用区画","35.69329","139.776221","https://btimes.jp/tokyo/park/49466/"
"26572","オオトリパーキングタワー","35.699038","139.777773","https://btimes.jp/tokyo/park/26572/"
"47704","BE FLAT駐車場","35.692077","139.793953","https://btimes.jp/tokyo/park/47704/"
"39788","蔵前２丁目駐車場","35.69944","139.794223","https://btimes.jp/tokyo/park/39788/"
"29809","国際ファッションセンター駐車場【高さ制限あり】","35.695087","139.800337","https://btimes.jp/tokyo/park/29809/"
"31869","丸和駐車場","35.693089","139.800867","https://btimes.jp/tokyo/park/31869/"
"36206","錦糸2丁目駐車場","35.69515","139.816164","https://btimes.jp/tokyo/park/36206/"
"57494","水神森西","35.696493","139.840028","https://btimes.jp/tokyo/park/57494/"
"65304","タイムズ平井１丁目第２駐車場","35.697615","139.852651","https://btimes.jp/tokyo/park/65304/"
"3772","文京区春日1丁目　講道館駐車場","35.704249","139.756662","https://btimes.jp/tokyo/park/3772/"
"40453","パークサイドホテル駐車場","35.705976","139.774081","https://btimes.jp/tokyo/park/40453/"
"41172","上野第１５駐車場","35.702254","139.77694","https://btimes.jp/tokyo/park/41172/"
"65925","外神田第１５","35.701256","139.77601","https://btimes.jp/tokyo/park/65925/"
"56043","日本車庫アパホテル〈上野駅前〉駐車場","35.707084","139.780435","https://btimes.jp/tokyo/park/56043/"
"49434","日本車庫アパホテル＜浅草　蔵前＞駐車場","35.702366","139.79778","https://btimes.jp/tokyo/park/49434/"
"39689","立花ガレージ立体駐車場","35.70751","139.795149","https://btimes.jp/tokyo/park/39689/"
"2397","文花1丁目駐車場","35.70648","139.822681","https://btimes.jp/tokyo/park/2397/"
"46725","TAKT-SPACE 墨田立花第2駐車場","35.707827","139.833662","https://btimes.jp/tokyo/park/46725/"
"28339","墨田立花第１１駐車場","35.707804","139.837234","https://btimes.jp/tokyo/park/28339/"
"52721","オリンピック墨田文花店　3F別館駐車場","35.704","139.826131","https://btimes.jp/tokyo/park/52721/"
"57517","平井","35.706857","139.85062","https://btimes.jp/tokyo/park/57517/"
"46878","江戸川第一駐車場","35.702266","139.871715","https://btimes.jp/tokyo/park/46878/"
"35848","松島２丁目駐車場","35.705078","139.866359","https://btimes.jp/tokyo/park/35848/"
"40010","松島２丁目 第２駐車場","35.705388","139.866489","https://btimes.jp/tokyo/park/40010/"
"45339","白山2-26-16白山エクセルハイム1階駐車場","35.713397","139.754672","https://btimes.jp/tokyo/park/45339/"
"36828","白山2-22-2駐車場","35.713078","139.753379","https://btimes.jp/tokyo/park/36828/"
"58353","浅草ビューホテル B3F  ※タイムズB専用","35.712376","139.795515","https://btimes.jp/tokyo/park/58353/"
"36190","KIN HOTEL駐車場","35.709349","139.78991","https://btimes.jp/tokyo/park/36190/"
"31731","松が谷第６駐車場","35.710531","139.789326","https://btimes.jp/tokyo/park/31731/"
"48166","エキミセ駐車場","35.709091","139.80125","https://btimes.jp/tokyo/park/48166/"
"61239","【3ナンバー限定】【注意事項をご確認ください】エキミセ駐車場3号機","35.709156","139.801244","https://btimes.jp/tokyo/park/61239/"
"65813","アクセス押上１丁目駐車場","35.708412","139.817782","https://btimes.jp/tokyo/park/65813/"
"32016","押上２丁目駐車場","35.712562","139.819502","https://btimes.jp/tokyo/park/32016/"
"44015","ガーデンひきふね駐車場","35.71568","139.82165","https://btimes.jp/tokyo/park/44015/"
"710","京島３丁目第２駐車場","35.709179","139.826949","https://btimes.jp/tokyo/park/710/"
"65837","グランディールメゾン駐車場","35.710839","139.845479","https://btimes.jp/tokyo/park/65837/"
"45692","FKリヴェール月極駐車場","35.713529","139.843319","https://btimes.jp/tokyo/park/45692/"
"581","マンスリータイムズ東新小岩３丁目駐車場","35.716403","139.860571","https://btimes.jp/tokyo/park/581/"
"65811","Supreme新小岩駐車場","35.710563","139.863762","https://btimes.jp/tokyo/park/65811/"
"29616","【利用可能時間厳守！】上野桜木１丁目駐車場","35.717404","139.774187","https://btimes.jp/tokyo/park/29616/"
"29252","FKプライムアーバン千駄木駐車場","35.719885","139.764743","https://btimes.jp/tokyo/park/29252/"
"32039","千駄木第５駐車場","35.72197","139.763287","https://btimes.jp/tokyo/park/32039/"
"667","根岸４丁目駐車場","35.723057","139.787225","https://btimes.jp/tokyo/park/667/"
"27367","FK浅草5丁目駐車場","35.71735","139.799931","https://btimes.jp/tokyo/park/27367/"
"2633","浅草5-42-6駐車場","35.717359","139.801678","https://btimes.jp/tokyo/park/2633/"
"39532","清川１丁目駐車場","35.722152","139.805614","https://btimes.jp/tokyo/park/39532/"
"42143","ルッソア・ソレイユ駐車場","35.718653","139.824707","https://btimes.jp/tokyo/park/42143/"
"48530","墨田１丁目駐車場","35.72432","139.821377","https://btimes.jp/tokyo/park/48530/"
"35159","都市再生機構八広五丁目団地駐車場","35.720643","139.82697","https://btimes.jp/tokyo/park/35159/"
"3333","東新小岩第１４駐車場","35.722514","139.853632","https://btimes.jp/tokyo/park/3333/"
"65611","グランドオーク駐車場","35.724178","139.853657","https://btimes.jp/tokyo/park/65611/"
"39453","田端3-15-18駐車場","35.731505","139.759821","https://btimes.jp/tokyo/park/39453/"
"29358","エル・フェリーチェ駐車場","35.73065","139.759693","https://btimes.jp/tokyo/park/29358/"
"38893","千駄木４丁目駐車場","35.726448","139.762901","https://btimes.jp/tokyo/park/38893/"
"57329","日織戸架道橋","35.729538","139.784613","https://btimes.jp/tokyo/park/57329/"
"26169","アルト駐車場","35.727711","139.778945","https://btimes.jp/tokyo/park/26169/"
"31380","東日暮里3-11-27駐車場","35.727121","139.785347","https://btimes.jp/tokyo/park/31380/"
"57317","織戸スラブ","35.729888","139.782813","https://btimes.jp/tokyo/park/57317/"
"26109","アルト駐車場","35.727711","139.778945","https://btimes.jp/tokyo/park/26109/"
"27898","荒川３丁目駐車場","35.731948","139.785564","https://btimes.jp/tokyo/park/27898/"
"42426","ＦＫサンフラット駐車場","35.732113","139.779799","https://btimes.jp/tokyo/park/42426/"
"53580","トミーバイクパーキング南千住","35.727136","139.799677","https://btimes.jp/tokyo/park/53580/"
"64587","偕楽モータープール（三ノ輪）屋上","35.727971","139.792481","https://btimes.jp/tokyo/park/64587/"
"62717","マンスリー南千住駐車場","35.728184","139.796195","https://btimes.jp/tokyo/park/62717/"
"40579","南千住第９駐車場","35.728226","139.795789","https://btimes.jp/tokyo/park/40579/"
"641","荒川１丁目駐車場","35.730565","139.79086","https://btimes.jp/tokyo/park/641/"
"642","荒川１丁目駐車場","35.730565","139.79086","https://btimes.jp/tokyo/park/642/"
"48423","荒川第２７駐車場","35.732012","139.789739","https://btimes.jp/tokyo/park/48423/"
"65609","クレスト南千住駐車場","35.725414","139.801816","https://btimes.jp/tokyo/park/65609/"
"38809","ＴＮＫ四ツ木駐車場","35.7311","139.835093","https://btimes.jp/tokyo/park/38809/"
"39596","四つ木２丁目パーキング","35.732727","139.840934","https://btimes.jp/tokyo/park/39596/"
"26167","東立石1-3-22駐車場","35.727047","139.849725","https://btimes.jp/tokyo/park/26167/"
"46700","タイムズ奥戸７丁目駐車場","35.73192","139.867354","https://btimes.jp/tokyo/park/46700/"
"40404","東尾久1丁目駐車場","35.736165","139.774633","https://btimes.jp/tokyo/park/40404/"
"35173","コンフォール町屋駐車場","35.736768","139.786523","https://btimes.jp/tokyo/park/35173/"
"61505","タイムズ荒川5丁目第2駐車場","35.735894","139.780047","https://btimes.jp/tokyo/park/61505/"
"65413","コンサートホール荒川（屋上）","35.734584","139.776343","https://btimes.jp/tokyo/park/65413/"
"47406","タイムズ荒川第１３駐車場","35.735496","139.781409","https://btimes.jp/tokyo/park/47406/"
"33152","荒川第１２駐車場","35.734425","139.779622","https://btimes.jp/tokyo/park/33152/"
"47407","タイムズ町屋第４駐車場","35.740792","139.780011","https://btimes.jp/tokyo/park/47407/"
"8025","南千住駐車場","35.733383","139.810364","https://btimes.jp/tokyo/park/8025/"
"58119","タイムズ千住関屋町駐車場","35.737922","139.805886","https://btimes.jp/tokyo/park/58119/"
"30584","墨田5丁目パーキング","35.733842","139.82328","https://btimes.jp/tokyo/park/30584/"
"47898","立石カールパーキング","35.737565","139.846461","https://btimes.jp/tokyo/park/47898/"
"54974","立石８丁目場内駐車場","35.737723","139.85797","https://btimes.jp/tokyo/park/54974/"
"3287","グランドソレーユ駐車場","35.737982","139.872947","https://btimes.jp/tokyo/park/3287/"
"2597","カーサ・ソレイユ駐車場","35.738384","139.874438","https://btimes.jp/tokyo/park/2597/"
"57030","細田第２","35.736116","139.872913","https://btimes.jp/tokyo/park/57030/"
"57029","細田","35.734821","139.874505","https://btimes.jp/tokyo/park/57029/"
"60733","ジニアストダ駐車場","35.737128","139.872578","https://btimes.jp/tokyo/park/60733/"
"65612","フェリシアコート駐車場","35.740609","139.871139","https://btimes.jp/tokyo/park/65612/"
"65610","シャトーソレイユ駐車場","35.741163","139.865084","https://btimes.jp/tokyo/park/65610/"
"36052","リクスタパーキング千住緑町第2月極駐車場	","35.74275","139.797909","https://btimes.jp/tokyo/park/36052/"
"27537","北千住駅前駐車場","35.748508","139.808543","https://btimes.jp/tokyo/park/27537/"
"36040","リクスタパーキング千住東町第2月極バイク駐車場		","35.743328","139.809696","https://btimes.jp/tokyo/park/36040/"
"36038","リクスタパーキング千住仲町第4月極駐車場","35.742055","139.804128","https://btimes.jp/tokyo/park/36038/"
"36039","リクスタパーキング千住仲町第4月極バイク駐車場		","35.742055","139.804128","https://btimes.jp/tokyo/park/36039/"
"51640","FK千住宮元町駐車場","35.743422","139.800177","https://btimes.jp/tokyo/park/51640/"
"33314","堀切駐車場","35.742705","139.828908","https://btimes.jp/tokyo/park/33314/"
"32025","白鳥第９駐車場","35.743323","139.846547","https://btimes.jp/tokyo/park/32025/"
"47518","タイムズお花茶屋第４駐車場","35.745247","139.841947","https://btimes.jp/tokyo/park/47518/"
"57028","高砂","35.748256","139.866031","https://btimes.jp/tokyo/park/57028/"
"65475","保木間２丁目第４駐車場（軽・コンパクトカー専用）","35.791279","139.807665","https://btimes.jp/tokyo/park/65475/"
"65846","ヴィラ・ボヌール駐車場","35.795038","139.811183","https://btimes.jp/tokyo/park/65846/"
"45366","竹の塚7丁目5番地1アビタシオン駐車場","35.795411","139.799864","https://btimes.jp/tokyo/park/45366/"
"64900","梅島3-38-5駐車場","35.774829","139.798393","https://btimes.jp/tokyo/park/64900/"
"61644","草加市瀬崎一丁目駐車場","35.813469","139.805603","https://btimes.jp/saitama/park/61644/"
"31321","綾瀬第30駐車場","35.762838","139.825167","https://btimes.jp/tokyo/park/31321/"
"41391","メゾン・ド・クラージュ駐車場","35.803436","139.850256","https://btimes.jp/saitama/park/41391/"
"43706","カトリエーム駐車場","35.819944","139.802135","https://btimes.jp/saitama/park/43706/"
"34922","イルミア駐車場","35.802444","139.853292","https://btimes.jp/saitama/park/34922/"
"43704","オランジェAB駐車場","35.821404","139.803114","https://btimes.jp/saitama/park/43704/"
"42348","サンシティ中央駐車場","35.823099","139.813601","https://btimes.jp/saitama/park/42348/"
"43705","フィオーレ駐車場","35.822359","139.805558","https://btimes.jp/saitama/park/43705/"
"61486","フォレストガーデン敷地外駐車場","35.819233","139.791136","https://btimes.jp/saitama/park/61486/"
"65727","シュパース草加駐車場","35.823319","139.801113","https://btimes.jp/saitama/park/65727/"
"65455","フェニックス三郷駐車場","35.795597","139.860535","https://btimes.jp/saitama/park/65455/"
"43407","遊馬町971-1グランドハイム美松駐車場","35.816181","139.783328","https://btimes.jp/saitama/park/43407/"
"57328","東亀有","35.764241","139.855321","https://btimes.jp/tokyo/park/57328/"
"65245","レオパレス草加氷川町2駐車場","35.82851","139.80137","https://btimes.jp/saitama/park/65245/"
"63483","メゾンラネ－ジュ駐車場","35.831489","139.795047","https://btimes.jp/saitama/park/63483/"
"41130","アクアコートII駐車場","35.778189","139.872465","https://btimes.jp/tokyo/park/41130/"
"64741","シャーメゾン川口駐車場","35.796024","139.75644","https://btimes.jp/saitama/park/64741/"
"53655","グレースマンション駐車場","35.819253","139.766341","https://btimes.jp/saitama/park/53655/"
"41779","豊島五丁目駐車場","35.763289","139.758123","https://btimes.jp/tokyo/park/41779/"
"54118","豊島五丁目駐車場","35.763289","139.758123","https://btimes.jp/tokyo/park/54118/"
"41778","豊島五丁目駐車場","35.762338","139.758725","https://btimes.jp/tokyo/park/41778/"
"41777","豊島五丁目駐車場","35.762108","139.7583","https://btimes.jp/tokyo/park/41777/"
"63884","キングキャッスル駐車場","35.821553","139.870777","https://btimes.jp/saitama/park/63884/"
"41150","豊島五丁目駐車場","35.763442","139.754425","https://btimes.jp/tokyo/park/41150/"
"40582","金町２丁目駐車場","35.759512","139.87486","https://btimes.jp/tokyo/park/40582/"
"30705","GLP三郷3駐車場","35.826472","139.868517","https://btimes.jp/saitama/park/30705/"
"56743","クオレールII駐車場","35.816712","139.752927","https://btimes.jp/saitama/park/56743/"
"33094","Dパーキング北区豊島４丁目第1","35.759069","139.753214","https://btimes.jp/tokyo/park/33094/"
"52398","堀船４丁目駐車場","35.75111","139.75913","https://btimes.jp/tokyo/park/52398/"
"35308","堀船駐車場","35.750589","139.759134","https://btimes.jp/tokyo/park/35308/"
"56364","グリーンマークシティ保木間駐車場","35.786962","139.810145","https://btimes.jp/tokyo/park/56364/"
"60956","タイムズ青井第３駐車場","35.772596","139.824162","https://btimes.jp/tokyo/park/60956/"
"39990","タイムズ伊興本町駐車場","35.794726","139.791487","https://btimes.jp/tokyo/park/39990/"
"39725","谷在家駐車場","35.782657","139.774557","https://btimes.jp/tokyo/park/39725/"
"38750","足立車検場入口交差点（月極）駐車場","35.793704","139.804958","https://btimes.jp/tokyo/park/38750/"
"36050","六月・月極駐車場","35.781755","139.802102","https://btimes.jp/tokyo/park/36050/"
"65847","グレイス駐車場","35.77656","139.830452","https://btimes.jp/tokyo/park/65847/"
"47017","Luana駐車場","35.798881","139.839492","https://btimes.jp/saitama/park/47017/"
"64938","梅田７丁目第３駐車場","35.76674","139.801407","https://btimes.jp/tokyo/park/64938/"
"52787","綾瀬4-24駐車場","35.763594","139.826902","https://btimes.jp/tokyo/park/52787/"
"41188","マンスリータイムズ草加市谷塚町駐車場","35.811085","139.798482","https://btimes.jp/saitama/park/41188/"
"36053","ST-Park足立第4月極駐車場","35.761318","139.807634","https://btimes.jp/tokyo/park/36053/"
"32086","足立第５駐車場","35.759769","139.81236","https://btimes.jp/tokyo/park/32086/"
"35816","Y'sフェリーチェ　駐車場","35.798161","139.849081","https://btimes.jp/saitama/park/35816/"
"36059","ST-Park梅田第6(月極部)駐車場","35.760698","139.804389","https://btimes.jp/tokyo/park/36059/"
"36033","リクスタパーキング綾瀬中央第16月極バイク駐車場		","35.760976","139.828051","https://btimes.jp/tokyo/park/36033/"
"36044","リクスタパーキング綾瀬中央第16月極バイク駐車場","35.760976","139.828051","https://btimes.jp/tokyo/park/36044/"
"47207","セピアハイム駐車場","35.789573","139.852374","https://btimes.jp/tokyo/park/47207/"
"36051","ST-Park東和第7月極駐車場","35.767199","139.841576","https://btimes.jp/tokyo/park/36051/"
"65716","クオーレ梅田駐車場","35.759848","139.799982","https://btimes.jp/tokyo/park/65716/"
"36036","ST-Park本木第1月極駐車場","35.765998","139.788745","https://btimes.jp/tokyo/park/36036/"
"65717","クオーレ梅田駐車場","35.759821","139.799586","https://btimes.jp/tokyo/park/65717/"
"29867","アルタイル駐車場","35.80775","139.846532","https://btimes.jp/saitama/park/29867/"
"56898","綾瀬","35.759541","139.833819","https://btimes.jp/tokyo/park/56898/"
"57323","西亀有第三","35.759781","139.836819","https://btimes.jp/tokyo/park/57323/"
"547","谷在家駐車場","35.782508","139.774412","https://btimes.jp/tokyo/park/547/"
"36058","ST-Park東和2丁目月極駐車場","35.765011","139.84656","https://btimes.jp/tokyo/park/36058/"
"52991","オランジェAB駐車場","35.821404","139.803114","https://btimes.jp/saitama/park/52991/"
"32767","草加氷川町第２８駐車場","35.822528","139.803987","https://btimes.jp/saitama/park/32767/"
"65184","サングランデ2駐車場","35.814585","139.784827","https://btimes.jp/saitama/park/65184/"
"65185","サングランデ2駐車場","35.814585","139.784827","https://btimes.jp/saitama/park/65185/"
"39375","西新井本町2-23駐車場","35.771352","139.775774","https://btimes.jp/tokyo/park/39375/"
"65186","サングランデ3駐車場","35.814169","139.783445","https://btimes.jp/saitama/park/65186/"
"65604","シュパース草加駐車場","35.823319","139.801113","https://btimes.jp/saitama/park/65604/"
"65183","サングランデ1駐車場","35.814992","139.783521","https://btimes.jp/saitama/park/65183/"
"36068","リクスタパーキング北千住第13月極バイク駐車場","35.751216","139.809571","https://btimes.jp/tokyo/park/36068/"
"55072","谷在家miwastage駐車場","35.785525","139.769672","https://btimes.jp/tokyo/park/55072/"
"25619","タイムズ草加氷川町第２６駐車場","35.824654","139.802929","https://btimes.jp/saitama/park/25619/"
"36032","リクスタパーキング北千住第15月極駐車場		","35.750966","139.809554","https://btimes.jp/tokyo/park/36032/"
"36041","リクスタパーキング千住緑町第2月極バイク駐車場","35.750966","139.809554","https://btimes.jp/tokyo/park/36041/"
"28085","オリオン2駐車場","35.799407","139.860204","https://btimes.jp/saitama/park/28085/"
"46759","リクスタパーキング江北第2月極バイク駐車場		","35.770565","139.774693","https://btimes.jp/tokyo/park/46759/"
"46760","リクスタパーキング江北第2月極駐車場","35.770565","139.774693","https://btimes.jp/tokyo/park/46760/"
"61632","Maison EISHO 駐車場","35.757784","139.844677","https://btimes.jp/tokyo/park/61632/"
"53654","FK舎人3丁目駐車場","35.810907","139.776095","https://btimes.jp/tokyo/park/53654/"
"65608","ソレイユプラザ駐車場","35.754431","139.840698","https://btimes.jp/tokyo/park/65608/"
"57214","東亀有","35.764241","139.855321","https://btimes.jp/tokyo/park/57214/"
"42146","forte Buena Vista a・b駐車場","35.828256","139.800739","https://btimes.jp/saitama/park/42146/"
"30520","遊馬町駐車場","35.817483","139.777582","https://btimes.jp/saitama/park/30520/"
"46701","タイムズ亀有２丁目第２駐車場","35.758126","139.852804","https://btimes.jp/tokyo/park/46701/"
"57327","長門町","35.764741","139.859621","https://btimes.jp/tokyo/park/57327/"
"682","高野駅前第２駐車場","35.764726","139.771684","https://btimes.jp/tokyo/park/682/"
"38802","亀有2-32-13駐車場","35.756649","139.851369","https://btimes.jp/tokyo/park/38802/"
"44750","ST-Park鹿浜第１駐車場","35.78014","139.760313","https://btimes.jp/tokyo/park/44750/"
"32804","マンスリー葛飾新宿第４駐車場","35.76083","139.864233","https://btimes.jp/tokyo/park/32804/"
"30884","ブランバル駐車場","35.751498","139.854669","https://btimes.jp/tokyo/park/30884/"
"57492","新宿第１","35.758641","139.864242","https://btimes.jp/tokyo/park/57492/"
"57493","新宿第２","35.756903","139.864646","https://btimes.jp/tokyo/park/57493/"
"42634","ミオエアリー駐車場","35.757377","139.874588","https://btimes.jp/tokyo/park/42634/"
"65548","サンハイム駐車場","35.752142","139.869947","https://btimes.jp/tokyo/park/65548/"
"64935","グランモア5駐車場","35.875956","139.81701","https://btimes.jp/saitama/park/64935/"
"53750","ナカミツ第２駐車場","35.879947","139.823009","https://btimes.jp/saitama/park/53750/"
"53111","登戸町駐車場","35.868387","139.802081","https://btimes.jp/saitama/park/53111/"
"65288","フレグランスＭＥ駐車場","35.856932","139.812686","https://btimes.jp/saitama/park/65288/"
"42121","青柳8-55駐車場","35.855142","139.819784","https://btimes.jp/saitama/park/42121/"
"45440","シティハイムCD駐車場","35.852805","139.824013","https://btimes.jp/saitama/park/45440/"
"45439","シティハイムコスモ駐車場","35.85278","139.825943","https://btimes.jp/saitama/park/45439/"
"44692","マインドハイムプリオール駐車場","35.883384","139.79438","https://btimes.jp/saitama/park/44692/"
"32917","マンスリー越谷大間野町２丁目駐車場","35.861264","139.790081","https://btimes.jp/saitama/park/32917/"
"43890","H.Bパーキング","35.848604","139.826098","https://btimes.jp/saitama/park/43890/"
"50461","プアラニ駐車場","35.848659","139.826396","https://btimes.jp/saitama/park/50461/"
"27765","吉川市保駐車場","35.877964","139.845728","https://btimes.jp/saitama/park/27765/"
"64703","【1番区画】花田7-2-7駐車場","35.899194","139.808528","https://btimes.jp/saitama/park/64703/"
"64828","【2番区画】花田7-2-7駐車場","35.899194","139.808528","https://btimes.jp/saitama/park/64828/"
"64301","キャメル吉川駐車場","35.877958","139.850208","https://btimes.jp/saitama/park/64301/"
"48781","グローリーミズグチ駐車場","35.884382","139.782956","https://btimes.jp/saitama/park/48781/"
"44404","タカハシ有料駐車場","35.84322","139.824891","https://btimes.jp/saitama/park/44404/"
"26201","タイムズ草加旭町第２駐車場","35.846592","139.796465","https://btimes.jp/saitama/park/26201/"
"51169","リバーハイム駐車場","35.851395","139.845097","https://btimes.jp/saitama/park/51169/"
"57112","宮前","35.872804","139.777046","https://btimes.jp/saitama/park/57112/"
"46518","フルハウス高橋駐車場","35.84237","139.830492","https://btimes.jp/saitama/park/46518/"
"52940","サンマロン駐車場","35.843703","139.796815","https://btimes.jp/saitama/park/52940/"
"42202","宮本町1-30-14駐車場","35.890869","139.78385","https://btimes.jp/saitama/park/42202/"
"46935","吉川団地前駐車場","35.884998","139.85311","https://btimes.jp/saitama/park/46935/"
"42615","Mahane Terrasse駐車場","35.89799","139.784476","https://btimes.jp/saitama/park/42615/"
"41379","アリエッタ美南駐車場","35.861522","139.8603","https://btimes.jp/saitama/park/41379/"
"52606","ドラッグセイムス草加北谷店駐車場","35.839386","139.790129","https://btimes.jp/saitama/park/52606/"
"56227","【8番車室】北谷1-2-6坂本駐車場","35.837894","139.790946","https://btimes.jp/saitama/park/56227/"
"62382","【6番車室】北谷1-2-6坂本駐車場","35.837894","139.790946","https://btimes.jp/saitama/park/62382/"
"41782","バイクショップATV駐車場","35.904621","139.78436","https://btimes.jp/saitama/park/41782/"
"30160","中曽根1438-4大村技研駐車場","35.867072","139.868425","https://btimes.jp/saitama/park/30160/"
"32341","コナカ三郷インター店駐車場","35.840907","139.859639","https://btimes.jp/saitama/park/32341/"
"28106","メープルガーデン1・2駐車場","35.857044","139.751101","https://btimes.jp/saitama/park/28106/"
"52605","ドラッグセイムス越谷西大袋店駐車場","35.914905","139.765371","https://btimes.jp/saitama/park/52605/"
"46352","ベルファミーユ駐車場","35.915396","139.763701","https://btimes.jp/saitama/park/46352/"
"56653","プラータノ駐車場","35.877698","139.815592","https://btimes.jp/saitama/park/56653/"
"53110","登戸町駐車場","35.868387","139.802081","https://btimes.jp/saitama/park/53110/"
"53112","登戸町駐車場","35.868387","139.802081","https://btimes.jp/saitama/park/53112/"
"3536","ナカミツ第一駐車場","35.875171","139.831115","https://btimes.jp/saitama/park/3536/"
"57403","南越谷第３","35.873559","139.797927","https://btimes.jp/saitama/park/57403/"
"57402","南越谷第２","35.872846","139.797213","https://btimes.jp/saitama/park/57402/"
"28100","ソレーユ南越谷駐車場","35.868214","139.796461","https://btimes.jp/saitama/park/28100/"
"57405","南越谷第６","35.872815","139.789487","https://btimes.jp/saitama/park/57405/"
"57633","南越谷第５","35.872813","139.783927","https://btimes.jp/saitama/park/57633/"
"27629","グラシアスよし川駐車場","35.872413","139.849028","https://btimes.jp/saitama/park/27629/"
"35833","ワイ・エスハウス駐車場","35.884809","139.848114","https://btimes.jp/saitama/park/35833/"
"35817","グローリーミズグチ駐車場","35.884382","139.782956","https://btimes.jp/saitama/park/35817/"
"45596","グレイシャス駐車場","35.8414","139.817496","https://btimes.jp/saitama/park/45596/"
"43891","フルハウス高橋駐車場","35.84237","139.830492","https://btimes.jp/saitama/park/43891/"
"35867","ルミエール吉川美南駐車場","35.866703","139.855799","https://btimes.jp/saitama/park/35867/"
"26952","石井第6駐車場","35.901673","139.788868","https://btimes.jp/saitama/park/26952/"
"36668","北越谷第４駐車場","35.899887","139.780351","https://btimes.jp/saitama/park/36668/"
"32189","花栗4-11駐車場","35.834951","139.795126","https://btimes.jp/saitama/park/32189/"
"45595","ease（イース）駐車場","35.854818","139.770464","https://btimes.jp/saitama/park/45595/"
"26959","岡井第1駐車場","35.910331","139.796193","https://btimes.jp/saitama/park/26959/"
"27024","関根大房駐車場","35.907839","139.783792","https://btimes.jp/saitama/park/27024/"
"57395","東川口","35.872383","139.76048","https://btimes.jp/saitama/park/57395/"
"65118","ラフィーネ北越谷駐車場","35.901187","139.772457","https://btimes.jp/saitama/park/65118/"
"26874","ヤマミ2駐車場","35.903922","139.77501","https://btimes.jp/saitama/park/26874/"
"7861","グリーンヴィレッジ東川口駐車場","35.864731","139.755141","https://btimes.jp/saitama/park/7861/"
"60314","松伏町松伏2164番地駐車場","35.926118","139.82521","https://btimes.jp/saitama/park/60314/"
"60568","松伏町松伏2164番地駐車場","35.926118","139.82521","https://btimes.jp/saitama/park/60568/"
"26112","大泊中井駐車場","35.931456","139.791092","https://btimes.jp/saitama/park/26112/"
"29671","明和平方駐車場","35.943559","139.779966","https://btimes.jp/saitama/park/29671/"
"52329","大枝駐車場","35.940015","139.780856","https://btimes.jp/saitama/park/52329/"
"38667","大枝974-1駐車場","35.935822","139.782705","https://btimes.jp/saitama/park/38667/"
"60932","千間台東1-12-6グランテソール駐車場","35.931649","139.780123","https://btimes.jp/saitama/park/60932/"
"25681","春日部市備後西1丁目　原田月極駐車場","35.956006","139.769537","https://btimes.jp/saitama/park/25681/"
"65283","七光台１８２－１６吉沢コーポ駐車場","35.97865","139.852547","https://btimes.jp/chiba/park/65283/"
"32379","コナカ野田店駐車場","35.938617","139.866243","https://btimes.jp/chiba/park/32379/"
"61201","第27アオイビル駐車場","35.968055","139.759317","https://btimes.jp/saitama/park/61201/"
"45245","第３８アオイビル駐車場","35.972715","139.760921","https://btimes.jp/saitama/park/45245/"
"32840","アイミッションズパーク野田駐車場","35.975314","139.869398","https://btimes.jp/chiba/park/32840/"
"31821","明和小林駐車場","35.926862","139.767804","https://btimes.jp/saitama/park/31821/"
"45303","第３２アオイビル駐車場","35.967263","139.750796","https://btimes.jp/saitama/park/45303/"
"41574","ロイヤルオーク駐車場","35.975575","139.750891","https://btimes.jp/saitama/park/41574/"
"45974","春日部市小渕１７駐車場","35.984455","139.756178","https://btimes.jp/saitama/park/45974/"
"41528","小曽川240-16駐車場","35.917261","139.757354","https://btimes.jp/saitama/park/41528/"
"48878","米島駐車場","35.97735","139.808451","https://btimes.jp/saitama/park/48878/"
"61685","FK西金野井駐車場","35.980303","139.814815","https://btimes.jp/saitama/park/61685/"
"38641","プレミストコート駐車場第2","35.936359","139.782827","https://btimes.jp/saitama/park/38641/"
"50604","野本駐車場","35.979112","139.852695","https://btimes.jp/chiba/park/50604/"
"29097","タイムズせんげん台第５駐車場","35.930226","139.775499","https://btimes.jp/saitama/park/29097/"
"54263","メゾン・ブランカ春日部駐車場","35.977423","139.769283","https://btimes.jp/saitama/park/54263/"
"47880","タイムズ大袋駅前駐車場","35.919851","139.780807","https://btimes.jp/saitama/park/47880/"
"26111","明和第一駐車場","35.926619","139.767654","https://btimes.jp/saitama/park/26111/"
"27639","コーポラスＮ0.20駐車場","35.936152","139.874113","https://btimes.jp/chiba/park/27639/"
"43719","清水駐車場","35.968527","139.753811","https://btimes.jp/saitama/park/43719/"
"41685","春日部市中央1-49駐車場","35.974798","139.756345","https://btimes.jp/saitama/park/41685/"
"55522","ガーデンフィール８番館駐車場","35.971735","139.753724","https://btimes.jp/saitama/park/55522/"
"45999","タイムズ春日部中央第２駐車場","35.97457","139.752353","https://btimes.jp/saitama/park/45999/"
"32333","コナカ木更津店駐車場","35.374793","139.939365","https://btimes.jp/chiba/park/32333/"
"52765","ドラッグセイムス木更津太田店駐車場","35.373124","139.949009","https://btimes.jp/chiba/park/52765/"
"44501","BOTAN木更津店駐車場","35.378096","139.932951","https://btimes.jp/chiba/park/44501/"
"54819","永井作267-2高橋駐車場","35.383964","139.946294","https://btimes.jp/chiba/park/54819/"
"40320","長須賀駐車場","35.38554","139.936766","https://btimes.jp/chiba/park/40320/"
"64440","フィッシングTポート 金田店駐車場","35.430482","139.926861","https://btimes.jp/chiba/park/64440/"
"52615","ドラッグセイムス福王台店駐車場","35.424644","139.964121","https://btimes.jp/chiba/park/52615/"
"64906","福王台4-10-24駐車場","35.429814","139.97272","https://btimes.jp/chiba/park/64906/"
"862","蔵波台第７駐車場","35.439409","139.990061","https://btimes.jp/chiba/park/862/"
"933","蔵波台第１駐車場","35.441076","139.990899","https://btimes.jp/chiba/park/933/"
"863","蔵波台第８駐車場","35.442418","139.997297","https://btimes.jp/chiba/park/863/"
"859","蔵波台第３駐車場","35.434045","139.999267","https://btimes.jp/chiba/park/859/"
"43920","アクアマリン駐車場","35.635298","139.917078","https://btimes.jp/chiba/park/43920/"
"65211","コンフォートIMAGAWA駐車場","35.638985","139.91428","https://btimes.jp/chiba/park/65211/"
"27962","今川2-7-43駐車場","35.640068","139.913315","https://btimes.jp/chiba/park/27962/"
"57027","見明川駐車場","35.632084","139.897813","https://btimes.jp/chiba/park/57027/"
"46876","弁天駐車場","35.635689","139.895542","https://btimes.jp/chiba/park/46876/"
"57499","第２浦安第２駐車場","35.631591","139.891028","https://btimes.jp/chiba/park/57499/"
"31935","プロロジスパーク市川３駐車場","35.663601","139.934199","https://btimes.jp/chiba/park/31935/"
"31940","プロロジスパーク市川１駐車場","35.66414","139.93775","https://btimes.jp/chiba/park/31940/"
"38712","ドールタカナシマンション駐車場","35.657283","139.904625","https://btimes.jp/chiba/park/38712/"
"38711","GOLDタカナシ駐車場","35.659683","139.903082","https://btimes.jp/chiba/park/38711/"
"44718","ボナールシャテロ駐車場","35.65371","139.894234","https://btimes.jp/chiba/park/44718/"
"59164","【平日限定】グランドニッコー東京ベイ舞浜ホテル駐車場","35.625164","139.877311","https://btimes.jp/chiba/park/59164/"
"59165","【土日祝】グランドニッコー東京ベイ舞浜ホテル駐車場","35.625164","139.877311","https://btimes.jp/chiba/park/59165/"
"60353","【土日祝】舞浜ビューホテル by HULIC駐車場","35.627723","139.876375","https://btimes.jp/chiba/park/60353/"
"60352","【平日限定】舞浜ビューホテル by HULIC駐車場","35.627671","139.876289","https://btimes.jp/chiba/park/60352/"
"1655","浦安第２３駐車場","35.663358","139.8975","https://btimes.jp/chiba/park/1655/"
"38703","丸善第６駐車場","35.63511","139.916492","https://btimes.jp/chiba/park/38703/"
"42887","新浦安日の出駐車場","35.646086","139.927998","https://btimes.jp/chiba/park/42887/"
"724","SIパーキング","35.647542","139.901561","https://btimes.jp/chiba/park/724/"
"35844","グランピア舞浜駐車場","35.637694","139.892375","https://btimes.jp/chiba/park/35844/"
"48634","ソラーナ駐車場","35.639221","139.892349","https://btimes.jp/chiba/park/48634/"
"722","ルシール115駐車場","35.654857","139.906189","https://btimes.jp/chiba/park/722/"
"7920","若葉パーキング","35.650005","139.898915","https://btimes.jp/chiba/park/7920/"
"41844","タイムズ浦安第２８駐車場","35.654931","139.904526","https://btimes.jp/chiba/park/41844/"
"38707","コーポうみぞの駐車場","35.65477","139.901957","https://btimes.jp/chiba/park/38707/"
"41398","OLIVE駐車場","35.655309","139.901978","https://btimes.jp/chiba/park/41398/"
"730","ＥＧ８パーク","35.654629","139.896717","https://btimes.jp/chiba/park/730/"
"717","第2江口駐車場","35.655792","139.8965","https://btimes.jp/chiba/park/717/"
"1886","丸茂駐車場","35.658618","139.899122","https://btimes.jp/chiba/park/1886/"
"1887","堀江３丁目パーキング","35.656854","139.896802","https://btimes.jp/chiba/park/1887/"
"715","ＥＧ７パーク","35.656794","139.894748","https://btimes.jp/chiba/park/715/"
"719","第4江口駐車場","35.656908","139.894415","https://btimes.jp/chiba/park/719/"
"596","東葛西第１１駐車場","35.65669","139.878632","https://btimes.jp/tokyo/park/596/"
"65923","中葛西第２４","35.659172","139.875006","https://btimes.jp/tokyo/park/65923/"
"727","三橋第２駐車場","35.669796","139.89853","https://btimes.jp/chiba/park/727/"
"27878","プランドール吉野駐車場","35.667178","139.902358","https://btimes.jp/chiba/park/27878/"
"46055","フロベージュ駐車場","35.67281","139.922977","https://btimes.jp/chiba/park/46055/"
"46350","グリーンゲート新浜駐車場","35.671999","139.919398","https://btimes.jp/chiba/park/46350/"
"36185","マンスリー福栄駐車場","35.673522","139.913581","https://btimes.jp/chiba/park/36185/"
"8132","プレステージ市川駐車場","35.673466","139.926759","https://btimes.jp/chiba/park/8132/"
"8134","プレステージ市川駐車場","35.673466","139.926759","https://btimes.jp/chiba/park/8134/"
"38540","シャルム富浜駐車場","35.683046","139.925274","https://btimes.jp/chiba/park/38540/"
"57837","シャルム富浜駐車場","35.683046","139.925274","https://btimes.jp/chiba/park/57837/"
"31941","プロロジスパーク船橋５駐車場","35.683031","139.967216","https://btimes.jp/chiba/park/31941/"
"64304","ルミエールグリーン駐車場","35.690703","139.910895","https://btimes.jp/tokyo/park/64304/"
"47374","クリサンテーム妙典駐車場","35.687193","139.933869","https://btimes.jp/chiba/park/47374/"
"47375","クリサンテーム妙典２駐車場","35.687082","139.93296","https://btimes.jp/chiba/park/47375/"
"48856","サンソノス駐車場","35.687445","139.931224","https://btimes.jp/chiba/park/48856/"
"39828","マンスリー第１さかえ駐車場","35.684622","139.933133","https://btimes.jp/chiba/park/39828/"
"36361","マンスリー妙典駐車場","35.686206","139.934844","https://btimes.jp/chiba/park/36361/"
"53529","ステラ・コート駐車場","35.687211","139.930656","https://btimes.jp/chiba/park/53529/"
"53530","ATRACTIVO駐車場","35.68739","139.930486","https://btimes.jp/chiba/park/53530/"
"57514","二俣新町","35.687742","139.960865","https://btimes.jp/chiba/park/57514/"
"57505","第７二俣","35.690451","139.960071","https://btimes.jp/chiba/park/57505/"
"33136","栄町1-14-20駐車場","35.687836","139.980575","https://btimes.jp/chiba/park/33136/"
"57023","栄町","35.685227","139.978678","https://btimes.jp/chiba/park/57023/"
"35862","篠崎町４丁目駐車場","35.69975","139.912713","https://btimes.jp/tokyo/park/35862/"
"57504","第５二俣","35.691981","139.959175","https://btimes.jp/chiba/park/57504/"
"29385","フラッツ・ウィステリア駐車場","35.698038","139.969736","https://btimes.jp/chiba/park/29385/"
"52907","二俣駐車場","35.699389","139.962946","https://btimes.jp/chiba/park/52907/"
"45004","アステール船橋駐車場","35.694387","139.996164","https://btimes.jp/chiba/park/45004/"
"27637","キャロット駐車場","35.697336","139.995831","https://btimes.jp/chiba/park/27637/"
"51333","タイムズ船橋本町第１５駐車場","35.698711","139.992492","https://btimes.jp/chiba/park/51333/"
"58531","本町1-8-20メゾン青葉駐車場","35.696019","139.988386","https://btimes.jp/chiba/park/58531/"
"28390","本町4-21-35駐車場","35.695989","139.991828","https://btimes.jp/chiba/park/28390/"
"573","船橋本町第３３駐車場","35.697515","139.992801","https://btimes.jp/chiba/park/573/"
"1817","関根車輌江戸川駐車場","35.70428","139.882744","https://btimes.jp/tokyo/park/1817/"
"39297","上篠崎４丁目８駐車場【敷地内にタイムズ篠崎公園前OP！】","35.704754","139.900681","https://btimes.jp/tokyo/park/39297/"
"65810","MKK篠崎駐車場","35.703648","139.910983","https://btimes.jp/tokyo/park/65810/"
"65812","サン・クレセール駐車場","35.703704","139.911192","https://btimes.jp/tokyo/park/65812/"
"28345","グランメールパーキング","35.700546","139.93334","https://btimes.jp/chiba/park/28345/"
"41170","スーパーオートバックス市川立体駐車場","35.704831","139.941268","https://btimes.jp/chiba/park/41170/"
"57496","西船橋","35.70675","139.956936","https://btimes.jp/chiba/park/57496/"
"41579","アーク駐車場","35.707236","139.966183","https://btimes.jp/chiba/park/41579/"
"690","東海神駅前駐車場","35.703081","139.984741","https://btimes.jp/chiba/park/690/"
"65324","ビラージュ2駐車場","35.703946","139.994236","https://btimes.jp/chiba/park/65324/"
"65317","藤栄駐車場","35.704198","139.994185","https://btimes.jp/chiba/park/65317/"
"65323","シャルム夏見駐車場","35.704318","139.994217","https://btimes.jp/chiba/park/65323/"
"65345","グランバリエFUJI駐車場","35.704494","139.993764","https://btimes.jp/chiba/park/65345/"
"39559","夏見5-2-9駐車場","35.706135","139.99651","https://btimes.jp/chiba/park/39559/"
"65318","藤栄駐車場","35.704198","139.994185","https://btimes.jp/chiba/park/65318/"
"65435","シャルム夏見駐車場","35.704318","139.994217","https://btimes.jp/chiba/park/65435/"
"45171","タイムズ船橋本町第65駐車場","35.701316","139.988688","https://btimes.jp/chiba/park/45171/"
"42448","レ・グラン・ナカノ駐車場","35.712567","139.880502","https://btimes.jp/tokyo/park/42448/"
"1650","東松本駐車場","35.716393","139.888056","https://btimes.jp/tokyo/park/1650/"
"41563","ブオナスタンザ市川駐車場","35.71517","139.911728","https://btimes.jp/chiba/park/41563/"
"51338","エスペラントハイツ駐車場","35.708718","139.909631","https://btimes.jp/tokyo/park/51338/"
"40002","稲荷木１丁目駐車場","35.710205","139.923444","https://btimes.jp/chiba/park/40002/"
"1683","ソレイユドレスト駐車場","35.711238","139.931144","https://btimes.jp/chiba/park/1683/"
"53727","FK八幡１丁目駐車場","35.71617","139.936526","https://btimes.jp/chiba/park/53727/"
"65739","ベルモンターニュ駐車場","35.714584","139.942457","https://btimes.jp/chiba/park/65739/"
"57509","中山東第３","35.710378","139.948467","https://btimes.jp/chiba/park/57509/"
"65453","ヴィルヌーブ西船橋駐車場","35.71207","139.959589","https://btimes.jp/chiba/park/65453/"
"61155","石山駐車場","35.712148","139.960331","https://btimes.jp/chiba/park/61155/"
"59458","ベイヒルコート西船駐車場","35.709147","139.958207","https://btimes.jp/chiba/park/59458/"
"65452","ヴィルヌーブ西船橋3号館、4号館駐車場","35.712371","139.959918","https://btimes.jp/chiba/park/65452/"
"52377","東中山1-25-25駐車場","35.709007","139.955103","https://btimes.jp/chiba/park/52377/"
"8011","船橋印内駐車場","35.716026","139.965186","https://btimes.jp/chiba/park/8011/"
"36526","サングリーンＫ駐車場","35.716443","139.98025","https://btimes.jp/chiba/park/36526/"
"41493","シティハイムベルゲン駐車場","35.722806","139.875644","https://btimes.jp/tokyo/park/41493/"
"41386","ブリーズコート駐車場","35.718124","139.880572","https://btimes.jp/tokyo/park/41386/"
"53838","FK南小岩４丁目駐車場","35.7203","139.88739","https://btimes.jp/tokyo/park/53838/"
"58264","カーサアプリコルテ駐車場","35.717857","139.879192","https://btimes.jp/tokyo/park/58264/"
"53047","市川南1-6-25駐車場","35.723738","139.910186","https://btimes.jp/chiba/park/53047/"
"1504","マンションユーガ駐車場","35.718598","139.923319","https://btimes.jp/chiba/park/1504/"
"57519","本八幡西第１","35.720198","139.924546","https://btimes.jp/chiba/park/57519/"
"57520","本八幡西第2","35.721023","139.922582","https://btimes.jp/chiba/park/57520/"
"57032","市川新田","35.722502","139.919042","https://btimes.jp/chiba/park/57032/"
"59562","Ｇｒａｎｄ　Ｐａｓ　Ｄｅ　Ｃｈａｔ駐車場","35.723394","139.923715","https://btimes.jp/chiba/park/59562/"
"57034","市川東第１駐車場","35.723199","139.917308","https://btimes.jp/chiba/park/57034/"
"57031","市川駅東第１","35.724088","139.91519","https://btimes.jp/chiba/park/57031/"
"57521","本八幡西第３","35.719736","139.925662","https://btimes.jp/chiba/park/57521/"
"45685","北善ハイツ駐車場","35.723966","139.935383","https://btimes.jp/chiba/park/45685/"
"2216","八幡6丁目　第2北善ハイツパーキング","35.724117","139.935522","https://btimes.jp/chiba/park/2216/"
"65316","サンモール駐車場","35.717624","139.959592","https://btimes.jp/chiba/park/65316/"
"47940","ブルーム駐車場","35.717545","139.958661","https://btimes.jp/chiba/park/47940/"
"62351","上山町１丁目駐車場","35.724181","139.972121","https://btimes.jp/chiba/park/62351/"
"27380","サニーホームズ駐車場","35.716707","139.979784","https://btimes.jp/chiba/park/27380/"
"50462","ジョイフルＤ駐車場","35.721931","139.98254","https://btimes.jp/chiba/park/50462/"
"57036","小岩西第１","35.725957","139.87916","https://btimes.jp/tokyo/park/57036/"
"57037","小岩西第２","35.72613","139.879526","https://btimes.jp/tokyo/park/57037/"
"57488","上一色第２","35.72576","139.875053","https://btimes.jp/tokyo/park/57488/"
"57487","上一色","35.726039","139.875023","https://btimes.jp/tokyo/park/57487/"
"57024","奥戸","35.731643","139.876161","https://btimes.jp/tokyo/park/57024/"
"57040","小岩東第４","35.732702","139.893271","https://btimes.jp/tokyo/park/57040/"
"57039","小岩東第２","35.732685","139.893038","https://btimes.jp/tokyo/park/57039/"
"57038","小岩東第１","35.732763","139.892194","https://btimes.jp/tokyo/park/57038/"
"57035","小岩","35.732548","139.890199","https://btimes.jp/tokyo/park/57035/"
"57201","【軽専用】小岩","35.732548","139.890199","https://btimes.jp/tokyo/park/57201/"
"2718","市川大門通り駐車場","35.727777","139.91","https://btimes.jp/chiba/park/2718/"
"27881","市川第２３駐車場","35.727501","139.911676","https://btimes.jp/chiba/park/27881/"
"2127","市川菅野駐車場","35.730174","139.917956","https://btimes.jp/chiba/park/2127/"
"32032","市川菅野第２駐車場","35.730085","139.918343","https://btimes.jp/chiba/park/32032/"
"2559","宮久保1丁目　ヒルサイドレジデンス　パーキング","35.732457","139.936042","https://btimes.jp/chiba/park/2559/"
"32511","八幡6-17-10駐車場","35.725263","139.940158","https://btimes.jp/chiba/park/32511/"
"41353","藤原1-5-12駐車場","35.725633","139.963872","https://btimes.jp/chiba/park/41353/"
"40467","北小岩２丁目駐車場","35.736149","139.887252","https://btimes.jp/tokyo/park/40467/"
"44680","イーストディアコート駐車場","35.738543","139.877478","https://btimes.jp/tokyo/park/44680/"
"50591","葛飾区鎌倉４丁目パーキング","35.741399","139.884781","https://btimes.jp/tokyo/park/50591/"
"8138","メゾンサンセール駐車場","35.73811","139.893623","https://btimes.jp/tokyo/park/8138/"
"65320","Ａｒｋ市川駐車場","35.737277","139.906197","https://btimes.jp/chiba/park/65320/"
"65321","Ａｒｋ市川駐車場","35.737277","139.906197","https://btimes.jp/chiba/park/65321/"
"59371","奉免町37-6駐車場","35.740204","139.961581","https://btimes.jp/chiba/park/59371/"
"32024","馬込沢第２駐車場","35.738582","139.994716","https://btimes.jp/chiba/park/32024/"
"63741","コンフォールアイ駐車場","35.7497","139.897919","https://btimes.jp/chiba/park/63741/"
"39814","メゾンドールＫ駐車場","35.74863","139.906574","https://btimes.jp/chiba/park/39814/"
"58966","パラッツォビバーチェ駐車場","35.743624","139.914789","https://btimes.jp/chiba/park/58966/"
"27823","大野町２丁目駐車場","35.749445","139.951621","https://btimes.jp/chiba/park/27823/"
"31822","大野町２丁目駐車場","35.749445","139.951621","https://btimes.jp/chiba/park/31822/"
"32250","河原塚389駐車場","35.783191","139.948048","https://btimes.jp/chiba/park/32250/"
"47186","はぎの家石材店駐車場","35.779826","139.947572","https://btimes.jp/chiba/park/47186/"
"41392","こんごうハイツ駐車場","35.776617","139.938552","https://btimes.jp/chiba/park/41392/"
"25567","松戸市上本郷4097　光陽レジデンス駐車場","35.789939","139.924756","https://btimes.jp/chiba/park/25567/"
"41575","スクエアヒルズ壱番館駐車場","35.794776","139.924645","https://btimes.jp/chiba/park/41575/"
"65944","上本郷駅前月極バイク駐車場","35.787228","139.920394","https://btimes.jp/chiba/park/65944/"
"65943","カーサプルミエ駐車場","35.789728","139.920264","https://btimes.jp/chiba/park/65943/"
"66010","カーサプルミエ駐車場","35.789728","139.920264","https://btimes.jp/chiba/park/66010/"
"43515","タイムズ五香第10駐車場","35.792069","139.963912","https://btimes.jp/chiba/park/43515/"
"32259","松戸市上本郷　グリーンシティA駐車場","35.792714","139.917323","https://btimes.jp/chiba/park/32259/"
"31294","ESPERANZA駐車場","35.789745","139.916023","https://btimes.jp/chiba/park/31294/"
"29192","フェリス北松戸駐車場","35.798939","139.919041","https://btimes.jp/chiba/park/29192/"
"46864","ビレッジハウス串崎駐車場","35.781917","139.96514","https://btimes.jp/chiba/park/46864/"
"43501","南花島3-54-4駐車場","35.787381","139.914489","https://btimes.jp/chiba/park/43501/"
"26041","松戸南部市場第１パーキング","35.776352","139.918471","https://btimes.jp/chiba/park/26041/"
"50161","常盤平5-8-10駐車場","35.795745","139.967034","https://btimes.jp/chiba/park/50161/"
"45842","ベルリード駐車場","35.790852","139.911059","https://btimes.jp/chiba/park/45842/"
"42614","プレミール駐車場","35.773048","139.966467","https://btimes.jp/chiba/park/42614/"
"65322","エスポワール竹ヶ花駐車場","35.789402","139.908414","https://btimes.jp/chiba/park/65322/"
"64059","松飛台529-1テラス松石C棟駐車場","35.774283","139.968331","https://btimes.jp/chiba/park/64059/"
"46868","ビレッジハウス栗ヶ沢駐車場","35.817017","139.941921","https://btimes.jp/chiba/park/46868/"
"2692","松戸市西馬橋1丁目駐車場","35.813084","139.921469","https://btimes.jp/chiba/park/2692/"
"41383","シティハイムサンヒルズ駐車場","35.776034","139.975428","https://btimes.jp/chiba/park/41383/"
"41481","アイランドビレッジ駐車場","35.805933","139.908602","https://btimes.jp/chiba/park/41481/"
"53915","セジュール光駐車場","35.809682","139.911745","https://btimes.jp/chiba/park/53915/"
"3265","新松戸二丁目会館駐車場","35.818082","139.922955","https://btimes.jp/chiba/park/3265/"
"3266","新松戸二丁目会館駐車場","35.818082","139.922955","https://btimes.jp/chiba/park/3266/"
"59225","丸宏マンション駐車場","35.804918","139.9056","https://btimes.jp/chiba/park/59225/"
"65377","【入居者様向け】ソフィアE駐車場","35.820995","139.927451","https://btimes.jp/chiba/park/65377/"
"65632","小金きよしケ丘3-17-9ルミエール駐車場","35.822753","139.937108","https://btimes.jp/chiba/park/65632/"
"41905","シティハイツ新松戸駐車場","35.81799","139.918043","https://btimes.jp/chiba/park/41905/"
"65174","コーポハイブリッヂ駐車場","35.817788","139.911813","https://btimes.jp/chiba/park/65174/"
"48560","バーディハイツ２駐車場","35.820389","139.965531","https://btimes.jp/chiba/park/48560/"
"32313","コナカ柏光ケ丘店駐車場","35.82379","139.957891","https://btimes.jp/chiba/park/32313/"
"8141","本光寺駐車場","35.752529","139.957067","https://btimes.jp/chiba/park/8141/"
"48694","小山138-13駐車場","35.770861","139.89835","https://btimes.jp/chiba/park/48694/"
"54030","サンコーポ松戸駐車場","35.827168","139.943723","https://btimes.jp/chiba/park/54030/"
"61343","casa di viola駐車場【入居者様向け】","35.826938","139.923597","https://btimes.jp/chiba/park/61343/"
"62850","ソレアード駐車場","35.755892","139.908189","https://btimes.jp/chiba/park/62850/"
"54823","カーサ・ランブラス駐車場","35.755712","139.90788","https://btimes.jp/chiba/park/54823/"
"65319","ハイホームスズキＢ駐車場","35.817037","139.980058","https://btimes.jp/chiba/park/65319/"
"38553","ゴールドメゾン壱・弐駐車場","35.79109","139.887051","https://btimes.jp/saitama/park/38553/"
"55533","ブラウンヒル駐車場","35.831694","139.931018","https://btimes.jp/chiba/park/55533/"
"41672","ヴェルディ壱番館 駐車場","35.824489","139.904151","https://btimes.jp/chiba/park/41672/"
"45616","ラフォーリア駐車場","35.833207","139.970548","https://btimes.jp/chiba/park/45616/"
"60649","千葉県鎌ケ谷市初富本町２丁目１５駐車場","35.770939","139.999593","https://btimes.jp/chiba/park/60649/"
"27712","金町 3-37-15駐車場","35.764558","139.878997","https://btimes.jp/tokyo/park/27712/"
"42612","キャメル三郷中央３駐車場","35.824736","139.882943","https://btimes.jp/saitama/park/42612/"
"55582","グランドコートII敷地外駐車場","35.827491","139.999901","https://btimes.jp/chiba/park/55582/"
"57026","金ヶ作","35.789761","139.941334","https://btimes.jp/chiba/park/57026/"
"48426","タイムズ八柱第５駐車場","35.787819","139.945117","https://btimes.jp/chiba/park/48426/"
"41578","リエール新八柱 駐車場","35.793489","139.942618","https://btimes.jp/chiba/park/41578/"
"26042","松戸南部市場第２パーキング","35.776352","139.918471","https://btimes.jp/chiba/park/26042/"
"31995","松飛台駅駐車場","35.771771","139.960259","https://btimes.jp/chiba/park/31995/"
"624","五香第３駐車場","35.792525","139.971965","https://btimes.jp/chiba/park/624/"
"47572","グリーンヒルズ上ノ台Ａ駐車場","35.81234","139.925972","https://btimes.jp/chiba/park/47572/"
"44221","メゾンクレール駐車場","35.816901","139.943163","https://btimes.jp/chiba/park/44221/"
"44745","タイムズ松戸第３１駐車場","35.774466","139.907648","https://btimes.jp/chiba/park/44745/"
"54223","FK松戸市五香駐車場","35.79148","139.979","https://btimes.jp/chiba/park/54223/"
"2380","松戸第１３駐車場","35.782228","139.902222","https://btimes.jp/chiba/park/2380/"
"57642","新松戸高架下A","35.821886","139.924892","https://btimes.jp/chiba/park/57642/"
"57343","新松戸第六","35.826286","139.926229","https://btimes.jp/chiba/park/57343/"
"57342","新松戸第二","35.825986","139.924929","https://btimes.jp/chiba/park/57342/"
"57341","新松戸第三","35.826476","139.926729","https://btimes.jp/chiba/park/57341/"
"30983","フェリオ鎌ヶ谷駐車場","35.767003","139.989974","https://btimes.jp/chiba/park/30983/"
"65613","ヴァンベール東金町駐車場","35.769432","139.878907","https://btimes.jp/tokyo/park/65613/"
"41485","セントラルヴェール駐車場","35.817508","139.879379","https://btimes.jp/saitama/park/41485/"
"42151","キャメル三郷中央駐車場","35.82659","139.883538","https://btimes.jp/saitama/park/42151/"
"42149","稲穂駐車場","35.828581","139.879165","https://btimes.jp/saitama/park/42149/"
"41377","Central.S駐車場","35.829132","139.879475","https://btimes.jp/saitama/park/41377/"
"35839","ブライトパイン駐車場","35.873185","139.933069","https://btimes.jp/chiba/park/35839/"
"36153","ブライトパイン軽専用駐車場","35.873185","139.933069","https://btimes.jp/chiba/park/36153/"
"35812","ブライトリーチ駐車場","35.873022","139.932935","https://btimes.jp/chiba/park/35812/"
"36172","ブライトリーチ駐車場","35.873022","139.932935","https://btimes.jp/chiba/park/36172/"
"41381","ユニフローラIII駐車場","35.862181","139.937906","https://btimes.jp/chiba/park/41381/"
"65454","NTハーヴェスト駐車場","35.860893","139.935003","https://btimes.jp/chiba/park/65454/"
"61173","クレール初石駐車場","35.872521","139.923449","https://btimes.jp/chiba/park/61173/"
"39744","ジェネラス・シーズンズE棟駐車場","35.859456","139.950668","https://btimes.jp/chiba/park/39744/"
"39745","RMパーキング","35.859583","139.951022","https://btimes.jp/chiba/park/39745/"
"51168","ORANGE BELL駐車場","35.871698","139.96048","https://btimes.jp/chiba/park/51168/"
"64341","柏の葉公園近隣駐車場","35.888052","139.946669","https://btimes.jp/chiba/park/64341/"
"65627","千葉県柏市旭町8-5-59　ドルチェ柏駐車場","35.855411","139.957483","https://btimes.jp/chiba/park/65627/"
"45970","旭町７丁目駐車場","35.856697","139.959478","https://btimes.jp/chiba/park/45970/"
"50425","グリーンハイム若柴駐車場","35.88766","139.959762","https://btimes.jp/chiba/park/50425/"
"28092","ホワイトハイム駐車場","35.852319","139.954665","https://btimes.jp/chiba/park/28092/"
"47751","stone spa GAIA駐車場","35.890931","139.959573","https://btimes.jp/chiba/park/47751/"
"58470","シャルマン柏の葉駐車場","35.895278","139.953986","https://btimes.jp/chiba/park/58470/"
"35829","Ｃｒｅｓｔ　Ｖｉｌｌａ駐車場","35.863891","139.97258","https://btimes.jp/chiba/park/35829/"
"64454","柏旭町４丁目２砂利駐車場","35.856514","139.96875","https://btimes.jp/chiba/park/64454/"
"59948","江戸川台西3-58駐車場","35.890464","139.914914","https://btimes.jp/chiba/park/59948/"
"27641","エリートイン柏駐車場","35.857328","139.971481","https://btimes.jp/chiba/park/27641/"
"62471","みどり台大栄駐車場","35.899883","139.929233","https://btimes.jp/chiba/park/62471/"
"28337","柏駅東口駐車場","35.859166","139.976667","https://btimes.jp/chiba/park/28337/"
"57910","Garden Hills駐車場","35.900972","139.923535","https://btimes.jp/chiba/park/57910/"
"57911","Garden Hills駐車場","35.900972","139.923535","https://btimes.jp/chiba/park/57911/"
"51047","大青田の森第1駐車場","35.902498","139.927248","https://btimes.jp/chiba/park/51047/"
"64050","大青田356-3大青田の森(コンパクトカー・軽自動車)駐車場","35.902488","139.92695","https://btimes.jp/chiba/park/64050/"
"40958","GLP ALFALINK流山2（旧GLP流山１）駐車場","35.883597","139.902653","https://btimes.jp/chiba/park/40958/"
"30711","GLP ALFALINK流山2（旧GLP流山１）駐車場","35.882821","139.901814","https://btimes.jp/chiba/park/30711/"
"54798","柏6-3-16-1駐車場","35.860511","139.979589","https://btimes.jp/chiba/park/54798/"
"30712","GLP柏駐車場","35.904501","139.95318","https://btimes.jp/chiba/park/30712/"
"30714","GLP ALFALINK流山3（旧GLP流山2）駐車場","35.885218","139.901334","https://btimes.jp/chiba/park/30714/"
"51350","流山駅前駐車場","35.853113","139.904662","https://btimes.jp/chiba/park/51350/"
"64148","【軽自動車専用】向小金2-540-13流山市東小学校650m","35.834803","139.947114","https://btimes.jp/chiba/park/64148/"
"64098","向小金２－５４０－１３駐車場","35.834763","139.94718","https://btimes.jp/chiba/park/64098/"
"47823","ひばりが丘駐車場","35.844958","139.972794","https://btimes.jp/chiba/park/47823/"
"63599","向小金２－５４０－１３駐車場","35.834434","139.947397","https://btimes.jp/chiba/park/63599/"
"60466","エスティハウス駐車場","35.845855","139.906186","https://btimes.jp/chiba/park/60466/"
"43219","鰭ケ崎1475-53駐車場","35.83835","139.916302","https://btimes.jp/chiba/park/43219/"
"65850","鰭ケ崎1475-53駐車場","35.838358","139.916284","https://btimes.jp/chiba/park/65850/"
"39912","豊住４丁目３－２７駐車場","35.839373","139.968684","https://btimes.jp/chiba/park/39912/"
"28069","ラポール1駐車場","35.834399","139.959436","https://btimes.jp/chiba/park/28069/"
"35845","ローザ・ミエーレ駐車場","35.870969","139.992926","https://btimes.jp/chiba/park/35845/"
"41523","東深井109-17駐車場","35.904812","139.907708","https://btimes.jp/chiba/park/41523/"
"42322","グリーンノアＢ駐車場","35.839236","139.903124","https://btimes.jp/chiba/park/42322/"
"41482","マメゾン柏たなか駐車場","35.91438","139.960422","https://btimes.jp/chiba/park/41482/"
"58967","南流山6-33-22駐車場","35.838861","139.90076","https://btimes.jp/chiba/park/58967/"
"27640","ディアス千葉駐車場","35.889766","139.993642","https://btimes.jp/chiba/park/27640/"
"52414","東柏2-4-35駐車場","35.846351","139.989057","https://btimes.jp/chiba/park/52414/"
"65975","イーグルハイツA駐車場","35.882368","139.999908","https://btimes.jp/chiba/park/65975/"
"48522","タイムズ柏中央第４駐車場","35.854505","139.977256","https://btimes.jp/chiba/park/48522/"
"566","流山おおたかの森駐車場","35.865835","139.925289","https://btimes.jp/chiba/park/566/"
"45355","タイムズ柏旭町４丁目駐車場","35.857548","139.963807","https://btimes.jp/chiba/park/45355/"
"64327","軽専用ESPERANZA駐車場（屋根なし）","35.853646","139.91716","https://btimes.jp/chiba/park/64327/"
"64293","軽専用ESPERANZA駐車場（屋根あり）","35.85364","139.917115","https://btimes.jp/chiba/park/64293/"
"28334","柏末広町第６駐車場","35.860278","139.972784","https://btimes.jp/chiba/park/28334/"
"36065","柏旭町第1月極バイク置場","35.85809","139.971604","https://btimes.jp/chiba/park/36065/"
"57330","柏泉町駐車場","35.854208","139.970834","https://btimes.jp/chiba/park/57330/"
"28332","タイムズ柏第８駐車場","35.859748","139.976962","https://btimes.jp/chiba/park/28332/"
"35964","GLP ALFALINK流山1（旧GLP流山3）駐車場","35.880961","139.902764","https://btimes.jp/chiba/park/35964/"
"41509","タイムズ柏２丁目第４駐車場","35.859026","139.977362","https://btimes.jp/chiba/park/41509/"
"42324","グリーンノア2　B棟駐車場","35.844353","139.919286","https://btimes.jp/chiba/park/42324/"
"42323","グリーンノア2　A棟駐車場","35.84419","139.919114","https://btimes.jp/chiba/park/42323/"
"39253","柏中央第５駐車場","35.85419","139.977095","https://btimes.jp/chiba/park/39253/"
"634","柏中央第３駐車場","35.853063","139.976399","https://btimes.jp/chiba/park/634/"
"677","南柏第１１駐車場","35.840284","139.958333","https://btimes.jp/chiba/park/677/"
"28089","リヴェール流山江戸川台駐車場","35.901589","139.911037","https://btimes.jp/chiba/park/28089/"
"47263","内藤駐車場","35.853594","139.982569","https://btimes.jp/chiba/park/47263/"
"59734","プロスペールME駐車場","35.833448","139.929749","https://btimes.jp/chiba/park/59734/"
"53492","北柏4丁目駐車場","35.868218","139.989253","https://btimes.jp/chiba/park/53492/"
"27613","メゾン常井駐車場","35.840477","139.974186","https://btimes.jp/chiba/park/27613/"
"56415","東深井109-21駐車場","35.905272","139.907844","https://btimes.jp/chiba/park/56415/"
"42321","NAOTTONAOTTO駐車場","35.83935","139.90302","https://btimes.jp/chiba/park/42321/"
"46870","ビレッジハウス山崎駐車場","35.913413","139.912289","https://btimes.jp/chiba/park/46870/"
"46869","ビレッジハウス山崎駐車場","35.913903","139.912084","https://btimes.jp/chiba/park/46869/"
"66195","ヒルトップ守谷A棟駐車場","35.937564","139.991478","https://btimes.jp/ibaraki/park/66195/"
"66196","ヒルトップ守谷B棟駐車場","35.937572","139.991693","https://btimes.jp/ibaraki/park/66196/"
"39554","古谷歯科医院駐車場","35.948376","139.997521","https://btimes.jp/ibaraki/park/39554/"
"65258","ドエル桃山駐車場","35.937274","139.887068","https://btimes.jp/chiba/park/65258/"
"66248","中根196-31駐車場","35.938969","139.879269","https://btimes.jp/chiba/park/66248/"
"25620","タイムズ守谷ひがし野１丁目駐車場","35.950559","139.997509","https://btimes.jp/ibaraki/park/25620/"
"31018","タイムズ守谷ひがし野１丁目駐車場","35.950559","139.997509","https://btimes.jp/ibaraki/park/31018/"
"31060","公社白川台住宅駐車場","34.686057","135.101888","https://btimes.jp/hyogo/park/31060/"
"55778","神和台2-9-2駐車場","34.669786","135.075439","https://btimes.jp/hyogo/park/55778/"
"45136","ＵＲ名谷駅前団地駐車場","34.677559","135.095258","https://btimes.jp/hyogo/park/45136/"
"35492","若草町3丁目駐車場","34.685915","135.116393","https://btimes.jp/hyogo/park/35492/"
"47828","若草町3丁目駐車場","34.685915","135.116393","https://btimes.jp/hyogo/park/47828/"
"46754","エスポワール名谷駐車場","34.669221","135.10555","https://btimes.jp/hyogo/park/46754/"
"35872","ハイツ秋定2駐車場","34.670973","135.016573","https://btimes.jp/hyogo/park/35872/"
"32830","フレマリール白川台駐車場","34.688092","135.097904","https://btimes.jp/hyogo/park/32830/"
"32850","かおりモータープール１","34.688045","135.098113","https://btimes.jp/hyogo/park/32850/"
"32858","セジュール白川台駐車場","34.687315","135.099589","https://btimes.jp/hyogo/park/32858/"
"32820","かおりモータープール３","34.692415","135.103376","https://btimes.jp/hyogo/park/32820/"
"32853","パークレット駐車場","34.689867","135.10232","https://btimes.jp/hyogo/park/32853/"
"36154","白川台5丁目54-8駐車場","34.689336","135.102146","https://btimes.jp/hyogo/park/36154/"
"36163","白川台6丁目23-3駐車場","34.689099","135.103388","https://btimes.jp/hyogo/park/36163/"
"42909","白川台６－１５－５駐車場","34.689943","135.104673","https://btimes.jp/hyogo/park/42909/"
"42908","白川台６－１５－４駐車場","34.689897","135.104876","https://btimes.jp/hyogo/park/42908/"
"54069","白川台6丁目18駐車場","34.689089","135.104453","https://btimes.jp/hyogo/park/54069/"
"54070","白川台6丁目18駐車場","34.689089","135.104453","https://btimes.jp/hyogo/park/54070/"
"32843","かおりモータープール４","34.690479","135.105406","https://btimes.jp/hyogo/park/32843/"
"35152","ＵＲルゼフィール名谷東駐車場","34.676233","135.099911","https://btimes.jp/hyogo/park/35152/"
"54068","森モータープール","34.678293","135.105221","https://btimes.jp/hyogo/park/54068/"
"55624","緑が丘町東2丁目2-20駐車場","34.767539","135.035781","https://btimes.jp/hyogo/park/55624/"
"31627","志染町東自由が丘1－437駐車場","34.772414","135.025567","https://btimes.jp/hyogo/park/31627/"
"53449","広野駐車場","34.76904","135.025735","https://btimes.jp/hyogo/park/53449/"
"66156","押部谷町福住628-242駐車場","34.753814","135.042328","https://btimes.jp/hyogo/park/66156/"
"40708","別所町小林615-6駐車場","34.775937","135.003894","https://btimes.jp/hyogo/park/40708/"
"63951","別所町小林615-6駐車場","34.775937","135.003894","https://btimes.jp/hyogo/park/63951/"
"60820","ビレッジハウス志染駐車場","34.787068","135.017624","https://btimes.jp/hyogo/park/60820/"
"56777","志染駐車場","34.773628","135.020224","https://btimes.jp/hyogo/park/56777/"
"54459","トラストパークニュー神戸フロント駐車場","34.701519","135.198915","https://btimes.jp/hyogo/park/54459/"
"54487","トラストパークニュー神戸フロント駐車場","34.701519","135.198915","https://btimes.jp/hyogo/park/54487/"
"44985","加納町3丁目11駐車場","34.695156","135.195938","https://btimes.jp/hyogo/park/44985/"
"39069","ビケンテクノガレージ３駐車場","34.708032","135.20562","https://btimes.jp/hyogo/park/39069/"
"39068","ビケンテクノ第二駐車場","34.708159","135.205696","https://btimes.jp/hyogo/park/39068/"
"39067","ビケンテクノ第一駐車場","34.708244","135.205733","https://btimes.jp/hyogo/park/39067/"
"47800","神戸サンセンタープラザ駐車場","34.688754","135.195281","https://btimes.jp/hyogo/park/47800/"
"65735","旧居留地25番館","34.684594","135.195764","https://btimes.jp/hyogo/park/65735/"
"65737","旧居留地25番館","34.684594","135.195764","https://btimes.jp/hyogo/park/65737/"
"59954","大倉山高層住宅駐車場","34.684362","135.17779","https://btimes.jp/hyogo/park/59954/"
"41046","鈴蘭台北町６丁目１４ー１６駐車場","34.726567","135.155683","https://btimes.jp/hyogo/park/41046/"
"46400","鈴蘭台北町６丁目１４ー１６駐車場","34.726567","135.155683","https://btimes.jp/hyogo/park/46400/"
"52831","旭が丘駐車場","34.718301","135.148582","https://btimes.jp/hyogo/park/52831/"
"54727","鈴蘭台南町駐車場","34.718757","135.148441","https://btimes.jp/hyogo/park/54727/"
"54732","北鈴蘭台第３駐車場","34.732337","135.152698","https://btimes.jp/hyogo/park/54732/"
"52165","ＵＲ鈴蘭台第五団地駐車場","34.715117","135.141326","https://btimes.jp/hyogo/park/52165/"
"65227","筑紫が丘駐車場","34.743294","135.168925","https://btimes.jp/hyogo/park/65227/"
"54729","松の宮南駐車場","34.727366","135.147022","https://btimes.jp/hyogo/park/54729/"
"45137","ＵＲグリーンヒルズ六甲駐車場","34.72596","135.235013","https://btimes.jp/hyogo/park/45137/"
"54734","北鈴駅前第１駐車場","34.736993","135.154582","https://btimes.jp/hyogo/park/54734/"
"56634","ＵＲ鈴蘭台第一団地駐車場","34.725913","135.140325","https://btimes.jp/hyogo/park/56634/"
"50408","ＵＲ鈴蘭台第一団地駐車場","34.727551","135.14109","https://btimes.jp/hyogo/park/50408/"
"54743","山の街駅前第３駐車場_4","34.742523","135.156496","https://btimes.jp/hyogo/park/54743/"
"43467","ＵＲ鈴蘭台第四団地駐車場","34.720496","135.13662","https://btimes.jp/hyogo/park/43467/"
"41145","ＵＲ鈴蘭台第二団地駐車場","34.719614","135.135711","https://btimes.jp/hyogo/park/41145/"
"56596","ＵＲ鈴蘭台第一団地駐車場","34.728438","135.140132","https://btimes.jp/hyogo/park/56596/"
"54736","甲栄台駐車場","34.739149","135.149999","https://btimes.jp/hyogo/park/54736/"
"52164","ＵＲ鈴蘭台第一団地駐車場","34.728831","135.139943","https://btimes.jp/hyogo/park/52164/"
"54737","山の街駐車場_1","34.744272","135.154851","https://btimes.jp/hyogo/park/54737/"
"54739","山の街駐車場_3","34.744272","135.154851","https://btimes.jp/hyogo/park/54739/"
"53453","百合が丘駐車場","34.743183","135.151704","https://btimes.jp/hyogo/park/53453/"
"47042","ＵＲ鈴蘭台第二団地駐車場","34.72132","135.132609","https://btimes.jp/hyogo/park/47042/"
"61990","泉台5丁目16の13駐車場","34.736213","135.138606","https://btimes.jp/hyogo/park/61990/"
"43481","ＵＲひよどり台団地駐車場","34.692629","135.127943","https://btimes.jp/hyogo/park/43481/"
"43480","ＵＲひよどり台団地駐車場","34.692056","135.127562","https://btimes.jp/hyogo/park/43480/"
"41146","ＵＲひよどり台団地駐車場","34.693321","135.125582","https://btimes.jp/hyogo/park/41146/"
"33695","置塩ビル駐車場","34.68995","135.192559","https://btimes.jp/hyogo/park/33695/"
"3310","海岸通第１３駐車場","34.682783","135.189744","https://btimes.jp/hyogo/park/3310/"
"32092","馬場町第２駐車場","34.685071","135.174778","https://btimes.jp/hyogo/park/32092/"
"27906","兵庫山王町駐車場","34.687222","135.166138","https://btimes.jp/hyogo/park/27906/"
"36731","ローズクレール王子公園駐車場","34.711902","135.222416","https://btimes.jp/hyogo/park/36731/"
"25758","プロヴァンス参番館駐車場","34.684992","135.164717","https://btimes.jp/hyogo/park/25758/"
"35018","グリーン・ネス神戸駅前駐車場","34.675576","135.178069","https://btimes.jp/hyogo/park/35018/"
"36724","KBSモータープール駐車場","34.674782","135.179628","https://btimes.jp/hyogo/park/36724/"
"32102","新開地４丁目駐車場","34.674221","135.1768","https://btimes.jp/hyogo/park/32102/"
"59230","兵庫県神戸市北区鈴蘭台東町３丁目３−４６駐車場","34.720022","135.154247","https://btimes.jp/hyogo/park/59230/"
"27886","都通駐車場","34.701971","135.230573","https://btimes.jp/hyogo/park/27886/"
"54724","会下山駐車場","34.676285","135.158604","https://btimes.jp/hyogo/park/54724/"
"54730","惣山駐車場","34.731062","135.154517","https://btimes.jp/hyogo/park/54730/"
"54725","鈴蘭台北町第２駐車場","34.724825","135.148585","https://btimes.jp/hyogo/park/54725/"
"54726","鈴蘭台北町第２駐車場","34.724825","135.148585","https://btimes.jp/hyogo/park/54726/"
"54728","鈴蘭台西町第１駐車場","34.723184","135.147419","https://btimes.jp/hyogo/park/54728/"
"54735","北鈴駅前第３駐車場","34.735373","135.1544","https://btimes.jp/hyogo/park/54735/"
"31818","サンハイム神戸駐車場","34.679195","135.148069","https://btimes.jp/hyogo/park/31818/"
"54733","北鈴蘭台東駐車場","34.738033","135.15548","https://btimes.jp/hyogo/park/54733/"
"54731","北鈴蘭台第２駐車場","34.739045","135.156519","https://btimes.jp/hyogo/park/54731/"
"54740","山の街駅前第３駐車場_1","34.742523","135.156496","https://btimes.jp/hyogo/park/54740/"
"54741","山の街駅前第３駐車場_2","34.742523","135.156496","https://btimes.jp/hyogo/park/54741/"
"54742","山の街駅前第３駐車場_3","34.742523","135.156496","https://btimes.jp/hyogo/park/54742/"
"54744","山の街駅前第３駐車場_5","34.742523","135.156496","https://btimes.jp/hyogo/park/54744/"
"58215","FKシャーメゾン堀切駐車場","34.677285","135.144603","https://btimes.jp/hyogo/park/58215/"
"45643","西鈴蘭台駅南駐車場","34.717942","135.134137","https://btimes.jp/hyogo/park/45643/"
"54738","山の街駐車場_2","34.744272","135.154851","https://btimes.jp/hyogo/park/54738/"
"44847","長田区宮丘町1-15-9駐車場","34.669044","135.143683","https://btimes.jp/hyogo/park/44847/"
"53452","大池駐車場","34.777358","135.203201","https://btimes.jp/hyogo/park/53452/"
"38831","伴ガレージ駐車場","34.777624","135.205061","https://btimes.jp/hyogo/park/38831/"
"54933","唐櫃台2丁目駐車場","34.787119","135.215253","https://btimes.jp/hyogo/park/54933/"
"52832","六甲ひばりが丘第２駐車場","34.780654","135.213833","https://btimes.jp/hyogo/park/52832/"
"55419","唐櫃台駐車場","34.788713","135.217357","https://btimes.jp/hyogo/park/55419/"
"55420","唐櫃台駐車場","34.788713","135.217357","https://btimes.jp/hyogo/park/55420/"
"53805","ＵＲ花山東団地駐車場","34.762042","135.186751","https://btimes.jp/hyogo/park/53805/"
"52834","有馬口第２駐車場","34.794228","135.225204","https://btimes.jp/hyogo/park/52834/"
"56809","丸山駐車場","34.757735","135.172527","https://btimes.jp/hyogo/park/56809/"
"55418","六甲ひばりが丘第３駐車場","34.780205","135.2098","https://btimes.jp/hyogo/park/55418/"
"55421","唐櫃台第２駐車場","34.780777","135.21479","https://btimes.jp/hyogo/park/55421/"
"55416","花山第３駐車場","34.765734","135.185206","https://btimes.jp/hyogo/park/55416/"
"55417","花山第３駐車場","34.765734","135.185206","https://btimes.jp/hyogo/park/55417/"
"52835","有馬口第４駐車場","34.794952","135.224337","https://btimes.jp/hyogo/park/52835/"
"53448","岡場高架下駐車場","34.819858","135.225847","https://btimes.jp/hyogo/park/53448/"
"53450","松が枝駐車場","34.758545","135.151425","https://btimes.jp/hyogo/park/53450/"
"54071","有野台4丁目1駐車場","34.812796","135.234674","https://btimes.jp/hyogo/park/54071/"
"53451","青松園駐車場","34.753374","135.154064","https://btimes.jp/hyogo/park/53451/"
"55422","有馬温泉北駐車場","34.797278","135.249028","https://btimes.jp/hyogo/park/55422/"
"63507","鹿の子台南鉄筋住宅駐車場","34.854041","135.211116","https://btimes.jp/hyogo/park/63507/"
"64503","ＵＲすずかけ台ハイツ駐車場","34.897024","135.195124","https://btimes.jp/hyogo/park/64503/"
"52166","ＵＲあかしあ台ハイツ第二駐車場","34.8975","135.190148","https://btimes.jp/hyogo/park/52166/"
"40066","ＵＲすずかけ台ハイツ第３駐車場","34.899784","135.201129","https://btimes.jp/hyogo/park/40066/"
"59549","ＵＲあかしあ台ハイツ駐車場","34.901618","135.184341","https://btimes.jp/hyogo/park/59549/"
"40062","ＵＲあかしあ台ハイツ駐車場","34.901877","135.184159","https://btimes.jp/hyogo/park/40062/"
"45813","マンスリー道場南口駐車場","34.851767","135.225405","https://btimes.jp/hyogo/park/45813/"
"33236","ポネ駐車場","34.864539","135.201233","https://btimes.jp/hyogo/park/33236/"
"39196","レジデンスコート駐車場","34.846957","135.212665","https://btimes.jp/hyogo/park/39196/"
"40064","ＵＲすずかけ台ハイツ第２駐車場","34.902558","135.197046","https://btimes.jp/hyogo/park/40064/"
"33197","アヴェニール道場駐車場","34.852896","135.227624","https://btimes.jp/hyogo/park/33197/"
"33185","サンパティーク駐車場","34.852227","135.227554","https://btimes.jp/hyogo/park/33185/"
"33183","グレース広野駐車場","34.923131","135.196555","https://btimes.jp/hyogo/park/33183/"
"30877","篠山駐車場","35.068352","135.224732","https://btimes.jp/hyogo/park/30877/"
"52660","福知山第11駐車場","35.29145","135.128473","https://btimes.jp/kyoto/park/52660/"
"52662","福知山第4駐車場","35.291946","135.131925","https://btimes.jp/kyoto/park/52662/"
"53850","福知山第4駐車場","35.291946","135.131925","https://btimes.jp/kyoto/park/53850/"
"52659","福知山第10駐車場","35.292038","135.127513","https://btimes.jp/kyoto/park/52659/"
"45540","福知山駅東第2駐車場","35.292193","135.126036","https://btimes.jp/kyoto/park/45540/"
"43470","ＵＲルネシティ深江本町駐車場","34.717107","135.29248","https://btimes.jp/hyogo/park/43470/"
"64580","サンクレール芦屋駐車場","34.731042","135.319879","https://btimes.jp/hyogo/park/64580/"
"41772","アメニティコート芦屋春日駐車場","34.731458","135.322361","https://btimes.jp/hyogo/park/41772/"
"47713","滴翠美術館　館外駐車場","34.735764","135.299577","https://btimes.jp/hyogo/park/47713/"
"47712","滴翠美術館　館内駐車場","34.736036","135.299432","https://btimes.jp/hyogo/park/47712/"
"60553","本山北町5-16-49駐車場","34.728989","135.283369","https://btimes.jp/hyogo/park/60553/"
"45139","ＵＲフレール芦屋朝日ヶ丘駐車場","34.740944","135.311029","https://btimes.jp/hyogo/park/45139/"
"40058","ＵＲ　ＫＯＢＥ・岡本駐車場　","34.720686","135.268528","https://btimes.jp/hyogo/park/40058/"
"59610","ＵＲ浜甲子園なぎさ街駐車場","34.707002","135.36599","https://btimes.jp/hyogo/park/59610/"
"31046","アメニティコート住吉本町駐車場","34.718749","135.265747","https://btimes.jp/hyogo/park/31046/"
"43469","ＵＲシティコート住吉本町駐車場","34.719883","135.265766","https://btimes.jp/hyogo/park/43469/"
"42216","サウスコート西宮駐車場","34.734786","135.355142","https://btimes.jp/hyogo/park/42216/"
"47038","ＵＲ浜甲子園なぎさ街駐車場","34.705654","135.369002","https://btimes.jp/hyogo/park/47038/"
"59609","ＵＲ武庫川団地駐車場","34.703371","135.369004","https://btimes.jp/hyogo/park/59609/"
"43476","ＵＲ浜甲子園なぎさ街駐車場","34.70588","135.369054","https://btimes.jp/hyogo/park/43476/"
"32014","今津野田町駐車場","34.728545","135.362798","https://btimes.jp/hyogo/park/32014/"
"60961","甲子園六石町１－７駐車場","34.724856","135.365732","https://btimes.jp/hyogo/park/60961/"
"41147","ＵＲ浜甲子園さくら街駐車場","34.709623","135.371066","https://btimes.jp/hyogo/park/41147/"
"59611","ＵＲ浜甲子園さくら街駐車場","34.709483","135.371262","https://btimes.jp/hyogo/park/59611/"
"51500","メルカードむこがわ駐車場","34.701721","135.373153","https://btimes.jp/hyogo/park/51500/"
"47188","白鶴美術館駐車場","34.727186","135.261064","https://btimes.jp/hyogo/park/47188/"
"35544","ベルコモン甲子園II駐車場","34.725741","135.372789","https://btimes.jp/hyogo/park/35544/"
"61630","甲子園三番町STUDIO SAN駐車場","34.725823","135.374602","https://btimes.jp/hyogo/park/61630/"
"61713","甲子園三番町STUDIO SAN駐車場","34.725823","135.374602","https://btimes.jp/hyogo/park/61713/"
"46532","ホープ愛宕第1駐車場","34.74978","135.35226","https://btimes.jp/hyogo/park/46532/"
"45138","ＵＲグリーンヒルズ御影駐車場","34.730924","135.254042","https://btimes.jp/hyogo/park/45138/"
"46531","フェルティル西宮北口駐車場","34.743703","135.367625","https://btimes.jp/hyogo/park/46531/"
"43889","エクセル熊野駐車場","34.742216","135.373984","https://btimes.jp/hyogo/park/43889/"
"52858","ドミール大森C棟駐車場","34.748084","135.371469","https://btimes.jp/hyogo/park/52858/"
"40004","浜芦屋町第２駐車場","34.71987","135.308415","https://btimes.jp/hyogo/park/40004/"
"41642","本庄町駐車場","34.725083","135.29754","https://btimes.jp/hyogo/park/41642/"
"41771","アメニティコート芦屋春日駐車場","34.731458","135.322361","https://btimes.jp/hyogo/park/41771/"
"39165","芦屋大原町第三駐車場","34.734206","135.310058","https://btimes.jp/hyogo/park/39165/"
"41608","芦屋大原町第7駐車場","34.736025","135.311946","https://btimes.jp/hyogo/park/41608/"
"43471","ＵＲルネシティ魚崎中町駐車場","34.71047","135.274153","https://btimes.jp/hyogo/park/43471/"
"35743","マンスリー魚崎北町第３駐車場","34.712546","135.274562","https://btimes.jp/hyogo/park/35743/"
"38173","魚崎駅前第２駐車場","34.709053","135.273061","https://btimes.jp/hyogo/park/38173/"
"32015","阪神西宮駅前第３駐車場","34.732672","135.34281","https://btimes.jp/hyogo/park/32015/"
"45527","今津駅前第4駐車場","34.726269","135.354851","https://btimes.jp/hyogo/park/45527/"
"30702","GLP鳴尾浜駐車場","34.696196","135.362243","https://btimes.jp/hyogo/park/30702/"
"56206","ニデコパーキング","34.742508","135.336348","https://btimes.jp/hyogo/park/56206/"
"61566","JR西宮駅前第２駐車場","34.736238","135.348885","https://btimes.jp/hyogo/park/61566/"
"41186","マンスリー阪神住吉駐車場","34.710056","135.26459","https://btimes.jp/hyogo/park/41186/"
"43765","マンスリー住吉宮町駐車場","34.710743","135.264306","https://btimes.jp/hyogo/park/43765/"
"51613","マンスリー甲子園七番町駐車場","34.717466","135.367578","https://btimes.jp/hyogo/park/51613/"
"45812","マンスリー阪神御影駐車場","34.710614","135.261071","https://btimes.jp/hyogo/park/45812/"
"56831","マンスリー阪神御影第２駐車場","34.710473","135.260934","https://btimes.jp/hyogo/park/56831/"
"1706","阪神御影駐車場","34.710759","135.260852","https://btimes.jp/hyogo/park/1706/"
"27291","エスキュート御影駐車場","34.710249","135.257298","https://btimes.jp/hyogo/park/27291/"
"27292","エスキュート御影駐車場","34.710249","135.257298","https://btimes.jp/hyogo/park/27292/"
"50420","タイムズ御影上中","34.71064","135.25706","https://btimes.jp/hyogo/park/50420/"
"35493","ベルコモン甲子園駐車場","34.725492","135.37245","https://btimes.jp/hyogo/park/35493/"
"32099","御影１丁目第３駐車場","34.715986","135.252787","https://btimes.jp/hyogo/park/32099/"
"39520","西宮高木西町駐車場","34.747835","135.361591","https://btimes.jp/hyogo/park/39520/"
"51243","タイムズ西宮瓦林町駐車場","34.742162","135.372276","https://btimes.jp/hyogo/park/51243/"
"39487","上之町10-11駐車場","34.749278","135.374039","https://btimes.jp/hyogo/park/39487/"
"28159","光ガ丘２丁目パーキング駐車場","34.797379","135.334778","https://btimes.jp/hyogo/park/28159/"
"31059","公社宝梅園住宅駐車場","34.793536","135.338276","https://btimes.jp/hyogo/park/31059/"
"31080","公社宝梅園住宅駐車場","34.793769","135.338365","https://btimes.jp/hyogo/park/31080/"
"56498","ＵＲ逆瀬川団地駐車場","34.787076","135.340633","https://btimes.jp/hyogo/park/56498/"
"31079","アメニティコート宝塚湯本駐車場","34.804087","135.344906","https://btimes.jp/hyogo/park/31079/"
"53684","アメニティコート宝塚湯本駐車場","34.804412","135.344948","https://btimes.jp/hyogo/park/53684/"
"38574","塔の町ハイツガレージ","34.783794","135.355389","https://btimes.jp/hyogo/park/38574/"
"46037","仁川町駐車場","34.770341","135.349637","https://btimes.jp/hyogo/park/46037/"
"43482","ＵＲフレール宝塚御殿山駐車場","34.813479","135.344014","https://btimes.jp/hyogo/park/43482/"
"43475","ＵＲグリーンヒルズ東山台駐車場","34.825829","135.315244","https://btimes.jp/hyogo/park/43475/"
"59561","ＵＲ東山台ハイツ駐車場","34.827226","135.315065","https://btimes.jp/hyogo/park/59561/"
"42113","マンスリー清荒神第４駐車場","34.808692","135.357603","https://btimes.jp/hyogo/park/42113/"
"39581","清荒神2-22駐車場","34.809991","135.356975","https://btimes.jp/hyogo/park/39581/"
"572","宝塚高松町駐車場","34.787223","135.367785","https://btimes.jp/hyogo/park/572/"
"45309","コスモスクエア駐車場","34.756706","135.3594","https://btimes.jp/hyogo/park/45309/"
"50590","サニーハイツ駐車場","34.767367","135.368189","https://btimes.jp/hyogo/park/50590/"
"43679","有馬ロイヤルホテルタイムズ駐車場","34.792607","135.250635","https://btimes.jp/hyogo/park/43679/"
"32101","阪急中山観音駅前駐車場","34.817708","135.372838","https://btimes.jp/hyogo/park/32101/"
"42901","千種3丁目パーキング","34.787006","135.349874","https://btimes.jp/hyogo/park/42901/"
"39191","川面６丁目石原駐車場","34.812255","135.341816","https://btimes.jp/hyogo/park/39191/"
"643","宝塚南口２丁目駐車場","34.800845","135.352798","https://btimes.jp/hyogo/park/643/"
"45731","中州２丁目パーキング","34.79907","135.353708","https://btimes.jp/hyogo/park/45731/"
"40063","ＵＲ東山台ハイツ駐車場","34.827277","135.316199","https://btimes.jp/hyogo/park/40063/"
"53806","ＵＲ東山台ハイツ駐車場","34.827421","135.315218","https://btimes.jp/hyogo/park/53806/"
"40473","マンスリー清荒神第３駐車場","34.812251","135.355713","https://btimes.jp/hyogo/park/40473/"
"40472","マンスリー清荒神第１駐車場","34.810853","135.357553","https://btimes.jp/hyogo/park/40472/"
"40474","マンスリー清荒神第２駐車場","34.811334","135.357193","https://btimes.jp/hyogo/park/40474/"
"33827","売布神社駅前駐車場","34.81236","135.363262","https://btimes.jp/hyogo/park/33827/"
"33671","仁川町１丁目駐車場","34.772762","135.36857","https://btimes.jp/hyogo/park/33671/"
"45525","宝塚弥生町駐車場　","34.792258","135.372654","https://btimes.jp/hyogo/park/45525/"
"39977","タイムズ宝塚星の荘駐車場","34.812112","135.371324","https://btimes.jp/hyogo/park/39977/"
"25639","タイムズマンスリー有馬温泉第４駐車場","34.797235","135.250012","https://btimes.jp/hyogo/park/25639/"
"28068","中山台１丁目１２駐車場","34.825115","135.368181","https://btimes.jp/hyogo/park/28068/"
"36729","北六甲台パーキング","34.829327","135.251962","https://btimes.jp/hyogo/park/36729/"
"63585","大西駐車場","34.863438","135.256635","https://btimes.jp/hyogo/park/63585/"
"47037","ＵＲ中山五月台団地駐車場","34.836886","135.369673","https://btimes.jp/hyogo/park/47037/"
"59548","ＵＲ中山五月台団地駐車場","34.837634","135.371657","https://btimes.jp/hyogo/park/59548/"
"53807","ＵＲ中山五月台団地駐車場","34.836705","135.372054","https://btimes.jp/hyogo/park/53807/"
"58461","井倉新町北大橋15-1駐車場","35.301517","135.252028","https://btimes.jp/kyoto/park/58461/"
"54150","島屋１丁目駐車場","34.674424","135.443902","https://btimes.jp/osaka/park/54150/"
"59379","大阪ねじセンター駐車場（自走式2F）","34.66725","135.472579","https://btimes.jp/osaka/park/59379/"
"59456","大阪ねじセンター倉庫前駐車場（平面北）","34.667018","135.472901","https://btimes.jp/osaka/park/59456/"
"674","安治川２丁目駐車場","34.673621","135.465295","https://btimes.jp/osaka/park/674/"
"54251","タイムズ北堀江４丁目第３","34.670005","135.487407","https://btimes.jp/osaka/park/54251/"
"1660","大阪ドーム前第１１駐車場","34.667805","135.479445","https://btimes.jp/osaka/park/1660/"
"64279","リデア南堀江駐車場(50cc超のバイク)","34.66691","135.496513","https://btimes.jp/osaka/park/64279/"
"64278","リデア南堀江駐車場(原付バイク)","34.66691","135.496615","https://btimes.jp/osaka/park/64278/"
"678","南堀江第２４駐車場","34.667504","135.490841","https://btimes.jp/osaka/park/678/"
"31008","南堀江駐車場","34.669321","135.490873","https://btimes.jp/osaka/park/31008/"
"40051","ＵＲ西長堀団地駐車場","34.671724","135.488537","https://btimes.jp/osaka/park/40051/"
"31660","春日出団地内駐車場","34.678474","135.443749","https://btimes.jp/osaka/park/31660/"
"31687","春日出団地外　北側駐車場","34.678812","135.444029","https://btimes.jp/osaka/park/31687/"
"29209","阪神油駐車場","34.679825","135.45056","https://btimes.jp/osaka/park/29209/"
"47036","ＵＲ伝法団地駐車場","34.683098","135.451076","https://btimes.jp/osaka/park/47036/"
"45544","マンスリー春日出北１丁目駐車場","34.679385","135.452433","https://btimes.jp/osaka/park/45544/"
"43472","ＵＲ伝法団地駐車場","34.682113","135.452144","https://btimes.jp/osaka/park/43472/"
"656","川口２丁目駐車場","34.680556","135.4839","https://btimes.jp/osaka/park/656/"
"32502","マンスリータイムズ福島大開第４駐車場","34.690709","135.468692","https://btimes.jp/osaka/park/32502/"
"41148","ＵＲ千鳥橋団地駐車場","34.684491","135.462817","https://btimes.jp/osaka/park/41148/"
"52359","野田3丁目7砂利駐車場","34.685026","135.478877","https://btimes.jp/osaka/park/52359/"
"47424","野田3丁目7駐車場","34.68575","135.478902","https://btimes.jp/osaka/park/47424/"
"32810","玉川１丁目第２駐車場","34.685515","135.485903","https://btimes.jp/osaka/park/32810/"
"35374","アパートメント玉川駐車場","34.686949","135.482326","https://btimes.jp/osaka/park/35374/"
"47423","野田3丁目7駐車場","34.68575","135.478902","https://btimes.jp/osaka/park/47423/"
"51617","野田３丁目駐車場","34.68471","135.477981","https://btimes.jp/osaka/park/51617/"
"1834","福島第５駐車場","34.691602","135.485308","https://btimes.jp/osaka/park/1834/"
"65407","三井ガーデンホテル大阪プレミア","34.689042","135.496169","https://btimes.jp/osaka/park/65407/"
"65395","NakanoshimaQross","34.688544","135.493852","https://btimes.jp/osaka/park/65395/"
"35959","プロロジスパーク大阪4駐車場","34.692443","135.424351","https://btimes.jp/osaka/park/35959/"
"1517","サンライズ海老江駐車場","34.693212","135.471271","https://btimes.jp/osaka/park/1517/"
"43473","ＵＲ鷺洲第二団地駐車場","34.694202","135.482423","https://btimes.jp/osaka/park/43473/"
"2383","海老江１丁目第２駐車場","34.692514","135.479462","https://btimes.jp/osaka/park/2383/"
"8049","堂島アクシスビル駐車場","34.69213","135.496497","https://btimes.jp/osaka/park/8049/"
"66124","JRWD堂島タワー地下２階駐車場","34.69255","135.495706","https://btimes.jp/osaka/park/66124/"
"65404","京阪堂島ビル","34.692794","135.497436","https://btimes.jp/osaka/park/65404/"
"65396","東洋紡ビル","34.691864","135.495894","https://btimes.jp/osaka/park/65396/"
"65722","堂島アバンザ駐車場","34.693912","135.499354","https://btimes.jp/osaka/park/65722/"
"8050","ＴＨＥＰＡＲＫｉｎｇ明治安田生命大阪梅田ビル駐車場","34.695321","135.493967","https://btimes.jp/osaka/park/8050/"
"65432","梅田ダイビル地下駐車場","34.696542","135.494879","https://btimes.jp/osaka/park/65432/"
"62420","【バイク専用】タイムズ福島７丁目第４ バイク月極駐車場","34.694549","135.487536","https://btimes.jp/osaka/park/62420/"
"52501","Ｐａｔ近鉄堂島ビル駐車場","34.693403","135.497647","https://btimes.jp/osaka/park/52501/"
"3317","姫島５丁目第２駐車場","34.700559","135.453345","https://btimes.jp/osaka/park/3317/"
"593","千舟２丁目第２駐車場","34.707789","135.456396","https://btimes.jp/osaka/park/593/"
"51239","モダニティ塚本駐車場","34.706127","135.467607","https://btimes.jp/osaka/park/51239/"
"50544","大淀北２丁目パーキング","34.702055","135.481802","https://btimes.jp/osaka/park/50544/"
"36843","パークサイドメゾン新梅田駐車場","34.702419","135.490937","https://btimes.jp/osaka/park/36843/"
"39092","中津3丁目駐車場","34.706979","135.49653","https://btimes.jp/osaka/park/39092/"
"43474","ＵＲルミエール千鳥駐車場","34.714377","135.393483","https://btimes.jp/hyogo/park/43474/"
"2573","尼崎玄番南之町駐車場","34.715","135.411391","https://btimes.jp/hyogo/park/2573/"
"49390","出屋敷宮内町２丁目バイク駐輪場","34.716376","135.407164","https://btimes.jp/hyogo/park/49390/"
"51158","サン・フェスタ杭瀬駐車場","34.715569","135.434283","https://btimes.jp/hyogo/park/51158/"
"2210","大阪特殊鋼管製造所月極駐車場","34.710198","135.455814","https://btimes.jp/osaka/park/2210/"
"2211","大阪特殊鋼管製造所月極駐車場","34.710198","135.455814","https://btimes.jp/osaka/park/2211/"
"34901","大阪特殊鋼管製造所月極駐車場","34.710198","135.455814","https://btimes.jp/osaka/park/34901/"
"34925","大阪特殊鋼管製造所月極駐車場","34.710198","135.455814","https://btimes.jp/osaka/park/34925/"
"38836","マンスリー御幣島駐車場","34.715598","135.456188","https://btimes.jp/osaka/park/38836/"
"59304","【軽専用】塚本３丁目　静美園駐車場","34.714476","135.473985","https://btimes.jp/osaka/park/59304/"
"51547","新北野３丁目１７駐車場","34.708436","135.477336","https://btimes.jp/osaka/park/51547/"
"45199","東横イン大阪阪急十三駅西口2駐車場","34.71407","135.484705","https://btimes.jp/osaka/park/45199/"
"41786","ノルデンハイム新北野　駐車場","34.712346","135.477141","https://btimes.jp/osaka/park/41786/"
"39613","ノルデンハイムリバーサイド十三　駐車場","34.716139","135.488579","https://btimes.jp/osaka/park/39613/"
"53244","神田南通5丁目124駐車場","34.718329","135.406789","https://btimes.jp/hyogo/park/53244/"
"53245","宮内町3丁目146-1駐車場","34.716955","135.405572","https://btimes.jp/hyogo/park/53245/"
"607","尼崎北第３駐車場","34.719178","135.417783","https://btimes.jp/hyogo/park/607/"
"2495","北大物町9駐車場","34.717789","135.428352","https://btimes.jp/hyogo/park/2495/"
"40065","ＵＲルゼフィール金楽寺町駐車場","34.724646","135.4299","https://btimes.jp/hyogo/park/40065/"
"32004","長洲西通第２駐車場","34.723333","135.43152","https://btimes.jp/hyogo/park/32004/"
"39777","尼崎常光寺駐車場","34.723033","135.443976","https://btimes.jp/hyogo/park/39777/"
"1843","加島南F駐車場","34.721686","135.461408","https://btimes.jp/osaka/park/1843/"
"32675","十三本町２丁目第２駐車場","34.717128","135.483635","https://btimes.jp/osaka/park/32675/"
"54836","十三東3駐車場","34.719526","135.488683","https://btimes.jp/osaka/park/54836/"
"40839","大島3丁目543-2駐車場","34.726327","135.390172","https://btimes.jp/hyogo/park/40839/"
"50391","シャーメゾン　ＬＥＡＦ駐車場","34.726388","135.389277","https://btimes.jp/hyogo/park/50391/"
"50412","アネモス弐番館駐車場","34.731421","135.388224","https://btimes.jp/hyogo/park/50412/"
"50413","アネモス壱番館駐車場","34.728922","135.398972","https://btimes.jp/hyogo/park/50413/"
"35165","ＵＲシティハイツ尼崎駅前駐車場","34.73077","135.435422","https://btimes.jp/hyogo/park/35165/"
"64223","県営尼崎西川住宅駐車場","34.728273","135.446223","https://btimes.jp/hyogo/park/64223/"
"51405","マンスリー加島１丁目","34.725918","135.462184","https://btimes.jp/osaka/park/51405/"
"47282","大島町二丁目駐車場","34.731431","135.46937","https://btimes.jp/osaka/park/47282/"
"65406","ニッセイ新大阪ビル駐車場","34.730519","135.499717","https://btimes.jp/osaka/park/65406/"
"31997","南武庫之荘第５駐車場","34.741069","135.388878","https://btimes.jp/hyogo/park/31997/"
"65200","南武庫之荘７丁目２０タイムズ南武庫之荘第５駐車場","34.74108","135.388723","https://btimes.jp/hyogo/park/65200/"
"66225","立花町4-16-26駐車場","34.735534","135.400535","https://btimes.jp/hyogo/park/66225/"
"649","潮江２丁目第４駐車場","34.734179","135.436414","https://btimes.jp/hyogo/park/649/"
"657","神崎町第２駐車場","34.740856","135.448056","https://btimes.jp/hyogo/park/657/"
"41863","マンスリー三国本町３丁目駐車場","34.733902","135.492176","https://btimes.jp/osaka/park/41863/"
"25600","東三国5丁目9-3駐車場","34.739266","135.499162","https://btimes.jp/osaka/park/25600/"
"25598","東三国6丁目24駐車場","34.739966","135.496653","https://btimes.jp/osaka/park/25598/"
"61037","第２　六丁目モータープール駐車場","34.740092","135.499108","https://btimes.jp/osaka/park/61037/"
"63887","第４ 六丁目モータープール駐車場","34.740236","135.499073","https://btimes.jp/osaka/park/63887/"
"39037","南武庫之荘5丁目　ABBEY ROAD 駐車場","34.744992","135.389944","https://btimes.jp/hyogo/park/39037/"
"57948","シャーメゾンMV-6駐車場","34.749235","135.408079","https://btimes.jp/hyogo/park/57948/"
"57949","シャーメゾンMV-5駐車場","34.749501","135.41048","https://btimes.jp/hyogo/park/57949/"
"28126","南塚口町3-6-18駐車場","34.748831","135.423672","https://btimes.jp/hyogo/park/28126/"
"45521","南塚口5丁目第３駐車場","34.743184","135.42074","https://btimes.jp/hyogo/park/45521/"
"41346","タイムズ南塚口町2丁目駐車場","34.746418","135.418032","https://btimes.jp/hyogo/park/41346/"
"30600","庄内東町６丁目駐車場","34.742815","135.479449","https://btimes.jp/osaka/park/30600/"
"48110","庄内西町四丁目駐車場","34.743151","135.476214","https://btimes.jp/osaka/park/48110/"
"62372","庄内西町四丁目駐車場No.2","34.743056","135.476069","https://btimes.jp/osaka/park/62372/"
"26005","第５　六丁目モータープール駐車場","34.741886","135.497488","https://btimes.jp/osaka/park/26005/"
"34880","武庫元町第3駐車場","34.754373","135.385286","https://btimes.jp/hyogo/park/34880/"
"31074","アメニティコート武庫之荘駐車場","34.750803","135.39748","https://btimes.jp/hyogo/park/31074/"
"58196","オークランドハイツ駐車場","34.754814","135.392925","https://btimes.jp/hyogo/park/58196/"
"33824","武庫之荘1丁目駐車場","34.752398","135.39479","https://btimes.jp/hyogo/park/33824/"
"32098","タイムズ武庫之荘４丁目駐車場","34.753183","135.393024","https://btimes.jp/hyogo/park/32098/"
"56188","塚口町3-16-26駐車場","34.750458","135.411992","https://btimes.jp/hyogo/park/56188/"
"56524","メゾンベール塚口駐車場","34.753911","135.409677","https://btimes.jp/hyogo/park/56524/"
"57950","シャーメゾンMV-3駐車場","34.750967","135.408641","https://btimes.jp/hyogo/park/57950/"
"59381","アミコート塚口駐車場","34.750679","135.419321","https://btimes.jp/hyogo/park/59381/"
"35352","セルティア塚口駐車場","34.755743","135.418009","https://btimes.jp/hyogo/park/35352/"
"32002","塚口町４丁目Ｊ＆Ｓ駐車場","34.754696","135.414295","https://btimes.jp/hyogo/park/32002/"
"49631","シェアパーク食満","34.753135","135.442338","https://btimes.jp/hyogo/park/49631/"
"52899","シェアパーク食満","34.753135","135.442338","https://btimes.jp/hyogo/park/52899/"
"45670","タイムズ園田駅前第5駐車場","34.751367","135.447954","https://btimes.jp/hyogo/park/45670/"
"31816","セジュール若宮駐車場","34.764212","135.39321","https://btimes.jp/hyogo/park/31816/"
"57891","中田ガレージ2","34.765015","135.407527","https://btimes.jp/hyogo/park/57891/"
"62360","BLANC NOIR駐車場","34.764963","135.407356","https://btimes.jp/hyogo/park/62360/"
"48515","南清水月極駐車場","34.759776","135.428773","https://btimes.jp/hyogo/park/48515/"
"35403","シャーメゾン燦燦駐車場","34.75989","135.426813","https://btimes.jp/hyogo/park/35403/"
"44447","シャーメゾン猪名寺駐車場","34.765282","135.426226","https://btimes.jp/hyogo/park/44447/"
"32196","マンスリー曽根南町１丁目駐車場","34.76308","135.470284","https://btimes.jp/osaka/park/32196/"
"41971","北条町1丁目　駐車場","34.762281","135.484434","https://btimes.jp/osaka/park/41971/"
"31588","豊中A団地　1号棟・2号棟北側駐車場","34.764673","135.480496","https://btimes.jp/osaka/park/31588/"
"31579","豊中団地駐車場","34.766381","135.480632","https://btimes.jp/osaka/park/31579/"
"31599","豊中団地駐車場","34.766396","135.480552","https://btimes.jp/osaka/park/31599/"
"31589","ＯＰＨ服部緑地駐車場","34.766529","135.480969","https://btimes.jp/osaka/park/31589/"
"35762","江坂町３丁目１５－２駐車場","34.761642","135.497998","https://btimes.jp/osaka/park/35762/"
"40854","セジュールE&L駐車場","34.766755","135.417846","https://btimes.jp/hyogo/park/40854/"
"40855","セジュールE&L駐車場","34.766755","135.417846","https://btimes.jp/hyogo/park/40855/"
"40857","セジュールE&S駐車場","34.770809","135.420406","https://btimes.jp/hyogo/park/40857/"
"43882","第６アローズ緑地公園駐車場","34.767207","135.499796","https://btimes.jp/osaka/park/43882/"
"47114","今池モータープール","34.782446","135.404921","https://btimes.jp/hyogo/park/47114/"
"47112","JMC駐車場","34.775566","135.422681","https://btimes.jp/hyogo/park/47112/"
"33822","伊丹第12駐車場","34.776638","135.41888","https://btimes.jp/hyogo/park/33822/"
"35416","空港リブレ大阪屋駐車場","34.782133","135.452534","https://btimes.jp/osaka/park/35416/"
"40315","北桜塚1丁目駐車場","34.780247","135.470937","https://btimes.jp/osaka/park/40315/"
"49412","岡町北1丁目駐車場","34.776207","135.464878","https://btimes.jp/osaka/park/49412/"
"54067","セジュール中野駐車場","34.785038","135.385309","https://btimes.jp/hyogo/park/54067/"
"47121","島田モータープール","34.787486","135.380686","https://btimes.jp/hyogo/park/47121/"
"27885","伊丹中野北４丁目駐車場","34.790015","135.384454","https://btimes.jp/hyogo/park/27885/"
"47122","福田モータープール","34.787696","135.407904","https://btimes.jp/hyogo/park/47122/"
"47116","千僧モータープール","34.7834","135.407059","https://btimes.jp/hyogo/park/47116/"
"47125","石橋駐車場","34.788664","135.405137","https://btimes.jp/hyogo/park/47125/"
"47126","吉森A駐車場","34.785912","135.413547","https://btimes.jp/hyogo/park/47126/"
"47128","吉森B駐車場","34.785783","135.413363","https://btimes.jp/hyogo/park/47128/"
"35373","プレジール伊丹駐車場","34.784025","135.419069","https://btimes.jp/hyogo/park/35373/"
"47117","清水モータープール_1","34.783638","135.415083","https://btimes.jp/hyogo/park/47117/"
"47127","吉森A駐車場","34.785912","135.413547","https://btimes.jp/hyogo/park/47127/"
"47129","吉森B駐車場","34.785783","135.413363","https://btimes.jp/hyogo/park/47129/"
"52905","空港専門大店ビル駐車場","34.78982","135.445334","https://btimes.jp/osaka/park/52905/"
"47048","【南駐車場】空港専門大店ビル駐車場","34.789617","135.445512","https://btimes.jp/osaka/park/47048/"
"47830","【西駐車場】空港専門大店ビル駐車場","34.789759","135.44538","https://btimes.jp/osaka/park/47830/"
"54915","豊中北桜塚パークホームズ駐車場","34.784469","135.471999","https://btimes.jp/osaka/park/54915/"
"54916","豊中北桜塚パークホームズ駐車場","34.784469","135.471999","https://btimes.jp/osaka/park/54916/"
"47022","ＵＲアルビス旭ヶ丘駐車場","34.783449","135.483698","https://btimes.jp/osaka/park/47022/"
"36870","アネックス鴻池駐車場","34.792173","135.39314","https://btimes.jp/hyogo/park/36870/"
"47119","西本モータープール","34.799133","135.390426","https://btimes.jp/hyogo/park/47119/"
"47124","北野モータープール","34.799784","135.390206","https://btimes.jp/hyogo/park/47124/"
"47123","北万モータープール","34.792833","135.420102","https://btimes.jp/hyogo/park/47123/"
"53093","豊島南１丁目３駐車場","34.798722","135.438304","https://btimes.jp/osaka/park/53093/"
"53800","ＵＲシティコート千里園駐車場","34.792892","135.458435","https://btimes.jp/osaka/park/53800/"
"56590","ＵＲシャレール東豊中駐車場","34.793172","135.484293","https://btimes.jp/osaka/park/56590/"
"56591","ＵＲシャレール東豊中駐車場","34.791889","135.484427","https://btimes.jp/osaka/park/56591/"
"59546","ＵＲ東豊中第２団地駐車場","34.792491","135.49253","https://btimes.jp/osaka/park/59546/"
"65219","伊丹荒牧高層住宅","34.806968","135.386763","https://btimes.jp/hyogo/park/65219/"
"54672","荒牧6丁目3-9駐車場","34.807433","135.389961","https://btimes.jp/hyogo/park/54672/"
"46252","OPH石橋テラス駐車場","34.803309","135.437468","https://btimes.jp/osaka/park/46252/"
"3416","マンスリー池田天神第３駐車場","34.802917","135.441041","https://btimes.jp/osaka/park/3416/"
"31012","パセオ石橋駐車場","34.805864","135.450314","https://btimes.jp/osaka/park/31012/"
"43125","リヴァーレ待兼山駐車場","34.804353","135.45686","https://btimes.jp/osaka/park/43125/"
"29427","サンベール春日駐車場","34.807121","135.473296","https://btimes.jp/osaka/park/29427/"
"32659","新御堂筋上新田駐車場","34.801081","135.49602","https://btimes.jp/osaka/park/32659/"
"31582","ＯＰＨ新千里南町　立体駐車場","34.800377","135.495151","https://btimes.jp/osaka/park/31582/"
"31610","ＯＰＨ新千里南町　1号棟駐車場","34.800377","135.495151","https://btimes.jp/osaka/park/31610/"
"31685","ＯＰＨ新千里南町　2号棟駐車場","34.801171","135.49503","https://btimes.jp/osaka/park/31685/"
"31583","ＯＰＨ新千里西町　立体駐車場","34.806436","135.493598","https://btimes.jp/osaka/park/31583/"
"31607","ＯＰＨ新千里西町　平面駐車場","34.80651","135.493598","https://btimes.jp/osaka/park/31607/"
"55058","田中モータープール","34.815282","135.387496","https://btimes.jp/hyogo/park/55058/"
"63582","ビレッジハウス山本駐車場","34.809384","135.397192","https://btimes.jp/hyogo/park/63582/"
"46174","ビレッジハウス山本駐車場","34.809011","135.398081","https://btimes.jp/hyogo/park/46174/"
"63583","ビレッジハウス山本駐車場","34.809877","135.398482","https://btimes.jp/hyogo/park/63583/"
"41061","口谷東１丁目パーキング","34.815591","135.399589","https://btimes.jp/hyogo/park/41061/"
"42900","口谷東１丁目パーキング","34.815264","135.399159","https://btimes.jp/hyogo/park/42900/"
"53152","神田４丁目駐車場　車室２０番","34.809544","135.423428","https://btimes.jp/osaka/park/53152/"
"53153","神田４丁目駐車場　車室８番","34.809544","135.423428","https://btimes.jp/osaka/park/53153/"
"31986","ハイネス21東側駐車場","34.809559","135.431366","https://btimes.jp/osaka/park/31986/"
"27940","池田市神田１丁目駐車場","34.808497","135.43026","https://btimes.jp/osaka/park/27940/"
"27938","池田市神田１丁目駐車場","34.808497","135.43026","https://btimes.jp/osaka/park/27938/"
"35163","ＵＲアルビス緑丘駐車場","34.815485","135.443345","https://btimes.jp/osaka/park/35163/"
"1616","池田市井口堂２丁目駐車場","34.811326","135.448229","https://btimes.jp/osaka/park/1616/"
"31538","井口堂団地　3号棟北側駐車場","34.812202","135.446694","https://btimes.jp/osaka/park/31538/"
"29739","水月コーポ駐車場","34.811742","135.442434","https://btimes.jp/osaka/park/29739/"
"46035","グレイス永田1号館駐車場","34.810212","135.453748","https://btimes.jp/osaka/park/46035/"
"46887","グレイス永田2号館駐車場","34.808697","135.452478","https://btimes.jp/osaka/park/46887/"
"49678","グレイス永田2号館駐車場","34.808697","135.452478","https://btimes.jp/osaka/park/49678/"
"47733","百楽マンション駐車場","34.811386","135.451486","https://btimes.jp/osaka/park/47733/"
"52116","百楽マンション駐車場","34.811386","135.451486","https://btimes.jp/osaka/park/52116/"
"46547","グレイス永田3号館駐車場","34.808639","135.452219","https://btimes.jp/osaka/park/46547/"
"35869","半町４丁目駐車場","34.808987","135.463597","https://btimes.jp/osaka/park/35869/"
"56588","ＵＲ北緑丘団地駐車場","34.814197","135.477499","https://btimes.jp/osaka/park/56588/"
"56589","ＵＲ北緑丘団地駐車場","34.816019","135.479372","https://btimes.jp/osaka/park/56589/"
"54595","ＵＲ新千里北町団地駐車場","34.80955","135.496971","https://btimes.jp/osaka/park/54595/"
"40044","ＵＲ新千里北町団地駐車場","34.80949","135.497883","https://btimes.jp/osaka/park/40044/"
"40045","ＵＲ新千里西町団地駐車場","34.810934","135.495537","https://btimes.jp/osaka/park/40045/"
"52144","ＵＲ新千里西町団地駐車場","34.811031","135.494395","https://btimes.jp/osaka/park/52144/"
"52143","ＵＲ新千里北町団地駐車場","34.810918","135.499383","https://btimes.jp/osaka/park/52143/"
"31598","ＯＰＨ千里西町緑地駐車場","34.809164","135.49036","https://btimes.jp/osaka/park/31598/"
"33190","ミリカルブラII駐車場","34.81776","135.382736","https://btimes.jp/hyogo/park/33190/"
"49582","タイムズ雲雀丘花屋敷第２駐車場","34.824508","135.407241","https://btimes.jp/hyogo/park/49582/"
"53799","ＵＲアルビス緑丘駐車場","34.817218","135.445137","https://btimes.jp/osaka/park/53799/"
"31517","五月丘団地駐車場","34.822718","135.440644","https://btimes.jp/osaka/park/31517/"
"51331","シャーメゾン桂駐車場","34.826179","135.409167","https://btimes.jp/hyogo/park/51331/"
"41326","雲雀丘一丁目駐車場","34.826988","135.405137","https://btimes.jp/hyogo/park/41326/"
"51952","タイムズ川西小戸第２駐車場","34.825239","135.424483","https://btimes.jp/hyogo/park/51952/"
"60925","五月山公園前駐車場","34.825502","135.430171","https://btimes.jp/osaka/park/60925/"
"64709","マンスリー池田畑４丁目第２駐車場","34.82761","135.453328","https://btimes.jp/osaka/park/64709/"
"31533","みのお団地　14号棟南側駐車場","34.826223","135.47794","https://btimes.jp/osaka/park/31533/"
"31535","みのお団地　16号棟南側駐車場","34.825971","135.47733","https://btimes.jp/osaka/park/31535/"
"31554","みのお団地　17号棟北側駐車場","34.826821","135.477289","https://btimes.jp/osaka/park/31554/"
"31534","みのお団地　18号棟南側駐車場","34.826315","135.477139","https://btimes.jp/osaka/park/31534/"
"31545","みのお団地　8号棟南側駐車場","34.8267","135.479019","https://btimes.jp/osaka/park/31545/"
"31509","みのお団地　12号棟南側駐車場","34.826302","135.478637","https://btimes.jp/osaka/park/31509/"
"31553","みのお団地　1号棟北側駐車場","34.827316","135.47833","https://btimes.jp/osaka/park/31553/"
"31520","みのお団地　15号棟南側駐車場","34.82605","135.477891","https://btimes.jp/osaka/park/31520/"
"31552","みのお団地　4号棟南側駐車場","34.826758","135.477481","https://btimes.jp/osaka/park/31552/"
"63778","箕面市白島１丁目６駐車場","34.830752","135.496315","https://btimes.jp/osaka/park/63778/"
"44850","西山駐車場","34.85776","135.408379","https://btimes.jp/hyogo/park/44850/"
"57662","滝山町リーク駐車場","34.840415","135.423116","https://btimes.jp/hyogo/park/57662/"
"54701","萩原3丁目駐車場","34.840397","135.421389","https://btimes.jp/hyogo/park/54701/"
"56594","ＵＲルミナス箕面の森五番街駐車場","34.83852","135.486448","https://btimes.jp/osaka/park/56594/"
"30757","滝山町１４駐車場","34.840455","135.423065","https://btimes.jp/hyogo/park/30757/"
"47115","萩原山村モータープール","34.841117","135.420713","https://btimes.jp/hyogo/park/47115/"
"38757","マンスリー白島　駐車場","34.835473","135.489893","https://btimes.jp/osaka/park/38757/"
"31140","トラストパーク大宝モータープール","34.670106","135.5058","https://btimes.jp/osaka/park/31140/"
"59555","トラストパーク大宝モータープール","34.670106","135.5058","https://btimes.jp/osaka/park/59555/"
"35240","エムテックツインパーキング","34.673244","135.507066","https://btimes.jp/osaka/park/35240/"
"46508","エムテックツインパーキング","34.673244","135.507066","https://btimes.jp/osaka/park/46508/"
"59377","アールパーキング","34.672882","135.505026","https://btimes.jp/osaka/park/59377/"
"60758","アールパーキング","34.672882","135.505026","https://btimes.jp/osaka/park/60758/"
"60759","アールパーキング","34.672882","135.505026","https://btimes.jp/osaka/park/60759/"
"25544","エスト心斎橋駐車場","34.674225","135.502589","https://btimes.jp/osaka/park/25544/"
"25572","エスト心斎橋駐車場","34.674225","135.502589","https://btimes.jp/osaka/park/25572/"
"25573","エスト心斎橋駐車場","34.674225","135.502589","https://btimes.jp/osaka/park/25573/"
"42416","エスト心斎橋駐車場","34.674225","135.502589","https://btimes.jp/osaka/park/42416/"
"30764","ラメゾンヴェール上本町駐車場","34.670231","135.522849","https://btimes.jp/osaka/park/30764/"
"3769","エムテックリプロ南船場パーキング","34.672189","135.513232","https://btimes.jp/osaka/park/3769/"
"3770","エムテックリプロ南船場パーキング","34.672189","135.513232","https://btimes.jp/osaka/park/3770/"
"25873","谷町6-13-34谷GOモータープール駐車場","34.67158","135.517439","https://btimes.jp/osaka/park/25873/"
"36901","安堂寺町1丁目駐車場","34.672816","135.522335","https://btimes.jp/osaka/park/36901/"
"38554","安堂寺町1丁目駐車場","34.672816","135.522335","https://btimes.jp/osaka/park/38554/"
"47869","松屋町第２バイク駐輪場","34.672972","135.514314","https://btimes.jp/osaka/park/47869/"
"50935","ラ・メゾンヴェール上町駐車場","34.673459","135.527364","https://btimes.jp/osaka/park/50935/"
"50547","レナトゥスフォレナ緑橋駐車場","34.671732","135.550761","https://btimes.jp/osaka/park/50547/"
"36384","マンスリー大今里駐車場","34.669754","135.550977","https://btimes.jp/osaka/park/36384/"
"45723","FK東成区深江北3丁目駐車場","34.674264","135.564737","https://btimes.jp/osaka/park/45723/"
"55102","マンスリー西堤本通西1丁目駐車場","34.667926","135.581955","https://btimes.jp/osaka/park/55102/"
"47559","メープルコート駐車場","34.673506","135.621435","https://btimes.jp/osaka/park/47559/"
"47560","ふれっくすコート吉田駐車場","34.673371","135.621587","https://btimes.jp/osaka/park/47560/"
"47561","ふれっくすコート吉田駐車場","34.673821","135.621754","https://btimes.jp/osaka/park/47561/"
"44897","マリンズ心斎橋III駐車場","34.675468","135.508162","https://btimes.jp/osaka/park/44897/"
"8055","明治安田生命堺筋本町ビル駐車場","34.679379","135.509672","https://btimes.jp/osaka/park/8055/"
"8056","堺筋本町ビル駐車場","34.679502","135.509837","https://btimes.jp/osaka/park/8056/"
"50554","御堂筋ダイワビルパーキング","34.677373","135.504005","https://btimes.jp/osaka/park/50554/"
"64480","堺筋本町センター駐車場","34.680542","135.508703","https://btimes.jp/osaka/park/64480/"
"64491","堺筋本町センタービル駐車場","34.680542","135.508703","https://btimes.jp/osaka/park/64491/"
"8054","明治安田生命備後町ビル駐車場","34.681989","135.509707","https://btimes.jp/osaka/park/8054/"
"59918","NREG御堂筋ビル駐車場","34.682854","135.504214","https://btimes.jp/osaka/park/59918/"
"53314","NREG御堂筋ビル駐車場","34.682998","135.504055","https://btimes.jp/osaka/park/53314/"
"53925","大手前合同庁舎駐車場","34.680259","135.522022","https://btimes.jp/osaka/park/53925/"
"616","和泉町第２駐車場","34.676434","135.51882","https://btimes.jp/osaka/park/616/"
"66181","UR森ノ宮ビル西側駐車場","34.678408","135.539253","https://btimes.jp/osaka/park/66181/"
"39286","マンスリー東中浜3丁目駐車場","34.679009","135.548295","https://btimes.jp/osaka/park/39286/"
"59931","川俣1-12-15アルカンシェル駐車場","34.677513","135.579047","https://btimes.jp/osaka/park/59931/"
"47864","タイムズ楠根２丁目月極駐車場","34.682785","135.585027","https://btimes.jp/osaka/park/47864/"
"62859","本庄ミニパーキング","34.679593","135.610848","https://btimes.jp/osaka/park/62859/"
"62861","本庄ミニパーキング","34.679593","135.610848","https://btimes.jp/osaka/park/62861/"
"65195","藤戸第二モータープール駐車場","34.680676","135.621147","https://btimes.jp/osaka/park/65195/"
"3179","角田１丁目駐車場","34.676414","135.619461","https://btimes.jp/osaka/park/3179/"
"8062","サンウェルビル駐車場","34.684578","135.508464","https://btimes.jp/osaka/park/8062/"
"58197","日本生命淀屋橋ビル駐車場","34.688981","135.505062","https://btimes.jp/osaka/park/58197/"
"65405","大阪中之島ビルパーキング","34.690578","135.501461","https://btimes.jp/osaka/park/65405/"
"35284","マンスリー鴫野駅駐車場 ","34.688959","135.547983","https://btimes.jp/osaka/park/35284/"
"35156","ファーストシティー駐車場","34.69056","135.550048","https://btimes.jp/osaka/park/35156/"
"8065","東横ＩＮＮ大阪梅田東駐車場","34.695836","135.511916","https://btimes.jp/osaka/park/8065/"
"65398","E-ma梅田","34.697361","135.501328","https://btimes.jp/osaka/park/65398/"
"65399","大阪富国生命ビル","34.699092","135.503064","https://btimes.jp/osaka/park/65399/"
"66437","大阪富国生命ビル駐車場","34.699092","135.503064","https://btimes.jp/osaka/park/66437/"
"47211","クリスタルグランツ東天満駐車場","34.692899","135.519409","https://btimes.jp/osaka/park/47211/"
"65954","東天満1丁目12－8駐車場","34.693206","135.516661","https://btimes.jp/osaka/park/65954/"
"35030","都島住宅本社ビル前駐車場","34.693868","135.53447","https://btimes.jp/osaka/park/35030/"
"40093","新喜多１丁目駐車場","34.693268","135.542458","https://btimes.jp/osaka/park/40093/"
"1835","鴻池第一駐車場","34.695881","135.604559","https://btimes.jp/osaka/park/1835/"
"558","住道第４駐車場","34.698631","135.624191","https://btimes.jp/osaka/park/558/"
"65394","梅田ナナイロ","34.700031","135.503722","https://btimes.jp/osaka/park/65394/"
"65397","OIT梅田タワー","34.702233","135.503028","https://btimes.jp/osaka/park/65397/"
"66125","ヤンマー本社ビル 駐車場","34.702131","135.502314","https://btimes.jp/osaka/park/66125/"
"60464","【ハイルーフ】CHASKA茶屋町駐車場","34.704025","135.502897","https://btimes.jp/osaka/park/60464/"
"60463","【普通車】CHASKA茶屋町駐車場","34.704082","135.502897","https://btimes.jp/osaka/park/60463/"
"39993","万歳第５ 駐車場","34.701614","135.507651","https://btimes.jp/osaka/park/39993/"
"49392","タイムズ中崎西第１１駐車場","34.703687","135.50457","https://btimes.jp/osaka/park/49392/"
"40401","浪花町第３　駐車場","34.705807","135.512311","https://btimes.jp/osaka/park/40401/"
"8087","グランアーモＴＡＭＡＨＩＭＥ駐車場","34.705593","135.503648","https://btimes.jp/osaka/park/8087/"
"8088","グランアーモＴＡＭＡＨＩＭＥ駐車場","34.705593","135.503648","https://btimes.jp/osaka/park/8088/"
"59951","FKデイグラン鶴見駐車場","34.701634","135.563452","https://btimes.jp/osaka/park/59951/"
"45210","Cozy Court鶴見緑地駐車場","34.703254","135.581476","https://btimes.jp/osaka/park/45210/"
"62926","FK新田本町駐車場","34.704107","135.606818","https://btimes.jp/osaka/park/62926/"
"1838","JRW住道駐車場","34.702851","135.62112","https://btimes.jp/osaka/park/1838/"
"48661","シャトー光駐車場","34.706609","135.624395","https://btimes.jp/osaka/park/48661/"
"48662","シャトー光駐車場","34.706609","135.624395","https://btimes.jp/osaka/park/48662/"
"45709","FK大東市南郷町駐車場","34.707557","135.614211","https://btimes.jp/osaka/park/45709/"
"50410","ＵＲリバーサイドほんじょう駐車場","34.712807","135.509543","https://btimes.jp/osaka/park/50410/"
"58691","FKインベスト北梅田駐車場","34.7131","135.507252","https://btimes.jp/osaka/park/58691/"
"45312","東横イン梅田中津2駐車場","34.710156","135.503553","https://btimes.jp/osaka/park/45312/"
"39784","マンスリー豊崎の森　駐車場","34.712559","135.504841","https://btimes.jp/osaka/park/39784/"
"61684","FKザファースト高倉駐車場","34.711179","135.534927","https://btimes.jp/osaka/park/61684/"
"35209","古市3-21-12駐車場","34.708817","135.562053","https://btimes.jp/osaka/park/35209/"
"33142","南寺方第２駐車場","34.715809","135.572559","https://btimes.jp/osaka/park/33142/"
"46261","アンサンテマリナ駐車場","34.715779","135.597252","https://btimes.jp/osaka/park/46261/"
"61580","FK三ツ島2丁目駐車場","34.71636","135.594194","https://btimes.jp/osaka/park/61580/"
"61581","FK三ツ島2丁目駐車場(軽自動車区画)","34.716361","135.594169","https://btimes.jp/osaka/park/61581/"
"62854","【原付専用】タイムズ西中島第２４ 原付月極駐車場","34.722699","135.50431","https://btimes.jp/osaka/park/62854/"
"43277","西中島１丁目駐車場","34.721487","135.504682","https://btimes.jp/osaka/park/43277/"
"31249","第１寿モータープール","34.722183","135.505368","https://btimes.jp/osaka/park/31249/"
"31251","西中島１丁目８駐車場","34.721246","135.503473","https://btimes.jp/osaka/park/31251/"
"30119","西中島３丁目駐車場","34.723167","135.503442","https://btimes.jp/osaka/park/30119/"
"61203","柴島2-7-11西川文化パーキング駐車場","34.723377","135.514803","https://btimes.jp/osaka/park/61203/"
"3775","都島ハイツ駐車場","34.719314","135.528936","https://btimes.jp/osaka/park/3775/"
"3776","都島ハイツ駐車場","34.719314","135.528936","https://btimes.jp/osaka/park/3776/"
"50545","フラッツ都島駐車場","34.722191","135.53133","https://btimes.jp/osaka/park/50545/"
"32028","毛馬第２駐車場","34.716944","135.527266","https://btimes.jp/osaka/park/32028/"
"46044","大宮4丁目8駐車場","34.724251","135.549117","https://btimes.jp/osaka/park/46044/"
"47072","マンスリー今市第２駐車場","34.723812","135.557483","https://btimes.jp/osaka/park/47072/"
"31688","ＯＰＨ守口長池町駐車場","34.724782","135.562203","https://btimes.jp/osaka/park/31688/"
"35963","プロムナード菊水駐車場","34.723358","135.580164","https://btimes.jp/osaka/park/35963/"
"31449","門真Ａ団地　A-44棟南側駐車場","34.721843","135.612052","https://btimes.jp/osaka/park/31449/"
"31433","門真Ａ団地　A-45棟南側駐車場","34.722128","135.612065","https://btimes.jp/osaka/park/31433/"
"31417","門真Ａ団地　A-46棟南側駐車場","34.722391","135.612081","https://btimes.jp/osaka/park/31417/"
"31443","門真Ａ団地　A-46棟北側駐車場","34.722663","135.612119","https://btimes.jp/osaka/park/31443/"
"31434","門真Ａ団地　A-06棟駐車場","34.723145","135.612633","https://btimes.jp/osaka/park/31434/"
"45121","ＵＲ東門真団地駐車場","34.723098","135.61633","https://btimes.jp/osaka/park/45121/"
"65818","タイムズ新大阪駅東第３駐車場","34.730743","135.509932","https://btimes.jp/osaka/park/65818/"
"61683","タイムズ新大阪駅北（新御堂高架下）タイムズのB専用 ","34.731316","135.501399","https://btimes.jp/osaka/park/61683/"
"65424","大阪回生病院駐車場","34.732164","135.501983","https://btimes.jp/osaka/park/65424/"
"33106","マンスリー柴島２丁目駐車場","34.725376","135.517145","https://btimes.jp/osaka/park/33106/"
"35326","東淡路1-2-12駐車場","34.730956","135.520917","https://btimes.jp/osaka/park/35326/"
"39830","マンスリー赤川第2駐車場","34.725792","135.531954","https://btimes.jp/osaka/park/39830/"
"42462","近藤モータープール","34.725972","135.54502","https://btimes.jp/osaka/park/42462/"
"53387","FKプリヴェ梅園駐車場","34.725731","135.561706","https://btimes.jp/osaka/park/53387/"
"53388","FKプリヴェ梅園駐車場","34.725731","135.561706","https://btimes.jp/osaka/park/53388/"
"53389","FKプリヴェ梅園駐車場","34.725731","135.561706","https://btimes.jp/osaka/park/53389/"
"48718","タイムズ守口小春町月極駐車場","34.725218","135.562332","https://btimes.jp/osaka/park/48718/"
"60350","FKソルテーラ旭駐車場","34.725248","135.55455","https://btimes.jp/osaka/park/60350/"
"35960","大一大宮マンション駐車場","34.725488","135.55318","https://btimes.jp/osaka/park/35960/"
"29106","守口駅前第８駐車場","34.730279","135.567039","https://btimes.jp/osaka/park/29106/"
"45701","FK守口市祝町駐車場","34.729326","135.563327","https://btimes.jp/osaka/park/45701/"
"25625","門真駅前第８駐車場","34.732801","135.586391","https://btimes.jp/osaka/park/25625/"
"50632","大橋町25-7駐車場","34.732362","135.601038","https://btimes.jp/osaka/park/50632/"
"30739","門真市舟田町　堤本モータープール","34.729146","135.60733","https://btimes.jp/osaka/park/30739/"
"30738","門真市打越町　堤本Ｃガレージ駐車場","34.72966","135.602537","https://btimes.jp/osaka/park/30738/"
"41792","東三国グランドハイツ北　駐車場","34.741283","135.500119","https://btimes.jp/osaka/park/41792/"
"39503","淡路5丁目４駐車場","34.738013","135.520252","https://btimes.jp/osaka/park/39503/"
"27893","淡路駅前第１１駐車場","34.734143","135.51741","https://btimes.jp/osaka/park/27893/"
"3313","豊新２丁目駐車場","34.739192","135.533633","https://btimes.jp/osaka/park/3313/"
"45585","ライゼパーク大道南駐車場","34.739844","135.5496","https://btimes.jp/osaka/park/45585/"
"49464","タイムズ豊里6丁目月極駐車場","34.739213","135.542054","https://btimes.jp/osaka/park/49464/"
"39612","ノルデンハイム豊新　駐車場","34.741255","135.539","https://btimes.jp/osaka/park/39612/"
"47047","アンプルール西三荘駐車場","34.737158","135.580079","https://btimes.jp/osaka/park/47047/"
"53694","元町ガレージ３駐車場","34.735072","135.580318","https://btimes.jp/osaka/park/53694/"
"51589","元町ガレージ2","34.735202","135.580035","https://btimes.jp/osaka/park/51589/"
"50112","西三荘駅前駐車場","34.733953","135.578012","https://btimes.jp/osaka/park/50112/"
"29810","田原マンション駐車場","34.737578","135.600013","https://btimes.jp/osaka/park/29810/"
"64766","下新庄5-23-11 Chez-toi下新庄 駐車場1","34.744938","135.523983","https://btimes.jp/osaka/park/64766/"
"36656","エミネンスヨシムラ駐車場","34.746138","135.547286","https://btimes.jp/osaka/park/36656/"
"39614","豊新グランドハイツ北　駐車場","34.743557","135.540774","https://btimes.jp/osaka/park/39614/"
"34902","アネックスワールドモータープール","34.74476","135.585473","https://btimes.jp/osaka/park/34902/"
"2571","大日町第４駐車場","34.748065","135.580574","https://btimes.jp/osaka/park/2571/"
"53826","FK守口市梶町4丁目駐車場（軽自動車専用）","34.748907","135.590987","https://btimes.jp/osaka/park/53826/"
"53794","FK守口市梶町4丁目駐車場","34.748967","135.590867","https://btimes.jp/osaka/park/53794/"
"45315","下神田パーキング","34.746391","135.61213","https://btimes.jp/osaka/park/45315/"
"45314","ユーヴェコウデラ駐車場","34.746959","135.612197","https://btimes.jp/osaka/park/45314/"
"49641","ブルーム・大和田 南駐車場","34.742579","135.606777","https://btimes.jp/osaka/park/49641/"
"47564","萱島南町団地駐車場","34.742986","135.621051","https://btimes.jp/osaka/park/47564/"
"31633","いらか団地駐車場","34.743535","135.62317","https://btimes.jp/osaka/park/31633/"
"47562","萱島南町団地駐車場","34.742986","135.621051","https://btimes.jp/osaka/park/47562/"
"47563","萱島南町団地駐車場","34.742986","135.621051","https://btimes.jp/osaka/park/47563/"
"47565","萱島南町団地駐車場","34.742986","135.621051","https://btimes.jp/osaka/park/47565/"
"47566","萱島南町団地駐車場","34.74265","135.620653","https://btimes.jp/osaka/park/47566/"
"52354","シャンクレール駐車場","34.746689","135.612618","https://btimes.jp/osaka/park/52354/"
"30102","Lirio江坂駐車場","34.75202","135.504502","https://btimes.jp/osaka/park/30102/"
"52970","Lirio江坂駐車場","34.75202","135.504502","https://btimes.jp/osaka/park/52970/"
"35685","Lirio江坂テナント前駐車場","34.751774","135.504177","https://btimes.jp/osaka/park/35685/"
"54189","レフィーナカルム江坂駐車場","34.753124","135.503989","https://btimes.jp/osaka/park/54189/"
"36409","ミールズ江坂ガレージ","34.757142","135.505048","https://btimes.jp/osaka/park/36409/"
"59952","吹田内本町駐車場","34.752438","135.527064","https://btimes.jp/osaka/park/59952/"
"53554","南江口駐車場","34.753045","135.551385","https://btimes.jp/osaka/park/53554/"
"62820","守口佐太中町駐車場","34.753305","135.582715","https://btimes.jp/osaka/park/62820/"
"31523","豊津団地　2号棟駐車場","34.763435","135.508646","https://btimes.jp/osaka/park/31523/"
"45790","垂水町１丁目５６駐車場","34.761573","135.500709","https://btimes.jp/osaka/park/45790/"
"45848","垂水町１丁目５６駐車場","34.761573","135.500709","https://btimes.jp/osaka/park/45848/"
"42872","江坂北ライゼボックス下駐車場","34.762447","135.500795","https://btimes.jp/osaka/park/42872/"
"56654","ＵＲ片山公園団地駐車場","34.763188","135.51783","https://btimes.jp/osaka/park/56654/"
"36027","東別府駐車場","34.760449","135.559385","https://btimes.jp/osaka/park/36027/"
"1404","東別府第５駐車場","34.762456","135.561895","https://btimes.jp/osaka/park/1404/"
"40734","FK摂津市鳥飼西4丁目駐車場","34.762712","135.582003","https://btimes.jp/osaka/park/40734/"
"40735","FK摂津市鳥飼西4丁目駐車場","34.762712","135.582003","https://btimes.jp/osaka/park/40735/"
"697","守口佐太中町駐車場","34.759588","135.591314","https://btimes.jp/osaka/park/697/"
"39983","仁和寺本町４丁目　駐車場","34.763712","135.597481","https://btimes.jp/osaka/park/39983/"
"60010","PALハイツ駐車場","34.762687","135.607707","https://btimes.jp/osaka/park/60010/"
"30603","寝屋川市木田町　イーストコート駐車場","34.758655","135.624586","https://btimes.jp/osaka/park/30603/"
"65139","東寺内町14-17駐車場","34.773061","135.500985","https://btimes.jp/osaka/park/65139/"
"65145","東寺内町14-17駐車場","34.773061","135.500985","https://btimes.jp/osaka/park/65145/"
"42123","マンスリー関西大学前第４駐車場","34.768209","135.512768","https://btimes.jp/osaka/park/42123/"
"25630","正雀２丁目駐車場","34.772501","135.553073","https://btimes.jp/osaka/park/25630/"
"41143","ＵＲ鳥飼野々二丁目団地駐車場","34.771265","135.579251","https://btimes.jp/osaka/park/41143/"
"35147","ＵＲ千里山団地駐車場","34.777959","135.511529","https://btimes.jp/osaka/park/35147/"
"41144","ＵＲ千里春日台団地駐車場","34.782564","135.502377","https://btimes.jp/osaka/park/41144/"
"64345","佐井寺第2モータープール","34.779849","135.523407","https://btimes.jp/osaka/park/64345/"
"42252","マンスリー吹田竹谷町駐車場","34.775347","135.523163","https://btimes.jp/osaka/park/42252/"
"50376","ラフィーネ駐車場","34.78316","135.54933","https://btimes.jp/osaka/park/50376/"
"48168","吉村駐車場","34.778777","135.557545","https://btimes.jp/osaka/park/48168/"
"52346","ＵＲ千里桃山台団地駐車場","34.787265","135.510474","https://btimes.jp/osaka/park/52346/"
"40049","ＵＲ千里桃山台団地駐車場","34.788644","135.510295","https://btimes.jp/osaka/park/40049/"
"59559","ＵＲ千里桃山台団地駐車場","34.789263","135.510283","https://btimes.jp/osaka/park/59559/"
"54599","ＵＲ千里竹見台団地駐車場","34.790282","135.508181","https://btimes.jp/osaka/park/54599/"
"56623","ＵＲ千里竹見台団地駐車場","34.790742","135.506702","https://btimes.jp/osaka/park/56623/"
"53798","ＵＲ千里竹見台団地駐車場","34.791601","135.509953","https://btimes.jp/osaka/park/53798/"
"31527","ＯＰＨ千里佐竹公園　地下駐車場","34.787404","135.514537","https://btimes.jp/osaka/park/31527/"
"31510","ＯＰＨ千里佐竹公園　1階駐車場","34.787676","135.514249","https://btimes.jp/osaka/park/31510/"
"52148","ＵＲ千里グリーンヒルズ高野台駐車場","34.790254","135.515039","https://btimes.jp/osaka/park/52148/"
"31529","ＯＰＨ千里佐竹台II　屋外駐車場","34.787119","135.512612","https://btimes.jp/osaka/park/31529/"
"31528","ＯＰＨ千里佐竹台　2棟・3棟・4棟駐車場","34.78879","135.513083","https://btimes.jp/osaka/park/31528/"
"31513","ＯＰＨ千里佐竹台　1号棟北側駐車場","34.789131","135.512512","https://btimes.jp/osaka/park/31513/"
"57668","千里山田西団地駐車場","34.787858","135.534793","https://btimes.jp/osaka/park/57668/"
"57667","千里山田西団地駐車場","34.78819","135.534509","https://btimes.jp/osaka/park/57667/"
"32005","吹田五月が丘北駐車場","34.786814","135.527515","https://btimes.jp/osaka/park/32005/"
"45196","コート千里丘駐車場","34.791543","135.553311","https://btimes.jp/osaka/park/45196/"
"45197","コート千里丘駐車場","34.791543","135.553311","https://btimes.jp/osaka/park/45197/"
"30685","千里丘３丁目駐車場","34.784358","135.551301","https://btimes.jp/osaka/park/30685/"
"1414","三島駐車場","34.787941","135.593133","https://btimes.jp/osaka/park/1414/"
"53549","鳥飼八町駐車場","34.786129","135.591091","https://btimes.jp/osaka/park/53549/"
"66473","三島駐車場","34.787983","135.593158","https://btimes.jp/osaka/park/66473/"
"31581","柱本団地　A-15棟北側駐車場","34.790332","135.604828","https://btimes.jp/osaka/park/31581/"
"31605","柱本団地　A-16棟北側駐車場","34.790739","135.604926","https://btimes.jp/osaka/park/31605/"
"31592","柱本団地　A-18棟・19棟北側駐車場","34.790854","135.604328","https://btimes.jp/osaka/park/31592/"
"31609","柱本団地　A-1棟からA-7棟駐車場","34.79022","135.601631","https://btimes.jp/osaka/park/31609/"
"31604","柱本団地　A-13棟北側駐車場","34.789412","135.602145","https://btimes.jp/osaka/park/31604/"
"40048","ＵＲ千里竹見台団地駐車場","34.79283","135.509213","https://btimes.jp/osaka/park/40048/"
"54598","ＵＲ千里竹見台団地駐車場","34.794645","135.508336","https://btimes.jp/osaka/park/54598/"
"40047","ＵＲ千里竹見台団地駐車場","34.795024","135.50808","https://btimes.jp/osaka/park/40047/"
"40046","ＵＲ千里竹見台団地駐車場","34.795731","135.507679","https://btimes.jp/osaka/park/40046/"
"32045","上新田2-4-18駐車場","34.799086","135.502101","https://btimes.jp/osaka/park/32045/"
"43458","ＵＲ千里津雲台団地駐車場","34.794547","135.510229","https://btimes.jp/osaka/park/43458/"
"31580","ＯＰＨ南千里津雲台　立体駐車場","34.797376","135.511788","https://btimes.jp/osaka/park/31580/"
"31597","ＯＰＨ南千里津雲台　立体駐車場","34.797376","135.511788","https://btimes.jp/osaka/park/31597/"
"31602","ＯＰＨ南千里津雲台　1号棟北側駐車場","34.797011","135.513125","https://btimes.jp/osaka/park/31602/"
"39060","千里ピュアーライフ駐車場","34.791785","135.537612","https://btimes.jp/osaka/park/39060/"
"40486","サニーコート千里丘駐車場","34.79322","135.554485","https://btimes.jp/osaka/park/40486/"
"58006","東奈良３丁目１４番３０号サンローズ南茨木駐車場","34.799728","135.569261","https://btimes.jp/osaka/park/58006/"
"52859","ルーチェ南茨木駐車場","34.791991","135.568036","https://btimes.jp/osaka/park/52859/"
"29758","サンシャイン南茨木駐車場","34.793368","135.565237","https://btimes.jp/osaka/park/29758/"
"30549","リビース音駐車場","34.79697","135.579893","https://btimes.jp/osaka/park/30549/"
"64165","ＵＲ新千里東町団地駐車場","34.80501","135.505961","https://btimes.jp/osaka/park/64165/"
"64164","ＵＲ新千里東町団地駐車場","34.804486","135.505098","https://btimes.jp/osaka/park/64164/"
"64167","ＵＲ新千里東町団地駐車場","34.805709","135.50601","https://btimes.jp/osaka/park/64167/"
"64166","ＵＲ千里グリーンヒルズ東町駐車場","34.806275","135.50404","https://btimes.jp/osaka/park/64166/"
"43902","津雲台５丁目駐車場","34.801539","135.515961","https://btimes.jp/osaka/park/43902/"
"33203","Ｋ．Ｎモーターイン","34.807807","135.558986","https://btimes.jp/osaka/park/33203/"
"29740","竹ヶ池モータープール　","34.807955","135.55517","https://btimes.jp/osaka/park/29740/"
"30596","竹ヶ池モータープール","34.807955","135.55517","https://btimes.jp/osaka/park/30596/"
"42906","天王町駐車場","34.800986","135.565211","https://btimes.jp/osaka/park/42906/"
"42907","天王町第2駐車場","34.800678","135.564411","https://btimes.jp/osaka/park/42907/"
"31603","ＯＰＨ茨木大池　2号棟北側駐車場","34.807184","135.581821","https://btimes.jp/osaka/park/31603/"
"31586","ＯＰＨ茨木大池　1号棟北側駐車場","34.807195","135.581807","https://btimes.jp/osaka/park/31586/"
"38820","大池２丁目駐車場","34.808246","135.586172","https://btimes.jp/osaka/park/38820/"
"30655","稲葉町駐車場","34.807555","135.579151","https://btimes.jp/osaka/park/30655/"
"29754","K&Yモータープール","34.807026","135.577797","https://btimes.jp/osaka/park/29754/"
"29764","K&Yモータープール","34.807026","135.577797","https://btimes.jp/osaka/park/29764/"
"53797","ＵＲ千里青山台団地駐車場","34.815848","135.508817","https://btimes.jp/osaka/park/53797/"
"31577","ＯＰＨ新千里東町駐車場","34.809852","135.503354","https://btimes.jp/osaka/park/31577/"
"31512","ＯＰＨ北千里駅前　4号棟北側Ｒ階駐車場","34.816597","135.514839","https://btimes.jp/osaka/park/31512/"
"60522","茨木中穂積駐車場","34.81394","135.558983","https://btimes.jp/osaka/park/60522/"
"36425","細見医院駐車場","34.809722","135.569118","https://btimes.jp/osaka/park/36425/"
"36037","アイマンション駐車場","34.809771","135.574917","https://btimes.jp/osaka/park/36037/"
"45083","大手町11-14エムズコート駐車場","34.812847","135.573419","https://btimes.jp/osaka/park/45083/"
"51417","こどもとmanabo駐車場","34.809689","135.568783","https://btimes.jp/osaka/park/51417/"
"55940","セントラルコートアイ駐車場","34.815474","135.577243","https://btimes.jp/osaka/park/55940/"
"45599","レジデンス大池駐車場","34.80834","135.585121","https://btimes.jp/osaka/park/45599/"
"30527","株式会社翔栄舟木町駐車場","34.811054","135.580538","https://btimes.jp/osaka/park/30527/"
"30545","株式会社翔栄別院町駐車場","34.812064","135.576413","https://btimes.jp/osaka/park/30545/"
"40784","別院町パーキング","34.815425","135.576746","https://btimes.jp/osaka/park/40784/"
"40785","別院町パーキング","34.815425","135.576746","https://btimes.jp/osaka/park/40785/"
"30570","橋の内一丁目駐車場","34.815885","135.591872","https://btimes.jp/osaka/park/30570/"
"52146","ＵＲ玉川橋団地駐車場","34.808934","135.606533","https://btimes.jp/osaka/park/52146/"
"47023","ＵＲ玉川橋団地駐車場","34.809085","135.603968","https://btimes.jp/osaka/park/47023/"
"29750","白川第３駐車場","34.81349","135.605974","https://btimes.jp/osaka/park/29750/"
"29772","白川第２駐車場","34.813668","135.606","https://btimes.jp/osaka/park/29772/"
"53796","ＵＲ千里青山台団地駐車場","34.818347","135.508789","https://btimes.jp/osaka/park/53796/"
"53795","ＵＲ千里青山台団地駐車場","34.820431","135.509288","https://btimes.jp/osaka/park/53795/"
"31549","ＯＰＨ北千里駅前　1号棟北側駐車場","34.818111","135.514974","https://btimes.jp/osaka/park/31549/"
"31542","ＯＰＨ北千里駅前　2号棟・3号棟北側駐車場","34.817095","135.514566","https://btimes.jp/osaka/park/31542/"
"31541","ＯＰＨ北千里駅前　2号棟・3号棟北側駐車場","34.817095","135.514566","https://btimes.jp/osaka/park/31541/"
"54961","上穂積パーキング","34.819648","135.562142","https://btimes.jp/osaka/park/54961/"
"30547","上穂積ガレージ","34.819002","135.557171","https://btimes.jp/osaka/park/30547/"
"50859","上穂積3丁目駐車場","34.821537","135.559596","https://btimes.jp/osaka/park/50859/"
"45843","上穂積4丁目パーキング","34.822841","135.560527","https://btimes.jp/osaka/park/45843/"
"51645","シャーメゾンSereno駐車場","34.818514","135.566316","https://btimes.jp/osaka/park/51645/"
"64388","上穂東町パーキング","34.819265","135.563963","https://btimes.jp/osaka/park/64388/"
"29733","フェニックスウエスト駐車場","34.820541","135.571782","https://btimes.jp/osaka/park/29733/"
"41132","古家モータープール駐車場","34.820581","135.571954","https://btimes.jp/osaka/park/41132/"
"29768","セシルコート駐車場","34.817867","135.564421","https://btimes.jp/osaka/park/29768/"
"39594","メゾンアトラー駐車場","34.824526","135.583617","https://btimes.jp/osaka/park/39594/"
"39593","メゾンアトラー駐車場","34.824526","135.583617","https://btimes.jp/osaka/park/39593/"
"45942","柳川町2丁目8駐車場","34.8197","135.593948","https://btimes.jp/osaka/park/45942/"
"52142","ＵＲ総持寺団地駐車場","34.82173","135.592998","https://btimes.jp/osaka/park/52142/"
"35830","ブランドールパーキングNo.II","34.817207","135.596408","https://btimes.jp/osaka/park/35830/"
"47933","柳川町2丁目8駐車場","34.8197","135.593948","https://btimes.jp/osaka/park/47933/"
"29778","中村第2駐車場","34.82389","135.597059","https://btimes.jp/osaka/park/29778/"
"29727","松井パーキング","34.81952","135.601253","https://btimes.jp/osaka/park/29727/"
"35678","大川モータープール","34.823412","135.60184","https://btimes.jp/osaka/park/35678/"
"29722","レントリッヒ駐車場","34.821776","135.615098","https://btimes.jp/osaka/park/29722/"
"46375","マンスリー今宮４丁目駐車場","34.825447","135.50149","https://btimes.jp/osaka/park/46375/"
"51274","小野原東4-24-29ハイマウンド駐車場","34.827467","135.524306","https://btimes.jp/osaka/park/51274/"
"64798","ハイツ由知　駐車場","34.826451","135.526724","https://btimes.jp/osaka/park/64798/"
"29723","ミットミルデ小野原駐車場","34.826307","135.526346","https://btimes.jp/osaka/park/29723/"
"31348","茨木郡山団地　A-8棟南側駐車場","34.82686","135.546738","https://btimes.jp/osaka/park/31348/"
"31360","茨木郡山団地　A-10棟南側駐車場","34.826628","135.54758","https://btimes.jp/osaka/park/31360/"
"31347","茨木郡山団地　A-6棟南側駐車場","34.827141","135.546675","https://btimes.jp/osaka/park/31347/"
"31359","茨木郡山団地　A-9棟南側駐車場","34.826822","135.547652","https://btimes.jp/osaka/park/31359/"
"31361","茨木郡山団地　A-5棟南側駐車場","34.827136","135.547614","https://btimes.jp/osaka/park/31361/"
"31364","茨木郡山団地　A-4棟南側駐車場","34.827444","135.54768","https://btimes.jp/osaka/park/31364/"
"31511","茨木郡山Ｂ団地駐車場","34.828767","135.546989","https://btimes.jp/osaka/park/31511/"
"29714","ラークハウス駐車場","34.832095","135.551648","https://btimes.jp/osaka/park/29714/"
"47285","ラークハウス駐車場","34.832095","135.551648","https://btimes.jp/osaka/park/47285/"
"60555","（B専用）タイムズ茨木郡山","34.829612","135.550888","https://btimes.jp/osaka/park/60555/"
"42904","郡３丁目駐車場","34.825517","135.56033","https://btimes.jp/osaka/park/42904/"
"53772","郡３丁目駐車場","34.825517","135.56033","https://btimes.jp/osaka/park/53772/"
"30869","アムールツジタ駐車場","34.82982","135.557919","https://btimes.jp/osaka/park/30869/"
"42903","ラークヒル駐車場","34.830904","135.556498","https://btimes.jp/osaka/park/42903/"
"62776","ハイツ川代駐車場","34.83056","135.555334","https://btimes.jp/osaka/park/62776/"
"51962","郡5-25駐車場","34.830637","135.555457","https://btimes.jp/osaka/park/51962/"
"29729","セカンドガレージ駐車場","34.831862","135.551912","https://btimes.jp/osaka/park/29729/"
"33686","畑田町駐車場","34.826894","135.566661","https://btimes.jp/osaka/park/33686/"
"53802","ＵＲ茨木三島丘イースト駐車場","34.832982","135.585554","https://btimes.jp/osaka/park/53802/"
"31930","アヴェルーチェ高槻富田町駐車場","34.829279","135.595934","https://btimes.jp/osaka/park/31930/"
"29706","富田町3丁目駐車場","34.831518","135.59592","https://btimes.jp/osaka/park/29706/"
"29734","ヴィラ高槻駐車場","34.830347","135.606617","https://btimes.jp/osaka/park/29734/"
"29783","藤井モータープール","34.830733","135.606327","https://btimes.jp/osaka/park/29783/"
"29701","ファミール津之江駐車場","34.832699","135.609386","https://btimes.jp/osaka/park/29701/"
"29749","登美の里モータープール","34.832166","135.602381","https://btimes.jp/osaka/park/29749/"
"31536","下田部Ｃ団地　A-23棟・24棟北側駐車場","34.82586","135.622555","https://btimes.jp/osaka/park/31536/"
"31555","下田部Ｃ団地　A-25棟北側駐車場","34.82615","135.622549","https://btimes.jp/osaka/park/31555/"
"31526","下田部Ｃ団地　A-21棟・22棟北側駐車場","34.825569","135.622575","https://btimes.jp/osaka/park/31526/"
"31547","下田部Ｃ団地　A-28棟・29棟北側駐車場","34.826763","135.622496","https://btimes.jp/osaka/park/31547/"
"31522","下田部Ｃ団地　A-30棟・31棟北側駐車場","34.827073","135.622472","https://btimes.jp/osaka/park/31522/"
"32893","下田部団地　6号棟駐車場","34.825903","135.624834","https://btimes.jp/osaka/park/32893/"
"31540","下田部Ｃ団地　A-27棟北側駐車場","34.826462","135.622542","https://btimes.jp/osaka/park/31540/"
"31521","下田部Ｃ団地　A-20棟北側駐車場","34.82528","135.622618","https://btimes.jp/osaka/park/31521/"
"31548","下田部Ｃ団地　東側駐車場","34.82618","135.623686","https://btimes.jp/osaka/park/31548/"
"65168","ＵＲ高槻・阿武山六番街団地駐車場","34.857929","135.584585","https://btimes.jp/osaka/park/65168/"
"59560","ＵＲ高槻・阿武山六番街団地駐車場","34.85812","135.584901","https://btimes.jp/osaka/park/59560/"
"35977","プロロジスパーク茨木駐車場","34.856803","135.538086","https://btimes.jp/osaka/park/35977/"
"55487","花園北駐車場","34.845183","135.576945","https://btimes.jp/osaka/park/55487/"
"46846","ビレッジハウス高田駐車場","34.841152","135.584922","https://btimes.jp/osaka/park/46846/"
"41988","太田３丁目ションデレスト駐車場","34.839567","135.582948","https://btimes.jp/osaka/park/41988/"
"46843","ビレッジハウス服部駐車場","34.853934","135.602686","https://btimes.jp/osaka/park/46843/"
"47018","西太田町駐車場","34.835164","135.572759","https://btimes.jp/osaka/park/47018/"
"47019","西太田町駐車場","34.835164","135.572759","https://btimes.jp/osaka/park/47019/"
"46847","ビレッジハウス茨木駐車場","34.835401","135.553598","https://btimes.jp/osaka/park/46847/"
"46100","平岡モータープール","34.835003","135.55549","https://btimes.jp/osaka/park/46100/"
"1884","バーンフリート真上駐車場","34.85357","135.612155","https://btimes.jp/osaka/park/1884/"
"30693","岸田モータープール","34.837095","135.602213","https://btimes.jp/osaka/park/30693/"
"31253","オーディンヴィラ駐車場","34.840457","135.608535","https://btimes.jp/osaka/park/31253/"
"29227","明田町1-7駐車場","34.84644","135.61824","https://btimes.jp/osaka/park/29227/"
"47024","ＵＲ箕面粟生第一団地駐車場","34.838609","135.517133","https://btimes.jp/osaka/park/47024/"
"54587","ヴィラ・ソレーユ高槻町駐車場","34.848077","135.623299","https://btimes.jp/osaka/park/54587/"
"29694","Y・Pモータープール","34.855858","135.57715","https://btimes.jp/osaka/park/29694/"
"29766","Y・Pモータープール","34.855858","135.57715","https://btimes.jp/osaka/park/29766/"
"29731","第2松本モータープール","34.845722","135.574735","https://btimes.jp/osaka/park/29731/"
"29753","東城山町駐車場","34.87063","135.599704","https://btimes.jp/osaka/park/29753/"
"44440","塚脇口駐車場","34.867131","135.600056","https://btimes.jp/osaka/park/44440/"
"29765","ウインディア南平台A棟駐車場","34.855033","135.597092","https://btimes.jp/osaka/park/29765/"
"50860","川西町1丁目駐車場","34.847134","135.608478","https://btimes.jp/osaka/park/50860/"
"31254","オーディンヴィラ駐車場","34.840457","135.608535","https://btimes.jp/osaka/park/31254/"
"31258","オーディン駐車場","34.837341","135.611181","https://btimes.jp/osaka/park/31258/"
"30556","古曽部１丁目駐車場","34.855691","135.624305","https://btimes.jp/osaka/park/30556/"
"29730","治京第2モータープール","34.840543","135.61534","https://btimes.jp/osaka/park/29730/"
"29716","中島ガレージ","34.85528","135.624879","https://btimes.jp/osaka/park/29716/"
"29736","中島ガレージ","34.85528","135.624879","https://btimes.jp/osaka/park/29736/"
"54423","ヴィラ・ソレーユ高槻町駐車場","34.848077","135.623299","https://btimes.jp/osaka/park/54423/"
"54586","ヴィラ・ソレーユ高槻町駐車場","34.848013","135.623283","https://btimes.jp/osaka/park/54586/"
"29704","城西町駐車場","34.840377","135.617936","https://btimes.jp/osaka/park/29704/"
"54602","ＵＲ保津川団地駐車場","35.017713","135.570161","https://btimes.jp/kyoto/park/54602/"
"50870","亀岡駅北口西駐車場","35.014098","135.584639","https://btimes.jp/kyoto/park/50870/"
"45310","亀岡市内丸町26-42駐車場","35.010458","135.580701","https://btimes.jp/kyoto/park/45310/"
"35191","ＵＲ保津川団地駐車場","35.016577","135.571119","https://btimes.jp/kyoto/park/35191/"
"52162","ＵＲ富雄団地駐車場","34.691579","135.723236","https://btimes.jp/nara/park/52162/"
"54604","ＵＲ富雄団地駐車場","34.692727","135.724771","https://btimes.jp/nara/park/54604/"
"40054","ＵＲ富雄団地駐車場","34.691229","135.72404","https://btimes.jp/nara/park/40054/"
"33618","コメリパワー生駒店駐車場","34.723952","135.723796","https://btimes.jp/nara/park/33618/"
"65873","柿木駐車場","34.701949","135.648102","https://btimes.jp/osaka/park/65873/"
"66220","第2柿木駐車場","34.70195","135.648095","https://btimes.jp/osaka/park/66220/"
"39284","マンスリー中石切町駐車場","34.686185","135.647103","https://btimes.jp/osaka/park/39284/"
"29448","吉川モータープール","34.702302","135.641273","https://btimes.jp/osaka/park/29448/"
"40627","ヌカタパーク8　駐車場","34.674163","135.657556","https://btimes.jp/osaka/park/40627/"
"35190","ＵＲ南新田団地駐車場","34.696907","135.639942","https://btimes.jp/osaka/park/35190/"
"48192","マンスリー中石切町第４駐車場","34.681145","135.647417","https://btimes.jp/osaka/park/48192/"
"50189","ＵＲ南新田団地駐車場","34.697172","135.63853","https://btimes.jp/osaka/park/50189/"
"40626","ヌカタパークH","34.672335","135.651226","https://btimes.jp/osaka/park/40626/"
"54552","タチバナ第２ガレージ","34.748035","135.660845","https://btimes.jp/osaka/park/54552/"
"31661","打上団地　東側駐車場","34.74847","135.658511","https://btimes.jp/osaka/park/31661/"
"31698","打上団地　西側駐車場","34.748873","135.657106","https://btimes.jp/osaka/park/31698/"
"713","忍ヶ丘西第３駐車場","34.742238","135.643908","https://btimes.jp/osaka/park/713/"
"43090","寝屋川歯科クリニック第２駐車場","34.749847","135.646608","https://btimes.jp/osaka/park/43090/"
"56574","西岡歯科クリニック第２駐車場内【水・日限定】","34.749372","135.645406","https://btimes.jp/osaka/park/56574/"
"41831","近畿吉田ビル駐車場","34.676688","135.628925","https://btimes.jp/osaka/park/41831/"
"38659","寺川４丁目６－１６駐車場","34.708275","135.649435","https://btimes.jp/osaka/park/38659/"
"30537","野崎観音下駐車場","34.71605","135.645656","https://btimes.jp/osaka/park/30537/"
"30538","野崎観音下駐車場","34.71605","135.645656","https://btimes.jp/osaka/park/30538/"
"27361","吉川モータープール","34.702253","135.641308","https://btimes.jp/osaka/park/27361/"
"53995","FK西石切町５丁目駐車場","34.677242","135.640049","https://btimes.jp/osaka/park/53995/"
"53996","FK西石切町５丁目駐車場","34.677242","135.640049","https://btimes.jp/osaka/park/53996/"
"38755","大東三住町　駐車場","34.707227","135.627381","https://btimes.jp/osaka/park/38755/"
"32802","マンスリー寝屋川木田町駐車場","34.757897","135.625317","https://btimes.jp/osaka/park/32802/"
"64136","タチバナ第１ガレージ","34.752463","135.660124","https://btimes.jp/osaka/park/64136/"
"30133","東寝屋川駅前第４駐車場","34.753545","135.656638","https://btimes.jp/osaka/park/30133/"
"50434","ダイカモータープール","34.756529","135.670742","https://btimes.jp/osaka/park/50434/"
"56462","マンスリー市民会館裏駐車場","34.760557","135.633585","https://btimes.jp/osaka/park/56462/"
"31634","ＯＰＨ寝屋川豊野駐車場","34.764016","135.633198","https://btimes.jp/osaka/park/31634/"
"46255","カーサベルデ花みずき駐車場","34.764134","135.669651","https://btimes.jp/osaka/park/46255/"
"31643","星田団地　3号棟駐車場","34.766128","135.680287","https://btimes.jp/osaka/park/31643/"
"63494","寝屋川市田井町43駐車場","34.772486","135.631109","https://btimes.jp/osaka/park/63494/"
"31411","香里三井団地　18号棟北側駐車場","34.769756","135.64717","https://btimes.jp/osaka/park/31411/"
"31436","香里三井団地　17号棟北側駐車場","34.770106","135.647276","https://btimes.jp/osaka/park/31436/"
"31446","香里三井Ｂ団地　A-22棟北側駐車場","34.770183","135.647664","https://btimes.jp/osaka/park/31446/"
"31444","香里三井団地　16号棟北側駐車場","34.770442","135.647299","https://btimes.jp/osaka/park/31444/"
"31401","香里三井Ｂ団地　A-23棟北側駐車場","34.770461","135.647619","https://btimes.jp/osaka/park/31401/"
"31418","香里三井団地　15号棟北側駐車場","34.770798","135.646934","https://btimes.jp/osaka/park/31418/"
"31428","香里三井団地　3号棟・4号棟・5号棟駐車場","34.770894","135.645235","https://btimes.jp/osaka/park/31428/"
"31437","香里三井Ｃ団地　A-106棟南側駐車場","34.769305","135.642838","https://btimes.jp/osaka/park/31437/"
"31426","香里三井Ｃ団地　A-110棟南側駐車場","34.770253","135.643161","https://btimes.jp/osaka/park/31426/"
"31412","香里三井Ｂ団地　A-24・25棟駐車場","34.771009","135.648869","https://btimes.jp/osaka/park/31412/"
"31445","香里三井Ｃ団地　A-108棟西側駐車場","34.769708","135.642201","https://btimes.jp/osaka/park/31445/"
"43586","丸善成田モータプール【上側エリア】","34.773795","135.644495","https://btimes.jp/osaka/park/43586/"
"31459","香里三井Ｃ団地　A-102棟南側駐車場","34.768273","135.64249","https://btimes.jp/osaka/park/31459/"
"50188","ＵＲ寝屋川団地駐車場","34.772531","135.654179","https://btimes.jp/osaka/park/50188/"
"53827","ＵＲ寝屋川団地駐車場","34.770412","135.651454","https://btimes.jp/osaka/park/53827/"
"50186","ＵＲ寝屋川団地駐車場","34.771002","135.651766","https://btimes.jp/osaka/park/50186/"
"52150","ＵＲ寝屋川団地駐車場","34.770859","135.651511","https://btimes.jp/osaka/park/52150/"
"43460","ＵＲ寝屋川団地駐車場","34.773396","135.651541","https://btimes.jp/osaka/park/43460/"
"50187","ＵＲ寝屋川団地駐車場","34.773841","135.650301","https://btimes.jp/osaka/park/50187/"
"31668","星田団地　4号棟・5号棟・6号棟駐車場","34.767035","135.680466","https://btimes.jp/osaka/park/31668/"
"31703","星田団地　7号棟駐車場","34.767242","135.680368","https://btimes.jp/osaka/park/31703/"
"49238","シャンティ1駐車場","34.770877","135.681667","https://btimes.jp/osaka/park/49238/"
"55342","天野が原ミニパーキング","34.770842","135.681504","https://btimes.jp/osaka/park/55342/"
"36345","東香里園町9ー33珈琲専門店 木の実駐車場","34.77995","135.639397","https://btimes.jp/osaka/park/36345/"
"56264","ヘアーアートプライム駐車場","34.775353","135.686494","https://btimes.jp/osaka/park/56264/"
"56302","私部1丁目相馬駐車場","34.781765","135.685165","https://btimes.jp/osaka/park/56302/"
"60190","コーポエクセル駐車場","34.778616","135.67988","https://btimes.jp/osaka/park/60190/"
"42454","香里北之町駐車場","34.784166","135.633513","https://btimes.jp/osaka/park/42454/"
"52149","ＵＲ香里団地駐車場","34.785949","135.649376","https://btimes.jp/osaka/park/52149/"
"55340","グリーンタウン香里ヶ丘前駐車場","34.789915","135.644752","https://btimes.jp/osaka/park/55340/"
"47652","田中月極駐車場","34.798237","135.657433","https://btimes.jp/osaka/park/47652/"
"35969","メゾン・ド・山之上地下駐車場","34.793868","135.659791","https://btimes.jp/osaka/park/35969/"
"36750","シャトー甚駐車場","34.794265","135.657627","https://btimes.jp/osaka/park/36750/"
"31419","村野団地　A-1棟駐車場","34.79522","135.669071","https://btimes.jp/osaka/park/31419/"
"31453","村野団地　A-3・4棟駐車場","34.795022","135.668246","https://btimes.jp/osaka/park/31453/"
"30123","村野駅前第２駐車場","34.796701","135.669034","https://btimes.jp/osaka/park/30123/"
"65167","ＵＲ釈尊寺第2駐車場","34.791852","135.665975","https://btimes.jp/osaka/park/65167/"
"2126","村野駅前駐車場","34.796968","135.667242","https://btimes.jp/osaka/park/2126/"
"31438","村野団地　集会所前駐車場","34.794367","135.669304","https://btimes.jp/osaka/park/31438/"
"46254","サンフォレスト駐車場","34.79465","135.678376","https://btimes.jp/osaka/park/46254/"
"55337","サンエース津田元町４丁目駐車場","34.79968","135.702664","https://btimes.jp/osaka/park/55337/"
"55338","ビバリー駐車場","34.796499","135.735127","https://btimes.jp/osaka/park/55338/"
"55339","ビバリー駐車場","34.796499","135.735127","https://btimes.jp/osaka/park/55339/"
"58698","ビバリー駐車場","34.796499","135.735127","https://btimes.jp/osaka/park/58698/"
"45198","プリマベーラ駐車場","34.800002","135.627569","https://btimes.jp/osaka/park/45198/"
"28256","石本モータープール駐車場","34.807063","135.632991","https://btimes.jp/osaka/park/28256/"
"48478","カシオペア枚方上之町駐車場","34.806203","135.645443","https://btimes.jp/osaka/park/48478/"
"59673","枚方公園駐車場","34.808306","135.643033","https://btimes.jp/osaka/park/59673/"
"36687","ベルメゾン宮下駐車場","34.807861","135.657128","https://btimes.jp/osaka/park/36687/"
"60977","パナフェリカ駐車場","34.805896","135.652682","https://btimes.jp/osaka/park/60977/"
"693","枚方大垣内町第４駐車場","34.808066","135.656399","https://btimes.jp/osaka/park/693/"
"46844","ビレッジハウス星ヶ丘駐車場","34.805251","135.675097","https://btimes.jp/osaka/park/46844/"
"55336","サンエースくにみ坂駐車場","34.80182","135.707847","https://btimes.jp/osaka/park/55336/"
"58332","OPH枚方駅前駐車場","34.814107","135.651792","https://btimes.jp/osaka/park/58332/"
"58333","OPH枚方駅前駐車場","34.814107","135.651792","https://btimes.jp/osaka/park/58333/"
"45027","レシェンテ光洋東館駐車場","34.816412","135.654588","https://btimes.jp/osaka/park/45027/"
"45028","レシェンテ光洋駐車場","34.816284","135.65411","https://btimes.jp/osaka/park/45028/"
"53230","ヴォーグbt駐車場","34.815809","135.676319","https://btimes.jp/osaka/park/53230/"
"48236","野村北町31駐車場","34.809666","135.697176","https://btimes.jp/osaka/park/48236/"
"45026","メイキモータープール","34.816105","135.720953","https://btimes.jp/osaka/park/45026/"
"31546","下田部Ｂ団地駐車場","34.82484","135.626474","https://btimes.jp/osaka/park/31546/"
"47025","ＵＲ中宮第三団地駐車場","34.819695","135.662379","https://btimes.jp/osaka/park/47025/"
"53830","メロディーハイム御殿山駐車場","34.82473","135.654976","https://btimes.jp/osaka/park/53830/"
"30259","御殿山コーポC棟駐車場","34.82454","135.654352","https://btimes.jp/osaka/park/30259/"
"44511","渚南町７駐車場","34.820701","135.656851","https://btimes.jp/osaka/park/44511/"
"50185","ＵＲ中宮第三団地駐車場","34.821896","135.660283","https://btimes.jp/osaka/park/50185/"
"60613","グランマーサ駐車場","34.816815","135.66544","https://btimes.jp/osaka/park/60613/"
"65380","カーサドマーニ駐車場","34.818609","135.67133","https://btimes.jp/osaka/park/65380/"
"60854","ウインディアカリン駐車場","34.819568","135.678489","https://btimes.jp/osaka/park/60854/"
"60612","ウインディア交北駐車場","34.824969","135.676559","https://btimes.jp/osaka/park/60612/"
"62796","ヴァン・ベール駐車場	","34.817878","135.705274","https://btimes.jp/osaka/park/62796/"
"55471","藤駐車場","34.817311","135.718055","https://btimes.jp/osaka/park/55471/"
"45025","エクスペリエンス駐車場","34.817315","135.717703","https://btimes.jp/osaka/park/45025/"
"53231","メゾンニッケイ駐車場","34.823471","135.719074","https://btimes.jp/osaka/park/53231/"
"45732","長尾東町パーキング","34.817577","135.725241","https://btimes.jp/osaka/park/45732/"
"33051","下田部団地　14号棟駐車場","34.825437","135.627174","https://btimes.jp/osaka/park/33051/"
"31891","下田部団地　11号棟北側駐車場","34.826039","135.627135","https://btimes.jp/osaka/park/31891/"
"35277","ハイツクローネ駐車場","34.831933","135.635109","https://btimes.jp/osaka/park/35277/"
"32885","下田部団地　2号棟駐車場","34.826808","135.626133","https://btimes.jp/osaka/park/32885/"
"31895","下田部団地　8号棟北側駐車場","34.826534","135.626062","https://btimes.jp/osaka/park/31895/"
"31892","下田部団地　10号棟・11号棟西側駐車場","34.826531","135.626058","https://btimes.jp/osaka/park/31892/"
"31896","下田部団地　7号棟北側駐車場","34.826529","135.626056","https://btimes.jp/osaka/park/31896/"
"31894","下田部団地　集会所前駐車場","34.826527","135.626054","https://btimes.jp/osaka/park/31894/"
"63886","若松町5-4コーポ若松Ｂ棟駐車場","34.832692","135.632628","https://btimes.jp/osaka/park/63886/"
"32881","下田部団地　4号棟駐車場","34.826221","135.625595","https://btimes.jp/osaka/park/32881/"
"53541","若松町駐車場","34.830681","135.63258","https://btimes.jp/osaka/park/53541/"
"29762","丹家モータープール","34.832785","135.63616","https://btimes.jp/osaka/park/29762/"
"60191","渚東町駐車場","34.827583","135.667476","https://btimes.jp/osaka/park/60191/"
"46845","ビレッジハウス招提駐車場","34.830205","135.685846","https://btimes.jp/osaka/park/46845/"
"31667","招提団地　5号棟南側駐車場","34.829566","135.690445","https://btimes.jp/osaka/park/31667/"
"31681","招提団地　6号棟南側駐車場","34.829766","135.690547","https://btimes.jp/osaka/park/31681/"
"31699","招提団地　7号棟南側駐車場","34.830145","135.690564","https://btimes.jp/osaka/park/31699/"
"32888","招提団地　集会所駐車場","34.829398","135.689169","https://btimes.jp/osaka/park/32888/"
"31663","招提団地　2号棟北側駐車場","34.829662","135.68885","https://btimes.jp/osaka/park/31663/"
"31679","招提団地　1号棟北側駐車場","34.829837","135.688634","https://btimes.jp/osaka/park/31679/"
"31727","招提C団地　1号棟駐車場","34.83061","135.690722","https://btimes.jp/osaka/park/31727/"
"31301","GLP枚方3駐車場","34.825569","135.704494","https://btimes.jp/osaka/park/31301/"
"43723","ドリームライフ山口駐車場","34.863198","135.690841","https://btimes.jp/osaka/park/43723/"
"58018","ドリームライフ山口駐車場","34.863198","135.690841","https://btimes.jp/osaka/park/58018/"
"50405","ＵＲ男山団地駐車場","34.864527","135.69947","https://btimes.jp/kyoto/park/50405/"
"44076","カシオペア駐車場","34.861137","135.693024","https://btimes.jp/osaka/park/44076/"
"50759","カシオペア駐車場","34.861137","135.693024","https://btimes.jp/osaka/park/50759/"
"54600","ＵＲ男山団地駐車場","34.860043","135.700961","https://btimes.jp/kyoto/park/54600/"
"43463","ＵＲ男山団地駐車場","34.858629","135.700713","https://btimes.jp/kyoto/park/43463/"
"47029","ＵＲ男山団地駐車場","34.858387","135.702159","https://btimes.jp/kyoto/park/47029/"
"40133","離宮八幡宮 駐車場","34.888274","135.682299","https://btimes.jp/kyoto/park/40133/"
"53853","北船橋町８－１駐車場","34.852331","135.682494","https://btimes.jp/osaka/park/53853/"
"29710","シンセリティ山崎駐車場","34.887479","135.672206","https://btimes.jp/osaka/park/29710/"
"43459","ＵＲ若山台中央団地駐車場","34.887099","135.662309","https://btimes.jp/osaka/park/43459/"
"52147","ＵＲ若山台第４団地駐車場","34.887092","135.660907","https://btimes.jp/osaka/park/52147/"
"64054","ヴェルドミール芦田第二駐車場","34.845839","135.675176","https://btimes.jp/osaka/park/64054/"
"46203","ADMモータープール","34.846798","135.672111","https://btimes.jp/osaka/park/46203/"
"47055","牧野北町北村駐車場","34.846973","135.671201","https://btimes.jp/osaka/park/47055/"
"31452","牧野団地　7号棟・8号棟駐車場","34.845673","135.669132","https://btimes.jp/osaka/park/31452/"
"31450","牧野団地　6号棟駐車場","34.845715","135.668933","https://btimes.jp/osaka/park/31450/"
"32886","牧野団地　2号棟駐車場","34.845497","135.667686","https://btimes.jp/osaka/park/32886/"
"31451","牧野団地　10号棟駐車場","34.844591","135.668934","https://btimes.jp/osaka/park/31451/"
"65889","西牧野4-13西牧野小府道側第２パーキング駐車場","34.840775","135.665188","https://btimes.jp/osaka/park/65889/"
"65886","西牧野4-8-20西牧野小府道側パーキング駐車場","34.839436","135.665479","https://btimes.jp/osaka/park/65886/"
"46842","ビレッジハウス萩庄駐車場","34.853483","135.648511","https://btimes.jp/osaka/park/46842/"
"54454","淀駅前クリニック駐車場","34.902606","135.722353","https://btimes.jp/kyoto/park/54454/"
"60533","黄金野2丁目駐車場","34.833907","135.670263","https://btimes.jp/osaka/park/60533/"
"60534","三井ガーデンスクエア駐車場","34.833431","135.67022","https://btimes.jp/osaka/park/60534/"
"54499","友岡２丁目パーキングの6","34.914709","135.697904","https://btimes.jp/kyoto/park/54499/"
"52438","野田４丁目第３駐車場","34.846549","135.644826","https://btimes.jp/osaka/park/52438/"
"60801","天川新町駐車場","34.841253","135.640317","https://btimes.jp/osaka/park/60801/"
"35468","古曽部町3-273-2駐車場","34.858644","135.627576","https://btimes.jp/osaka/park/35468/"
"27946","メゾン高槻駐車場","34.846768","135.632805","https://btimes.jp/osaka/park/27946/"
"50492","タイムズマンスリー石清水八幡宮駅南第２","34.88094","135.702864","https://btimes.jp/kyoto/park/50492/"
"32104","八幡市役所前駐車場","34.871506","135.709479","https://btimes.jp/kyoto/park/32104/"
"33835","八幡吉野駐車場","34.879729","135.709308","https://btimes.jp/kyoto/park/33835/"
"3496","大山崎第３駐車場","34.889556","135.686259","https://btimes.jp/kyoto/park/3496/"
"52437","大山崎第１駐車場","34.889665","135.686053","https://btimes.jp/kyoto/park/52437/"
"53545","大山崎第２駐車場","34.889766","135.686674","https://btimes.jp/kyoto/park/53545/"
"53546","大山崎第４駐車場","34.890006","135.686669","https://btimes.jp/kyoto/park/53546/"
"66474","大山崎第３駐車場","34.890043","135.686702","https://btimes.jp/kyoto/park/66474/"
"31817","ソアヴィータ駐車場","34.877075","135.666955","https://btimes.jp/osaka/park/31817/"
"51946","枚方南船橋駐車場","34.845755","135.681202","https://btimes.jp/osaka/park/51946/"
"44512","養父元町駐車場","34.844077","135.675807","https://btimes.jp/osaka/park/44512/"
"45024","養父会館前駐車場","34.842985","135.676896","https://btimes.jp/osaka/park/45024/"
"45973","テラスハウス北駐車場","34.842311","135.677504","https://btimes.jp/osaka/park/45973/"
"52782","養父丘2丁目595-3駐車場","34.838465","135.683648","https://btimes.jp/osaka/park/52782/"
"54031","養父丘２丁目駐車場","34.838353","135.68429","https://btimes.jp/osaka/park/54031/"
"46153","養父丘駐車場","34.837613","135.681032","https://btimes.jp/osaka/park/46153/"
"28335","マンスリータイムズ西山天王山駅前駐車場","34.907947","135.692049","https://btimes.jp/kyoto/park/28335/"
"38560","淀本町ガレージ","34.903066","135.721737","https://btimes.jp/kyoto/park/38560/"
"42927","納所妙徳寺ガレージ","34.905903","135.72263","https://btimes.jp/kyoto/park/42927/"
"29709","Reeモータープール","34.855639","135.638645","https://btimes.jp/osaka/park/29709/"
"29743","Reeモータープール","34.855639","135.638645","https://btimes.jp/osaka/park/29743/"
"39592","Ｔ．Ｏモータープール","34.856513","135.637846","https://btimes.jp/osaka/park/39592/"
"35665","コーポ雲峯駐車場","34.855843","135.629127","https://btimes.jp/osaka/park/35665/"
"29699","トレンディア松原駐車場","34.848521","135.630426","https://btimes.jp/osaka/park/29699/"
"53555","日向町駐車場","34.835739","135.636581","https://btimes.jp/osaka/park/53555/"
"29715","八幡町中井モータープール","34.840085","135.628351","https://btimes.jp/osaka/park/29715/"
"29748","ラグザス高槻　北側駐車場","34.842901","135.625818","https://btimes.jp/osaka/park/29748/"
"29713","ラグザス高槻　南側駐車場","34.842715","135.625689","https://btimes.jp/osaka/park/29713/"
"29725","ラグザス高槻　南側駐車場","34.842715","135.625689","https://btimes.jp/osaka/park/29725/"
"33024","川島玉頭町24-3駐車場","34.972925","135.705448","https://btimes.jp/kyoto/park/33024/"
"52436","殿城駐車場","34.953813","135.717685","https://btimes.jp/kyoto/park/52436/"
"1407","中久世第１駐車場","34.95901","135.718353","https://btimes.jp/kyoto/park/1407/"
"57958","kグラウンド樋爪駐車場","34.930871","135.712442","https://btimes.jp/kyoto/park/57958/"
"48238","マッシュハイム駐車場","34.958968","135.731737","https://btimes.jp/kyoto/park/48238/"
"63702","アリビオ【普通車】","34.992165","135.692049","https://btimes.jp/kyoto/park/63702/"
"63703","アリビオ【軽専用】","34.992165","135.692049","https://btimes.jp/kyoto/park/63703/"
"48228","西日本JRバス京都営業所バス駐車場","34.975348","135.7313","https://btimes.jp/kyoto/park/48228/"
"48229","西日本JRバス京都営業所バス駐車場","34.975348","135.7313","https://btimes.jp/kyoto/park/48229/"
"43144","クリスタルグランツ京都西大路駐車場","34.970861","135.7385","https://btimes.jp/kyoto/park/43144/"
"58455","羽束師志水町207-17駐車場","34.92614","135.72847","https://btimes.jp/kyoto/park/58455/"
"54765","PINE COURT駐車場","34.961584","135.744214","https://btimes.jp/kyoto/park/54765/"
"44082","梅津前田町10-12駐車場","34.999975","135.695217","https://btimes.jp/kyoto/park/44082/"
"53559","平垣町駐車場","34.979388","135.738917","https://btimes.jp/kyoto/park/53559/"
"65474","Casa alegria siete駐車場","34.987969","135.738498","https://btimes.jp/kyoto/park/65474/"
"47770","ローソン京都南区役所前店駐車場","34.97213","135.749476","https://btimes.jp/kyoto/park/47770/"
"29127","西七条南東野町180駐車場","34.985148","135.741378","https://btimes.jp/kyoto/park/29127/"
"53557","八条町第２駐車場","34.981493","135.749626","https://btimes.jp/kyoto/park/53557/"
"42013","中堂寺北町駐車場","34.995123","135.745","https://btimes.jp/kyoto/park/42013/"
"47857","向日寺戸町駐車場","34.945426","135.703503","https://btimes.jp/kyoto/park/47857/"
"66476","中久世第３駐車場","34.954852","135.717764","https://btimes.jp/kyoto/park/66476/"
"42573","WESTPOINT駐車場","34.930384","135.69105","https://btimes.jp/kyoto/park/42573/"
"31946","七ツ池パーキング","34.925638","135.694261","https://btimes.jp/kyoto/park/31946/"
"47569","瑛琳館ガレージ","34.924227","135.701613","https://btimes.jp/kyoto/park/47569/"
"32868","マンスリー上桂前川町_軽駐車場","34.990122","135.700296","https://btimes.jp/kyoto/park/32868/"
"32864","マンスリー桂上野南町駐車場","34.990211","135.704474","https://btimes.jp/kyoto/park/32864/"
"40738","松室北河原町ガレージ","34.992957","135.695958","https://btimes.jp/kyoto/park/40738/"
"33768","西京極有本ガレージ","34.988054","135.719861","https://btimes.jp/kyoto/park/33768/"
"42540","西京極第２駐車場","34.993341","135.716869","https://btimes.jp/kyoto/park/42540/"
"25642","西大路八条駐車場","34.980848","135.733908","https://btimes.jp/kyoto/park/25642/"
"54766","PINE COURT駐車場","34.961584","135.744214","https://btimes.jp/kyoto/park/54766/"
"42106","唐橋平垣町パーキング駐車場","34.978015","135.738821","https://btimes.jp/kyoto/park/42106/"
"31471","京都九条病院南駐車場","34.973627","135.744333","https://btimes.jp/kyoto/park/31471/"
"53562","門脇町第２駐車場","34.980003","135.741051","https://btimes.jp/kyoto/park/53562/"
"53561","門脇町第１駐車場","34.979992","135.741193","https://btimes.jp/kyoto/park/53561/"
"38578","赤池ガレージ駐車場","34.943217","135.748393","https://btimes.jp/kyoto/park/38578/"
"65918","タイムズマンスリー唐橋花園町","34.97788","135.743657","https://btimes.jp/kyoto/park/65918/"
"47855","西九条豊田町駐車場","34.97265","135.746697","https://btimes.jp/kyoto/park/47855/"
"35272","横大路畔ノ内３１駐車場","34.919191","135.737823","https://btimes.jp/kyoto/park/35272/"
"54307","壬生八条南ガレージ","34.980255","135.749199","https://btimes.jp/kyoto/park/54307/"
"44408","ヘーベルメゾンマイ駐車場","34.997574","135.742234","https://btimes.jp/kyoto/park/44408/"
"58753","古御所北ガレージ","35.017292","135.714754","https://btimes.jp/kyoto/park/58753/"
"64535","KSパーク太秦","35.010008","135.700101","https://btimes.jp/kyoto/park/64535/"
"41035","和泉式部ガレージ","35.014532","135.715874","https://btimes.jp/kyoto/park/41035/"
"29450","太田駐車場","35.003204","135.697253","https://btimes.jp/kyoto/park/29450/"
"46976","フローラルコート平野神社前駐車場","35.029681","135.733603","https://btimes.jp/kyoto/park/46976/"
"45838","梅津林口町駐車場","35.001873","135.701488","https://btimes.jp/kyoto/park/45838/"
"32062","鷹峯光悦町24駐車場","35.0509","135.733658","https://btimes.jp/kyoto/park/32062/"
"35895","かけはしガレージ","35.036592","135.742051","https://btimes.jp/kyoto/park/35895/"
"35896","舟岡町バイク駐車場","35.036824","135.742201","https://btimes.jp/kyoto/park/35896/"
"35386","中京区西ノ京樋ノ口町113駐車場","35.005856","135.738603","https://btimes.jp/kyoto/park/35386/"
"60941","ウエストダックKT駐車場","35.063877","135.747066","https://btimes.jp/kyoto/park/60941/"
"41085","嵯峨嵐山駅前第２駐車場","35.017112","135.68416","https://btimes.jp/kyoto/park/41085/"
"65210","長尾町ガレージ","35.022122","135.712553","https://btimes.jp/kyoto/park/65210/"
"45543","マンスリー嵯峨野神ノ木町駐車場","35.011088","135.698224","https://btimes.jp/kyoto/park/45543/"
"64584","【軽自動車専用】KSパーク太秦","35.010052","135.700015","https://btimes.jp/kyoto/park/64584/"
"36234","立命館大学前第３駐車場","35.031686","135.730204","https://btimes.jp/kyoto/park/36234/"
"35929","嵯峨野芝野町駐車場","35.006121","135.70243","https://btimes.jp/kyoto/park/35929/"
"27944","梅北ガレージ駐車場","35.003482","135.70195","https://btimes.jp/kyoto/park/27944/"
"27950","梅北ガレージ駐車場","35.003482","135.70195","https://btimes.jp/kyoto/park/27950/"
"33790","紫野大徳寺町26-1駐車場","35.039706","135.74313","https://btimes.jp/kyoto/park/33790/"
"42103","タイムズ上七軒第２駐車場","35.025155","135.740726","https://btimes.jp/kyoto/park/42103/"
"45005","紫野泉堂町ガレージ駐車場","35.044585","135.743245","https://btimes.jp/kyoto/park/45005/"
"32933","TENKI駐車場","35.02775","135.744253","https://btimes.jp/kyoto/park/32933/"
"35770","鳳瑞町駐車場","35.017845","135.740566","https://btimes.jp/kyoto/park/35770/"
"55009","ヴィラサンシルク西大路駐車場","35.004034","135.733855","https://btimes.jp/kyoto/park/55009/"
"38421","タイムズ西賀茂車庫前駐車場","35.061543","135.747177","https://btimes.jp/kyoto/park/38421/"
"49884","二条ウエストサイド駐車場","35.008103","135.742607","https://btimes.jp/kyoto/park/49884/"
"35164","ＵＲ奈良青山一丁目団地駐車場","34.708089","135.834194","https://btimes.jp/nara/park/35164/"
"58282","法蓮町752駐車場","34.688756","135.823575","https://btimes.jp/nara/park/58282/"
"56496","ＵＲ奈良青山団地駐車場","34.704467","135.837905","https://btimes.jp/nara/park/56496/"
"45134","ＵＲ奈良青山団地駐車場","34.704762","135.837967","https://btimes.jp/nara/park/45134/"
"45135","ＵＲ奈良青山団地駐車場","34.704082","135.838742","https://btimes.jp/nara/park/45135/"
"54607","ＵＲ高の原駅東第二団地駐車場","34.718995","135.798851","https://btimes.jp/kyoto/park/54607/"
"47034","ＵＲ高の原駅東第二団地駐車場","34.719393","135.798584","https://btimes.jp/kyoto/park/47034/"
"46354","ホテル美松駐車場","34.676843","135.82903","https://btimes.jp/nara/park/46354/"
"65708","奈良大仏館 西側（バイク利用可）","34.678695","135.835424","https://btimes.jp/nara/park/65708/"
"65705","奈良大仏館 東側（バイク利用不可）","34.678711","135.835523","https://btimes.jp/nara/park/65705/"
"47033","ＵＲコンフォールかぶと台駐車場","34.724964","135.785923","https://btimes.jp/kyoto/park/47033/"
"55966","水原モータープール東","34.677875","135.793409","https://btimes.jp/nara/park/55966/"
"1680","ならまち勝南院町駐車場","34.675851","135.833069","https://btimes.jp/nara/park/1680/"
"56251","水原モータープール","34.677922","135.792614","https://btimes.jp/nara/park/56251/"
"54617","ＵＲコンフォールかぶと台駐車場","34.726409","135.784386","https://btimes.jp/kyoto/park/54617/"
"53886","ならまち　EAST　PARKING","34.671435","135.837158","https://btimes.jp/nara/park/53886/"
"47032","ＵＲ奈良・学園前団地駐車場","34.696772","135.755347","https://btimes.jp/nara/park/47032/"
"59725","ＵＲアミティ光台駐車場","34.741243","135.760016","https://btimes.jp/kyoto/park/59725/"
"3470","新大宮駅前第７　駐車場","34.682785","135.811129","https://btimes.jp/nara/park/3470/"
"3346","大和西大寺駅前第７駐車場","34.68807","135.784724","https://btimes.jp/nara/park/3346/"
"48471","ソファレ高畑駐車場","34.673374","135.843672","https://btimes.jp/nara/park/48471/"
"32770","マンスリータイムズ三山木駅前第２駐車場","34.79706","135.791567","https://btimes.jp/kyoto/park/32770/"
"64541","Famill Nakamura駐車場","34.797839","135.783462","https://btimes.jp/kyoto/park/64541/"
"64799","STUDIO-M柚ノ木駐車場","34.794591","135.780551","https://btimes.jp/kyoto/park/64799/"
"32418","第三駐車場","34.801607","135.78046","https://btimes.jp/kyoto/park/32418/"
"25557","同志社大学南駐車場","34.795206","135.776321","https://btimes.jp/kyoto/park/25557/"
"41236","興戸八木屋28駐車場","34.810295","135.776146","https://btimes.jp/kyoto/park/41236/"
"48176","アスティリア駐車場","34.811525","135.770931","https://btimes.jp/kyoto/park/48176/"
"63955","莵道門前31-3駐車場","34.894387","135.814524","https://btimes.jp/kyoto/park/63955/"
"42570","アヴァンセ一里山駐車場","34.872697","135.787432","https://btimes.jp/kyoto/park/42570/"
"42572","メゾン・ド・ラヴィーヌ駐車場","34.873755","135.785014","https://btimes.jp/kyoto/park/42572/"
"44743","BakeryCafe吉　駐車場","34.846972","135.788608","https://btimes.jp/kyoto/park/44743/"
"63640","BakeryCafe吉　駐車場","34.846972","135.788608","https://btimes.jp/kyoto/park/63640/"
"63641","BakeryCafe吉　駐車場","34.846972","135.788608","https://btimes.jp/kyoto/park/63641/"
"44423","郷之口向井24-1駐車場","34.852864","135.850803","https://btimes.jp/kyoto/park/44423/"
"50406","ＵＲ久御山団地駐車場","34.873468","135.761486","https://btimes.jp/kyoto/park/50406/"
"59150","【軽専用】ＫＳパーク城陽富野駐車場","34.840524","135.775916","https://btimes.jp/kyoto/park/59150/"
"59149","ＫＳパーク城陽富野駐車場","34.84052","135.775777","https://btimes.jp/kyoto/park/59149/"
"52161","ＵＲグリーンタウン槇島駐車場","34.912956","135.782265","https://btimes.jp/kyoto/park/52161/"
"56420","シェアリザイド宇治槇島駐車場","34.911475","135.779164","https://btimes.jp/kyoto/park/56420/"
"47027","ＵＲグリーンタウン槇島駐車場","34.912044","135.779123","https://btimes.jp/kyoto/park/47027/"
"63837","宇治橋通り第３（軽自動車専用）","34.885834","135.803556","https://btimes.jp/kyoto/park/63837/"
"42016","宇治橋東詰第３駐車場","34.889941","135.810401","https://btimes.jp/kyoto/park/42016/"
"35703","都倉病院前駐車場","34.892426","135.814144","https://btimes.jp/kyoto/park/35703/"
"55610","KSパーク宇治槇島","34.892626","135.804296","https://btimes.jp/kyoto/park/55610/"
"55611","KSパーク宇治槇島","34.892626","135.804296","https://btimes.jp/kyoto/park/55611/"
"42571","メゾン・ド・ラヴィーヌ駐車場","34.873755","135.785014","https://btimes.jp/kyoto/park/42571/"
"32076","宇治市広野町東裏122-12駐車場","34.870726","135.783866","https://btimes.jp/kyoto/park/32076/"
"35784","五ケ庄平野5番地駐車場","34.906539","135.808087","https://btimes.jp/kyoto/park/35784/"
"54601","ＵＲ久御山団地駐車場","34.876977","135.759816","https://btimes.jp/kyoto/park/54601/"
"54603","ＵＲグリーンタウン槇島駐車場","34.911543","135.77769","https://btimes.jp/kyoto/park/54603/"
"62470","醍醐西大路町72-3駐車場","34.946657","135.820042","https://btimes.jp/kyoto/park/62470/"
"54149","KSパーク山科大宅駐車場","34.96464","135.817437","https://btimes.jp/kyoto/park/54149/"
"52160","ＵＲ小栗栖北団地駐車場","34.942874","135.808205","https://btimes.jp/kyoto/park/52160/"
"43464","ＵＲ小栗栖北団地駐車場","34.940263","135.80579","https://btimes.jp/kyoto/park/43464/"
"59608","ＵＲ醍醐石田団地駐車場","34.933199","135.802407","https://btimes.jp/kyoto/park/59608/"
"43465","ＵＲ醍醐石田団地駐車場","34.93268","135.802124","https://btimes.jp/kyoto/park/43465/"
"43310","西林西駐車場","34.979884","135.820967","https://btimes.jp/kyoto/park/43310/"
"43639","宇治市木幡御蔵山月極駐車場","34.928405","135.808775","https://btimes.jp/kyoto/park/43639/"
"36012","JR藤森駅前駐車場","34.944853","135.779058","https://btimes.jp/kyoto/park/36012/"
"65519","北花山六反田町26-63駐車場","34.986465","135.804529","https://btimes.jp/kyoto/park/65519/"
"42023","山科区御陵天徳町20番地駐車場１","34.988408","135.814292","https://btimes.jp/kyoto/park/42023/"
"46414","安朱北屋敷町駐車場","34.988159","135.822781","https://btimes.jp/kyoto/park/46414/"
"47031","ＵＲ桃山南団地駐車場","34.921854","135.793412","https://btimes.jp/kyoto/park/47031/"
"66140","桃山南ショッピングセンター駐車場","34.921192","135.793118","https://btimes.jp/kyoto/park/66140/"
"64696","東山本町17丁目駐車場","34.973812","135.773458","https://btimes.jp/kyoto/park/64696/"
"47030","ＵＲ桃山南団地駐車場","34.921035","135.789339","https://btimes.jp/kyoto/park/47030/"
"60684","深草川久保町17-2駐車場","34.962038","135.765694","https://btimes.jp/kyoto/park/60684/"
"38897","桃山毛利長門東町34-95駐車場","34.932648","135.771753","https://btimes.jp/kyoto/park/38897/"
"51194","羽柴長吉西町駐車場","34.933069","135.768626","https://btimes.jp/kyoto/park/51194/"
"50404","ＵＲ観月橋団地駐車場","34.927162","135.771951","https://btimes.jp/kyoto/park/50404/"
"46787","向島ニュータウン第8駐車場","34.919126","135.780736","https://btimes.jp/kyoto/park/46787/"
"2505","向島ニュータウン第８駐車場","34.919047","135.780544","https://btimes.jp/kyoto/park/2505/"
"50568","柿木浜町駐車場","34.924708","135.766088","https://btimes.jp/kyoto/park/50568/"
"45860","ラヴィベール京都室町駐車場","34.979226","135.760869","https://btimes.jp/kyoto/park/45860/"
"30265","伏見区桃山町弾正島　南之荘駐車場","34.923365","135.766263","https://btimes.jp/kyoto/park/30265/"
"54266","中書島バス専用駐車場","34.922966","135.762105","https://btimes.jp/kyoto/park/54266/"
"54267","中書島バス専用駐車場","34.922966","135.762105","https://btimes.jp/kyoto/park/54267/"
"58688","西九条東比永城町73-1東比永ガレージ駐車場","34.975312","135.753555","https://btimes.jp/kyoto/park/58688/"
"62841","西九条東比永城町73-1東比叡ガレージ駐車場6","34.975347","135.753528","https://btimes.jp/kyoto/park/62841/"
"33178","伏見区南寝小屋町３３駐車場","34.93355","135.753732","https://btimes.jp/kyoto/park/33178/"
"43390","京都駅前　さんてつ駐車場","34.98548","135.758755","https://btimes.jp/kyoto/park/43390/"
"58291","京都駅前　さんてつ駐車場","34.98548","135.758755","https://btimes.jp/kyoto/park/58291/"
"62692","日本車庫アパホテル〈京都駅堀川通〉駐車場","34.983311","135.756388","https://btimes.jp/kyoto/park/62692/"
"53542","小寺町駐車場","34.981417","135.752998","https://btimes.jp/kyoto/park/53542/"
"55012","大宮八条第４駐輪場","34.981386","135.751882","https://btimes.jp/kyoto/park/55012/"
"54967","坊門町第１駐車場","34.981526","135.751407","https://btimes.jp/kyoto/park/54967/"
"54964","八条町第３駐車場","34.981581","135.750836","https://btimes.jp/kyoto/park/54964/"
"54962","八条町第１駐車場","34.98163","135.75016","https://btimes.jp/kyoto/park/54962/"
"48438","上柳町駐車場","34.997989","135.763228","https://btimes.jp/kyoto/park/48438/"
"7948","ルーシア四条烏丸駐車場","34.996229","135.759553","https://btimes.jp/kyoto/park/7948/"
"35750","地下鉄石田駅前駐車場","34.937195","135.807444","https://btimes.jp/kyoto/park/35750/"
"52439","山科東野駐車場","34.97778","135.81886","https://btimes.jp/kyoto/park/52439/"
"53544","西山科第２駐車場","34.977982","135.809994","https://btimes.jp/kyoto/park/53544/"
"43638","宇治市木幡御蔵山月極駐車場","34.928405","135.808775","https://btimes.jp/kyoto/park/43638/"
"35285","山科区竹鼻木ノ本町22-3駐車場","34.98418","135.82203","https://btimes.jp/kyoto/park/35285/"
"49565","ブランシェ御陵駐車場","34.987376","135.806832","https://btimes.jp/kyoto/park/49565/"
"35048","タイムズ四宮駅前第２駐車場","34.987227","135.826999","https://btimes.jp/kyoto/park/35048/"
"44306","山科区御陵天徳町２駐車場","34.988637","135.813996","https://btimes.jp/kyoto/park/44306/"
"38983","山科駅第9駐車場","34.988851","135.822486","https://btimes.jp/kyoto/park/38983/"
"42360","タイムズマンスリー御陵天徳町第１駐車場","34.989865","135.812669","https://btimes.jp/kyoto/park/42360/"
"45541","御陵天徳町第２駐車場","34.989951","135.812222","https://btimes.jp/kyoto/park/45541/"
"40799","伏見稲荷大社前駐車場","34.963115","135.773905","https://btimes.jp/kyoto/park/40799/"
"50418","伏見稲荷駅前駐車場","34.965812","135.76945","https://btimes.jp/kyoto/park/50418/"
"43466","ＵＲ桃山南団地駐車場","34.922012","135.788622","https://btimes.jp/kyoto/park/43466/"
"58243","KSパーク墨染第２駐車場","34.942171","135.769064","https://btimes.jp/kyoto/park/58243/"
"32621","両替町12丁目224-1駐車場","34.938464","135.766898","https://btimes.jp/kyoto/park/32621/"
"33292","大石橋第３駐車場","34.975212","135.765096","https://btimes.jp/kyoto/park/33292/"
"25638","東山五条第３駐車場","34.990245","135.779244","https://btimes.jp/kyoto/park/25638/"
"31017","東山五条第３駐車場","34.990245","135.779244","https://btimes.jp/kyoto/park/31017/"
"50012","タイムハウス十条新町駐車場","34.971138","135.759867","https://btimes.jp/kyoto/park/50012/"
"36879","笠置屋東堺町駐車場","34.934356","135.76189","https://btimes.jp/kyoto/park/36879/"
"52694","マンスリーバイク京都駅東","34.983658","135.765234","https://btimes.jp/kyoto/park/52694/"
"47856","近鉄十条駅前第2駐車場","34.970804","135.75611","https://btimes.jp/kyoto/park/47856/"
"33254","タイムズカー五条河原町店駐車場","34.993017","135.768217","https://btimes.jp/kyoto/park/33254/"
"53537","戒光寺第２駐車場","34.981425","135.754203","https://btimes.jp/kyoto/park/53537/"
"53538","戒光寺駐車場","34.981427","135.753942","https://btimes.jp/kyoto/park/53538/"
"60058","大宮八条第５月極駐車場","34.981332","135.751622","https://btimes.jp/kyoto/park/60058/"
"54968","坊門町第３駐車場","34.981352","135.75117","https://btimes.jp/kyoto/park/54968/"
"49395","西洞院五条","34.992251","135.75892","https://btimes.jp/kyoto/park/49395/"
"43261","若宮通り松原下る亀屋町40駐車場","34.995156","135.758746","https://btimes.jp/kyoto/park/43261/"
"50467","室町高辻第２","34.997122","135.760865","https://btimes.jp/kyoto/park/50467/"
"52140","中堂寺ガレ－ジ","34.991525","135.750138","https://btimes.jp/kyoto/park/52140/"
"36198","山端柳ケ坪町51-1駐車場","35.046286","135.793318","https://btimes.jp/kyoto/park/36198/"
"45302","宝ヶ池駐車場","35.05491","135.795338","https://btimes.jp/kyoto/park/45302/"
"39850","ソノーレ駐車場","35.031289","135.786522","https://btimes.jp/kyoto/park/39850/"
"30175","松ケ崎堂ノ上町3-10駐車場","35.044553","135.781119","https://btimes.jp/kyoto/park/30175/"
"54130","シャーメゾン中大鷺駐車場","35.060419","135.790067","https://btimes.jp/kyoto/park/54130/"
"45780","岩倉三宅町419駐車場","35.064626","135.795839","https://btimes.jp/kyoto/park/45780/"
"31296","左京区吉田泉殿町　オフスピリット駐車場","35.023961","135.779694","https://btimes.jp/kyoto/park/31296/"
"58172","岡崎天王町49-5駐車場","35.012897","135.790394","https://btimes.jp/kyoto/park/58172/"
"35342","滋賀里1丁目3-13駐車場","35.038733","135.859472","https://btimes.jp/shiga/park/35342/"
"44957","岩倉駐車場","35.068095","135.788697","https://btimes.jp/kyoto/park/44957/"
"64947","錦織２丁目４－２ブランベージュ錦織駐車場","35.02747","135.859717","https://btimes.jp/shiga/park/64947/"
"60512","見世二丁目駐車場","35.03878","135.862912","https://btimes.jp/shiga/park/60512/"
"43695","錦織3-5駐車場","35.025036","135.862659","https://btimes.jp/shiga/park/43695/"
"46006","大津柳川二丁目駐車場","35.028563","135.864433","https://btimes.jp/shiga/park/46006/"
"65238","上賀茂榊田町5番地駐車場","35.051521","135.767208","https://btimes.jp/kyoto/park/65238/"
"1856","唐崎駐車場","35.045885","135.868856","https://btimes.jp/shiga/park/1856/"
"35401","タイムズびわこボートレース場前併設駐車場		","35.016004","135.862746","https://btimes.jp/shiga/park/35401/"
"8086","古都パーキング","35.001334","135.768547","https://btimes.jp/kyoto/park/8086/"
"8084","六角堂南駐車場","35.004037","135.763359","https://btimes.jp/kyoto/park/8084/"
"8143","ONEST京都烏丸スクエア","35.003469","135.762669","https://btimes.jp/kyoto/park/8143/"
"52762","第12長谷ビル駐車場","35.003162","135.761671","https://btimes.jp/kyoto/park/52762/"
"54308","一乗寺釈迦堂町ガレージ","35.040984","135.797012","https://btimes.jp/kyoto/park/54308/"
"33704","樋ノ口パーキング","35.03722","135.795623","https://btimes.jp/kyoto/park/33704/"
"42898","上高野薩田町ガレージ","35.061541","135.794991","https://btimes.jp/kyoto/park/42898/"
"30258","左京区岩倉西五田町　岩倉第二ガレージ駐車場","35.061347","135.781291","https://btimes.jp/kyoto/park/30258/"
"48860","リレイシャン志賀駐車場","35.03096","135.863155","https://btimes.jp/shiga/park/48860/"
"39354","ＨＯＴＥＬ　ＭＡＳＴＡＹ神宮道駐車場","35.00642","135.785876","https://btimes.jp/kyoto/park/39354/"
"57728","パークコート大津ANNEX駐車場","35.029965","135.864264","https://btimes.jp/shiga/park/57728/"
"1854","柳川駐車場","35.028327","135.864577","https://btimes.jp/shiga/park/1854/"
"1855","蓮池駐車場","35.043857","135.866606","https://btimes.jp/shiga/park/1855/"
"45529","烏丸北大路第二駐車場","35.042534","135.7632","https://btimes.jp/kyoto/park/45529/"
"663","北大路駅北駐車場","35.043893","135.759172","https://btimes.jp/kyoto/park/663/"
"59479","ＫＳパーク紫野","35.040187","135.755646","https://btimes.jp/kyoto/park/59479/"
"705","マンスリータイムズ大津日赤前駐車場","35.004185","135.860557","https://btimes.jp/shiga/park/705/"
"56303","大津日赤前月極駐車場","35.004615","135.862817","https://btimes.jp/shiga/park/56303/"
"34875","マンスリー紫竹下緑町駐車場","35.04623","135.750248","https://btimes.jp/kyoto/park/34875/"
"60643","サンシャイン奥田駐車場","34.968663","135.931286","https://btimes.jp/shiga/park/60643/"
"65098","大江7-14-10ミモザコート駐車場","34.971061","135.934175","https://btimes.jp/shiga/park/65098/"
"61021","サンライズ森神II駐車場","34.969263","135.927855","https://btimes.jp/shiga/park/61021/"
"46834","ビレッジハウス瀬田駐車場","34.970535","135.922406","https://btimes.jp/shiga/park/46834/"
"61157","サンライズ森神駐車場","34.973611","135.925755","https://btimes.jp/shiga/park/61157/"
"55626","エイコーンガレージ","34.978115","135.935291","https://btimes.jp/shiga/park/55626/"
"60425","サンパレス駐車場","34.946632","135.912907","https://btimes.jp/shiga/park/60425/"
"60448","エクセルシオール滋賀駐車場","34.979177","135.949303","https://btimes.jp/shiga/park/60448/"
"48209","シマダ駐車場","34.963722","135.911517","https://btimes.jp/shiga/park/48209/"
"30528","大津市月輪３丁目　サンハイツセタ駐車場","34.981071","135.943054","https://btimes.jp/shiga/park/30528/"
"43951","池田ガレージ","34.977133","135.922016","https://btimes.jp/shiga/park/43951/"
"55400","孫八ガレージ駐車場","34.96906","135.912072","https://btimes.jp/shiga/park/55400/"
"30550","大津市一里山３丁目　くきの駐車場","34.981849","135.934776","https://btimes.jp/shiga/park/30550/"
"60793","ライズワールドIHARA駐車場","34.980626","135.95293","https://btimes.jp/shiga/park/60793/"
"53968","ラコート南笠駐車場","34.981308","135.950746","https://btimes.jp/shiga/park/53968/"
"30530","大津市月輪３丁目　ハイツサントピア駐車場","34.98271","135.940192","https://btimes.jp/shiga/park/30530/"
"62720","きんぞうパーキング（軽）","34.972479","135.912939","https://btimes.jp/shiga/park/62720/"
"62719","きんぞうパーキング","34.972513","135.91289","https://btimes.jp/shiga/park/62719/"
"62703","ラヴィニアキタムラ駐車場","34.983479","135.949181","https://btimes.jp/shiga/park/62703/"
"62429","UCD-I駐車場","34.984729","135.94525","https://btimes.jp/shiga/park/62429/"
"32557","大津市月輪2-6-9　サークルキューブ２駐車場","34.984808","135.936192","https://btimes.jp/shiga/park/32557/"
"60885","MODERNO　Minamikusats駐車場","34.981344","135.958596","https://btimes.jp/shiga/park/60885/"
"42224","瀬田川パーキング","34.97827","135.913203","https://btimes.jp/shiga/park/42224/"
"30562","大津市大萱３丁目　パストラル瀬田駐車場","34.984322","135.922719","https://btimes.jp/shiga/park/30562/"
"62709","トライアル滋賀大津店駐車場","34.978594","135.912157","https://btimes.jp/shiga/park/62709/"
"52992","クッキィーAパーキング","34.988157","135.937392","https://btimes.jp/shiga/park/52992/"
"31875","月輪1-11-8　シビマンション駐車場","34.988832","135.937654","https://btimes.jp/shiga/park/31875/"
"59905","U.C.D-V駐車場","34.988893","135.949551","https://btimes.jp/shiga/park/59905/"
"30539","大津市大将軍１丁目　ハイツイナブＡ駐車場","34.989239","135.929192","https://btimes.jp/shiga/park/30539/"
"64373","レイクシャトーKYOWA駐車場","34.988389","135.955412","https://btimes.jp/shiga/park/64373/"
"40055","ＵＲ石山団地駐車場","34.94746","135.896158","https://btimes.jp/shiga/park/40055/"
"36156","北大路2丁目第一駐車場","34.971208","135.899214","https://btimes.jp/shiga/park/36156/"
"60449","梨桃２番館駐車場","34.990886","135.956151","https://btimes.jp/shiga/park/60449/"
"30522","大津市大萱７丁目　クッキィーVI駐車場","34.990656","135.922775","https://btimes.jp/shiga/park/30522/"
"56019","サンガーデン南草津駐車場","34.992301","135.953371","https://btimes.jp/shiga/park/56019/"
"56220","大津市大萱７丁目　殿田パーキング","34.99149","135.923313","https://btimes.jp/shiga/park/56220/"
"57746","セヴェルSeta III 駐車場","34.989543","135.917373","https://btimes.jp/shiga/park/57746/"
"62483","メゾン玉川フカオ駐車場","34.990472","135.961371","https://btimes.jp/shiga/park/62483/"
"59004","アストラル瀬田駐車場","34.992137","135.92328","https://btimes.jp/shiga/park/59004/"
"65002","南草津プリムタウン．P駐車場","34.997379","135.94251","https://btimes.jp/shiga/park/65002/"
"63838","ライラック駐車場","34.995874","135.96164","https://btimes.jp/shiga/park/63838/"
"44321","クォーレ南草津駐車場","34.997132","135.962698","https://btimes.jp/shiga/park/44321/"
"59574","ＵＲ膳所公園団地駐車場","34.988491","135.896808","https://btimes.jp/shiga/park/59574/"
"47028","ＵＲ膳所公園団地駐車場","34.988543","135.895611","https://btimes.jp/shiga/park/47028/"
"56304","膳所１丁目駐車場","34.990612","135.892598","https://btimes.jp/shiga/park/56304/"
"45863","木下町パーキング","34.99505","135.894553","https://btimes.jp/shiga/park/45863/"
"53114","UniE‘meal南草津駐車場","34.97966","135.948895","https://btimes.jp/shiga/park/53114/"
"32531","大津市月輪3-22-5　サンパティーク駐車場","34.980749","135.942772","https://btimes.jp/shiga/park/32531/"
"53969","ラコート南笠駐車場","34.981308","135.950746","https://btimes.jp/shiga/park/53969/"
"30558","大津市一里山３丁目　ハイツ北村駐車場","34.983488","135.935831","https://btimes.jp/shiga/park/30558/"
"49256","クッキー月輪2駐車場","34.984506","135.935959","https://btimes.jp/shiga/park/49256/"
"43073","タイムズ石山商店街前駐車場","34.974371","135.90483","https://btimes.jp/shiga/park/43073/"
"36178","北大路2丁目第二駐車場","34.971099","135.899281","https://btimes.jp/shiga/park/36178/"
"30519","大津市大萱６丁目　ハイツ阪口駐車場","34.988878","135.918914","https://btimes.jp/shiga/park/30519/"
"36315","野村8丁目駐車場","35.028444","135.959189","https://btimes.jp/shiga/park/36315/"
"32823","中沢駐車場","35.021907","135.972623","https://btimes.jp/shiga/park/32823/"
"32824","中沢駐車場","35.021907","135.972623","https://btimes.jp/shiga/park/32824/"
"65860","【前進駐車】IKガレージ","35.010547","135.962295","https://btimes.jp/shiga/park/65860/"
"65861","【前進駐車】IKガレージ（コンパクトカー以下）","35.010543","135.962301","https://btimes.jp/shiga/park/65861/"
"60581","UCD-ARROW駐車場","35.007912","135.956762","https://btimes.jp/shiga/park/60581/"
"57783","野路町432駐車場","35.004715","135.944123","https://btimes.jp/shiga/park/57783/"
"44084","メゾンドフォレスト駐車場","35.026373","135.979681","https://btimes.jp/shiga/park/44084/"
"39770","アドザックス栗東B駐車場","35.0314","135.983103","https://btimes.jp/shiga/park/39770/"
"39769","アドザックス栗東A駐車場","35.031578","135.983206","https://btimes.jp/shiga/park/39769/"
"65952","矢倉小前パーキング","35.002605","135.953148","https://btimes.jp/shiga/park/65952/"
"65953","矢倉小前パーキング","35.002605","135.953148","https://btimes.jp/shiga/park/65953/"
"33196","草津団地駐車場","35.008753","135.968123","https://btimes.jp/shiga/park/33196/"
"45254","アメニティRITTO駐車場","35.033679","135.987542","https://btimes.jp/shiga/park/45254/"
"44844","栗東市坊袋250-1駐車場","35.018057","135.983479","https://btimes.jp/shiga/park/44844/"
"38315","コメリパワー栗東店駐車場","35.023992","135.9926","https://btimes.jp/shiga/park/38315/"
"38881","下阪本５丁目１１－４駐車場","35.061546","135.881951","https://btimes.jp/shiga/park/38881/"
"61508","坂本三丁目駐車場","35.06763","135.877543","https://btimes.jp/shiga/park/61508/"
"36546","アルページュ草津駐車場","35.018251","135.950691","https://btimes.jp/shiga/park/36546/"
"33226","サンホームズ草津駐車場","35.030265","135.966444","https://btimes.jp/shiga/park/33226/"
"54000","ブライトンパーク駐車場","35.023877","135.968223","https://btimes.jp/shiga/park/54000/"
"46151","草津3丁目駐車場","35.011642","135.961188","https://btimes.jp/shiga/park/46151/"
"29926","ＪＲ栗東駅西口駐車場","35.032672","135.979858","https://btimes.jp/shiga/park/29926/"
"47860","小柿6丁目駐車場","35.018198","135.972107","https://btimes.jp/shiga/park/47860/"
"52006","KNKレジデンス南草津駐車場","35.001485","135.942136","https://btimes.jp/shiga/park/52006/"
"33840","マンスリー守山勝部５丁目駐車場","35.042332","135.997153","https://btimes.jp/shiga/park/33840/"
"50419","守山勝部５丁目","35.042262","135.997239","https://btimes.jp/shiga/park/50419/"
"45086","岡村歯科駐車場","35.047909","135.996921","https://btimes.jp/shiga/park/45086/"
"45087","岡村歯科駐車場","35.047909","135.996921","https://btimes.jp/shiga/park/45087/"
"33457","コメリ堅田店駐車場","35.120635","135.925153","https://btimes.jp/shiga/park/33457/"
"50767","タウンロード駐車場","35.119787","135.925156","https://btimes.jp/shiga/park/50767/"
"50874","タウンロード駐車場","35.119787","135.925156","https://btimes.jp/shiga/park/50874/"
"1858","堅田第二駐車場","35.125419","135.923003","https://btimes.jp/shiga/park/1858/"
"1857","堅田駐車場","35.123973","135.922364","https://btimes.jp/shiga/park/1857/"
"1859","小野駐車場","35.133643","135.925087","https://btimes.jp/shiga/park/1859/"
"38665","木浜町3600駐車場","35.101874","135.946978","https://btimes.jp/shiga/park/38665/"
"52051","仰木の里東駐車場","35.096714","135.898042","https://btimes.jp/shiga/park/52051/"
"43567","向陽駐車場","34.638928","135.065361","https://btimes.jp/hyogo/park/43567/"
"41214","福田3丁目3-1駐車場","34.639786","135.068256","https://btimes.jp/hyogo/park/41214/"
"56595","ＵＲ上高丸団地駐車場","34.639393","135.058532","https://btimes.jp/hyogo/park/56595/"
"52163","ＵＲ上高丸団地駐車場","34.63963","135.056769","https://btimes.jp/hyogo/park/52163/"
"51213","東垂水南住宅駐車場","34.639079","135.077407","https://btimes.jp/hyogo/park/51213/"
"51214","東垂水南住宅駐車場","34.639458","135.077261","https://btimes.jp/hyogo/park/51214/"
"51215","東垂水南住宅駐車場","34.639835","135.076872","https://btimes.jp/hyogo/park/51215/"
"51216","東垂水南住宅駐車場","34.639342","135.078126","https://btimes.jp/hyogo/park/51216/"
"27673","星が丘駐車場","34.640606","135.053867","https://btimes.jp/hyogo/park/27673/"
"59378","東垂水住宅駐車場","34.641054","135.076036","https://btimes.jp/hyogo/park/59378/"
"53618","東垂水住宅駐車場","34.640987","135.076508","https://btimes.jp/hyogo/park/53618/"
"53617","東垂水住宅駐車場","34.641349","135.076364","https://btimes.jp/hyogo/park/53617/"
"30557","リッツ舞子台駐車場","34.63187","135.035614","https://btimes.jp/hyogo/park/30557/"
"53804","ＵＲグリーンヒルズ東舞子駐車場","34.637179","135.03849","https://btimes.jp/hyogo/park/53804/"
"48563","西舞子2丁目1311-１駐車場","34.635341","135.032299","https://btimes.jp/hyogo/park/48563/"
"53803","ＵＲ新多聞団地駐車場","34.654245","135.054208","https://btimes.jp/hyogo/park/53803/"
"43477","ＵＲ多聞台団地駐車場","34.658414","135.042214","https://btimes.jp/hyogo/park/43477/"
"59547","ＵＲ明石舞子団地駐車場","34.644697","135.022128","https://btimes.jp/hyogo/park/59547/"
"31062","公社神陵台特別住宅駐車場","34.660637","135.038407","https://btimes.jp/hyogo/park/31062/"
"32968","東町2丁目駐車場","34.649482","135.019259","https://btimes.jp/hyogo/park/32968/"
"46755","ハイツニシキ駐車場","34.655493","135.019341","https://btimes.jp/hyogo/park/46755/"
"31055","公社伊川谷住宅駐車場","34.663393","135.021814","https://btimes.jp/hyogo/park/31055/"
"43573","公社伊川谷住宅駐車場","34.663576","135.021927","https://btimes.jp/hyogo/park/43573/"
"27413","右手塚駐車場","34.644487","135.00309","https://btimes.jp/hyogo/park/27413/"
"55787","太寺NK駐車場","34.651447","135.004098","https://btimes.jp/hyogo/park/55787/"
"44849","シャーメゾン上ノ丸駐車場","34.649429","135.000926","https://btimes.jp/hyogo/park/44849/"
"42119","セジュール垂水イースト駐車場","34.633528","135.063182","https://btimes.jp/hyogo/park/42119/"
"27652","山陽塩屋駐車場","34.63015","135.08422","https://btimes.jp/hyogo/park/27652/"
"46752","コリーヌ塩屋駐車場","34.636775","135.082616","https://btimes.jp/hyogo/park/46752/"
"51217","東垂水南住宅駐車場","34.63973","135.077843","https://btimes.jp/hyogo/park/51217/"
"48726","徳本モータープール","34.640687","135.031099","https://btimes.jp/hyogo/park/48726/"
"40056","ＵＲ多聞台団地駐車場","34.657108","135.045307","https://btimes.jp/hyogo/park/40056/"
"33839","須磨浦通６丁目駐車場","34.638254","135.11009","https://btimes.jp/hyogo/park/33839/"
"31081","公社明舞北住宅駐車場","34.657381","135.034492","https://btimes.jp/hyogo/park/31081/"
"30339","シーサイドハウス千鳥駐車場","34.639466","135.118803","https://btimes.jp/hyogo/park/30339/"
"32105","マンスリータイムズ明石人丸前駐車場","34.643562","135.004525","https://btimes.jp/hyogo/park/32105/"
"27412","右手塚駐車場","34.644308","135.00419","https://btimes.jp/hyogo/park/27412/"
"32803","明石太寺駐車場","34.650768","135.002688","https://btimes.jp/hyogo/park/32803/"
"32967","伊川谷町３駐車場","34.656121","135.004568","https://btimes.jp/hyogo/park/32967/"
"33382","コメリ吉備店駐車場","34.03836","135.196742","https://btimes.jp/wakayama/park/33382/"
"46857","ビレッジハウス湯浅駐車場","34.032774","135.174852","https://btimes.jp/wakayama/park/46857/"
"57782","宇須1丁目365番地駐車場","34.208216","135.176689","https://btimes.jp/wakayama/park/57782/"
"60312","宇須駐車場","34.208001","135.17599","https://btimes.jp/wakayama/park/60312/"
"45433","三沢町3-17夢ガレージ駐車場","34.216885","135.186407","https://btimes.jp/wakayama/park/45433/"
"52851","三沢町駐車場","34.216983","135.186661","https://btimes.jp/wakayama/park/52851/"
"56466","三沢駐車場","34.217083","135.186585","https://btimes.jp/wakayama/park/56466/"
"32696","マンスリー和歌山田中町駐車場","34.225695","135.190842","https://btimes.jp/wakayama/park/32696/"
"46859","ビレッジハウス紀三井寺駐車場","34.167815","135.203241","https://btimes.jp/wakayama/park/46859/"
"46858","ビレッジハウス紀三井寺駐車場","34.167307","135.20297","https://btimes.jp/wakayama/park/46858/"
"41325","ミノスケパーキング和歌山北ノ新地 駐車場","34.227636","135.187724","https://btimes.jp/wakayama/park/41325/"
"59550","和歌山城公園北六番丁駐車場","34.227002","135.176737","https://btimes.jp/wakayama/park/59550/"
"59551","和歌山城公園北六番丁駐車場","34.227002","135.176737","https://btimes.jp/wakayama/park/59551/"
"57670","ビレッジハウス鳴滝駐車場","34.263293","135.188494","https://btimes.jp/wakayama/park/57670/"
"57671","ビレッジハウス鳴滝駐車場","34.261388","135.18754","https://btimes.jp/wakayama/park/57671/"
"52447","ドラッグセイムス岬淡輪店駐車場","34.32511","135.182623","https://btimes.jp/osaka/park/52447/"
"33498","コメリパワー和歌山ＩＣ店駐車場","34.252793","135.232782","https://btimes.jp/wakayama/park/33498/"
"39364","KSパーク丸山駐車場","34.313078","135.130175","https://btimes.jp/osaka/park/39364/"
"59264","ビレッジハウス鳴滝駐車場","34.26434","135.188764","https://btimes.jp/wakayama/park/59264/"
"28336","マンスリータイムズ箱作駅前駐車場","34.337784","135.214455","https://btimes.jp/osaka/park/28336/"
"28338","マンスリータイムズ箱作駅前駐車場","34.337784","135.214455","https://btimes.jp/osaka/park/28338/"
"60819","エスペランサ神戸駐車場【時間制限あり、夜間留め置き不可、空港利用の方は現地管理事務所へご連絡ください】","34.647858","135.22913","https://btimes.jp/hyogo/park/60819/"
"36319","サンタウン西代駐車場","34.657772","135.145878","https://btimes.jp/hyogo/park/36319/"
"54351","須磨若木町駐車場","34.649663","135.12722","https://btimes.jp/hyogo/park/54351/"
"30361","五位ノ池北駐車場（2F）","34.663828","135.139535","https://btimes.jp/hyogo/park/30361/"
"43468","ＵＲグリーンヒルズ鷹取駐車場","34.665731","135.139226","https://btimes.jp/hyogo/park/43468/"
"48272","禅昌寺1丁目駐車場","34.6644","135.13288","https://btimes.jp/hyogo/park/48272/"
"49258","禅昌寺1丁目第3駐車場","34.665886","135.132602","https://btimes.jp/hyogo/park/49258/"
"39919","浜山通4-1-14駐車場","34.651373","135.175318","https://btimes.jp/hyogo/park/39919/"
"39251","御崎町１丁目駐車場","34.654339","135.17021","https://btimes.jp/hyogo/park/39251/"
"32106","苅藻通６丁目駐車場","34.651183","135.158426","https://btimes.jp/hyogo/park/32106/"
"48725","西川モータープール","34.653302","135.161207","https://btimes.jp/hyogo/park/48725/"
"48727","西川モータープール","34.653302","135.161207","https://btimes.jp/hyogo/park/48727/"
"40348","北逆瀬川町駐車場","34.66495","135.174641","https://btimes.jp/hyogo/park/40348/"
"27285","サンタウン西代駐車場","34.65804","135.145595","https://btimes.jp/hyogo/park/27285/"
"2391","須磨磯馴町第５駐車場","34.644452","135.13251","https://btimes.jp/hyogo/park/2391/"
"29144","コーポ衣掛駐車場","34.642257","135.131246","https://btimes.jp/hyogo/park/29144/"
"32875","マンスリー須磨堀池町駐車場","34.650709","135.130103","https://btimes.jp/hyogo/park/32875/"
"30937","北町２丁目１駐車場","34.646948","135.127279","https://btimes.jp/hyogo/park/30937/"
"25706","ルミディオ東須磨駐車場","34.654322","135.131353","https://btimes.jp/hyogo/park/25706/"
"61422","神撫町清原パーキング","34.664961","135.131928","https://btimes.jp/hyogo/park/61422/"
"33344","コメリパワー岩出店駐車場","34.259824","135.332086","https://btimes.jp/wakayama/park/33344/"
"40694","マンスリー一丘口第１パーキング駐車場","34.366612","135.289617","https://btimes.jp/osaka/park/40694/"
"35367","サウスウインド駐車場","34.388766","135.295283","https://btimes.jp/osaka/park/35367/"
"65007","グリーンモータープール","34.355794","135.283302","https://btimes.jp/osaka/park/65007/"
"32423","青葉台1丁目15-12駐車場","34.395314","135.341097","https://btimes.jp/osaka/park/32423/"
"45770","信達牧野544駐車場","34.355814","135.279525","https://btimes.jp/osaka/park/45770/"
"47350","宇賀徳ガレージ駐車場","34.405833","135.313758","https://btimes.jp/osaka/park/47350/"
"31713","熊取団地駐車場","34.385139","135.357603","https://btimes.jp/osaka/park/31713/"
"45830","希望が丘4-12-26駐車場","34.402658","135.366292","https://btimes.jp/osaka/park/45830/"
"50510","リヴェルテ駐車場","34.339839","135.261536","https://btimes.jp/osaka/park/50510/"
"52378","南中安松ガレージ","34.387508","135.311352","https://btimes.jp/osaka/park/52378/"
"51556","ラ・フォンテーヌ駐車場","34.36243","135.271543","https://btimes.jp/osaka/park/51556/"
"31666","熊取団地駐車場","34.385139","135.357603","https://btimes.jp/osaka/park/31666/"
"54846","シャーメゾン ディアガーデンズ駐車場","34.403999","135.340352","https://btimes.jp/osaka/park/54846/"
"31947","清水ガレージ駐車場","34.424094","135.345866","https://btimes.jp/osaka/park/31947/"
"51402","貝塚市役所前駐車場","34.434955","135.360318","https://btimes.jp/osaka/park/51402/"
"33354","アゼーヒル駐車場","34.420768","135.34626","https://btimes.jp/osaka/park/33354/"
"50511","ア・コテ・ドゥ・シャトー・くすのき駐車場","34.453091","135.370536","https://btimes.jp/osaka/park/50511/"
"32001","蛸地蔵駅前駐車場","34.453604","135.371834","https://btimes.jp/osaka/park/32001/"
"31707","貝塚中央団地駐車場","34.425384","135.368788","https://btimes.jp/osaka/park/31707/"
"31718","貝塚中央団地駐車場","34.425384","135.368788","https://btimes.jp/osaka/park/31718/"
"50534","ファミールハイツ・フクダ駐車場","34.437207","135.366747","https://btimes.jp/osaka/park/50534/"
"31063","浜ガレージ","34.461602","135.372647","https://btimes.jp/osaka/park/31063/"
"50539","グリーンルーフＫ駐車場","34.4319","135.371133","https://btimes.jp/osaka/park/50539/"
"50524","パルいぶきの駐車場","34.45911","135.451289","https://btimes.jp/osaka/park/50524/"
"50508","ガーデンプレイス駐車場","34.463216","135.432466","https://btimes.jp/osaka/park/50508/"
"50526","コスモ絹駐車場","34.466577","135.435377","https://btimes.jp/osaka/park/50526/"
"50517","コートボナールＢ駐車場","34.453927","135.424177","https://btimes.jp/osaka/park/50517/"
"59605","ＵＲいぶき野三丁目団地駐車場","34.462307","135.456567","https://btimes.jp/osaka/park/59605/"
"25823","内田町3-9-82駐車場","34.443264","135.453219","https://btimes.jp/osaka/park/25823/"
"50861","パル今福Ｃ．Ｄ．Ｅ駐車場","34.470763","135.429992","https://btimes.jp/osaka/park/50861/"
"50530","フレグランス久米田駐車場","34.448291","135.418255","https://btimes.jp/osaka/park/50530/"
"50537","サンメイト杉本駐車場","34.459777","135.416769","https://btimes.jp/osaka/park/50537/"
"50433","和泉和気町駐車場","34.473358","135.428094","https://btimes.jp/osaka/park/50433/"
"54585","サンライフ和気駐車場","34.474352","135.430277","https://btimes.jp/osaka/park/54585/"
"59431","オンディーヌ駐車場","34.466086","135.463788","https://btimes.jp/osaka/park/59431/"
"54258","プルミエ和泉駐車場","34.474483","135.457105","https://btimes.jp/osaka/park/54258/"
"50516","グリーングラスＣ棟駐車場","34.461966","135.412525","https://btimes.jp/osaka/park/50516/"
"50520","サンモール駐車場","34.473811","135.458447","https://btimes.jp/osaka/park/50520/"
"46841","ビレッジハウス額原駐車場","34.450043","135.410784","https://btimes.jp/osaka/park/46841/"
"51124","セピアコート駐車場","34.452858","135.409633","https://btimes.jp/osaka/park/51124/"
"51119","スイートハイツ下松駐車場","34.45419","135.407467","https://btimes.jp/osaka/park/51119/"
"50531","サニーサイドハイツ駐車場","34.45991","135.407941","https://btimes.jp/osaka/park/50531/"
"52113","小松里町562-3駐車場","34.45778","135.406129","https://btimes.jp/osaka/park/52113/"
"50528","ハイツサンパティーク駐車場","34.444582","135.474955","https://btimes.jp/osaka/park/50528/"
"51118","フローラ桜ヶ丘駐車場","34.451816","135.403502","https://btimes.jp/osaka/park/51118/"
"46852","ビレッジハウス伏屋駐車場","34.471186","135.472498","https://btimes.jp/osaka/park/46852/"
"50862","エクセレート府中Ｂ棟駐車場","34.486571","135.438413","https://btimes.jp/osaka/park/50862/"
"46856","ビレッジハウス忠岡駐車場","34.481975","135.409903","https://btimes.jp/osaka/park/46856/"
"31701","鴨谷台団地駐車場","34.466581","135.483323","https://btimes.jp/osaka/park/31701/"
"31725","鴨谷台団地　2-10棟・11棟北側駐車場","34.466447","135.483838","https://btimes.jp/osaka/park/31725/"
"47822","ビレッジハウス旭駐車場","34.474845","135.400585","https://btimes.jp/osaka/park/47822/"
"56587","ＵＲ泉北鴨谷台三丁団地駐車場","34.467722","135.485352","https://btimes.jp/osaka/park/56587/"
"51120","ビハーラＭ駐車場","34.44507","135.394102","https://btimes.jp/osaka/park/51120/"
"63750","板原町3-13-1くすのきパーキング駐車場","34.487409","135.412143","https://btimes.jp/osaka/park/63750/"
"48548","信太山駐車場","34.495266","135.437179","https://btimes.jp/osaka/park/48548/"
"59602","ＵＲ泉北城山台三丁団地駐車場","34.461963","135.488525","https://btimes.jp/osaka/park/59602/"
"31810","岸和田天神山Ｂ団地　10号棟南側駐車場","34.426767","135.39981","https://btimes.jp/osaka/park/31810/"
"31812","岸和田天神山Ｂ団地　12号棟東側駐車場","34.426429","135.400109","https://btimes.jp/osaka/park/31812/"
"51973","フレグランス光陽駐車場","34.458157","135.386296","https://btimes.jp/osaka/park/51973/"
"29519","ＤＣＭ岸和田店駐車場","34.484066","135.39827","https://btimes.jp/osaka/park/29519/"
"31716","さつき団地　2号棟北側駐車場","34.492054","135.408463","https://btimes.jp/osaka/park/31716/"
"31692","岸和田天神山団地　1号棟・2号棟駐車場","34.426498","135.397505","https://btimes.jp/osaka/park/31692/"
"25852","泉州卸商業団地駐車場","34.448219","135.385568","https://btimes.jp/osaka/park/25852/"
"50514","Ｃｈａｍｐｓ　Ｒｉｖｉｅｒｅ駐車場","34.495453","135.413921","https://btimes.jp/osaka/park/50514/"
"46839","ビレッジハウス春木駐車場","34.479458","135.392953","https://btimes.jp/osaka/park/46839/"
"31441","加守団地　5号棟北側駐車場","34.470332","135.386588","https://btimes.jp/osaka/park/31441/"
"31415","加守団地　1号棟北側駐車場","34.471217","135.386898","https://btimes.jp/osaka/park/31415/"
"53273","ＦＫイザエモン青空駐車場","34.439837","135.386244","https://btimes.jp/osaka/park/53273/"
"66230","タイムズ岸和田野田町","34.456256","135.381472","https://btimes.jp/osaka/park/66230/"
"59598","ＵＲ春木団地駐車場","34.473691","135.38539","https://btimes.jp/osaka/park/59598/"
"31694","庭代台団地　23-11号棟駐車場","34.46628","135.498499","https://btimes.jp/osaka/park/31694/"
"31674","庭代台団地　23-9号棟・10号棟駐車場","34.466458","135.499337","https://btimes.jp/osaka/park/31674/"
"31683","庭代台団地　23-2号棟・3号棟・4号棟駐車場","34.468195","135.499002","https://btimes.jp/osaka/park/31683/"
"25858","ひまわり東貝塚駐車場","34.438202","135.377775","https://btimes.jp/osaka/park/25858/"
"31714","原山台団地7-5棟~12棟駐車場","34.482126","135.497614","https://btimes.jp/osaka/park/31714/"
"50863","パル今福駐車場","34.470533","135.430303","https://btimes.jp/osaka/park/50863/"
"50521","Ｗｉｔｈ　Ｙｏｕ駐車場","34.473783","135.439366","https://btimes.jp/osaka/park/50521/"
"50527","フローレンス泉駐車場","34.473825","135.439177","https://btimes.jp/osaka/park/50527/"
"50523","大町ガーデンライフ駐車場","34.46323","135.414288","https://btimes.jp/osaka/park/50523/"
"50864","グリーングラスＡ，Ｂ駐車場","34.464616","135.413047","https://btimes.jp/osaka/park/50864/"
"50522","ボンリビェール吉田駐車場","34.470094","135.409333","https://btimes.jp/osaka/park/50522/"
"51121","ボナール駐車場","34.45417","135.403602","https://btimes.jp/osaka/park/51121/"
"50512","シャトル・ネゴロ駐車場","34.465475","135.405571","https://btimes.jp/osaka/park/50512/"
"50535","ハイツ・イシカワ駐車場","34.464275","135.404763","https://btimes.jp/osaka/park/50535/"
"50519","ハローハイツ河畑駐車場","34.464853","135.404835","https://btimes.jp/osaka/park/50519/"
"50504","パルティール小柴駐車場","34.481091","135.420038","https://btimes.jp/osaka/park/50504/"
"50525","アクティ・テン駐車場","34.481938","135.415724","https://btimes.jp/osaka/park/50525/"
"53887","伯太町２丁目46番地駐車場","34.489516","135.436824","https://btimes.jp/osaka/park/53887/"
"51122","プレジール・和泉駐車場","34.452241","135.397869","https://btimes.jp/osaka/park/51122/"
"31652","鴨谷台団地　2-4棟・5棟駐車場","34.466404","135.482846","https://btimes.jp/osaka/park/31652/"
"31712","鴨谷台団地　2-2棟・3棟駐車場","34.46576","135.483096","https://btimes.jp/osaka/park/31712/"
"32892","鴨谷台団地駐車場","34.466581","135.483323","https://btimes.jp/osaka/park/32892/"
"50515","ハイム穴師の里駐車場","34.493993","135.422883","https://btimes.jp/osaka/park/50515/"
"51972","フレグランス藤井駐車場","34.460294","135.390061","https://btimes.jp/osaka/park/51972/"
"50518","グラントワ駐車場","34.496089","135.426969","https://btimes.jp/osaka/park/50518/"
"50538","セレーノ岸和田駐車場","34.472689","135.390463","https://btimes.jp/osaka/park/50538/"
"31717","さつき団地　2号棟南側駐車場","34.49227","135.409302","https://btimes.jp/osaka/park/31717/"
"31705","さつき団地　1号棟北側駐車場","34.492167","135.408247","https://btimes.jp/osaka/park/31705/"
"41139","別所町１丁目１０駐車場","34.457402","135.384573","https://btimes.jp/osaka/park/41139/"
"51114","エスポワール太田駐車場","34.440771","135.387172","https://btimes.jp/osaka/park/51114/"
"40815","キヨシパーキング","34.464617","135.384903","https://btimes.jp/osaka/park/40815/"
"51125","メゾン　エスポワール駐車場","34.43458","135.386735","https://btimes.jp/osaka/park/51125/"
"51123","グリーンハイツ上町＊駐車場","34.451325","135.381386","https://btimes.jp/osaka/park/51123/"
"30887","沼町駐車場","34.461059","135.381262","https://btimes.jp/osaka/park/30887/"
"51115","フィアシュタット駐車場","34.451693","135.377314","https://btimes.jp/osaka/park/51115/"
"43338","レジオンドヌール駐車場","34.446984","135.377736","https://btimes.jp/osaka/park/43338/"
"35851","上之町３丁目駐車場","34.49805","135.402968","https://btimes.jp/osaka/park/35851/"
"31654","原山台団地7-1棟・2棟・3棟・4棟駐車場","34.480854","135.496766","https://btimes.jp/osaka/park/31654/"
"31671","諏訪の森団地駐車場","34.548448","135.450415","https://btimes.jp/osaka/park/31671/"
"49480","諏訪ノ森駐車場","34.547916","135.45391","https://btimes.jp/osaka/park/49480/"
"64565","大阪府堺市西区鳳西町2丁73-12駐車場","34.523236","135.449278","https://btimes.jp/osaka/park/64565/"
"46853","ビレッジハウス葛ノ葉駐車場","34.508679","135.441494","https://btimes.jp/osaka/park/46853/"
"60296","家原寺町駐車場","34.535694","135.476128","https://btimes.jp/osaka/park/60296/"
"45124","ＵＲ助松団地駐車場","34.509145","135.432674","https://btimes.jp/osaka/park/45124/"
"46854","ビレッジハウス葛ノ葉駐車場","34.50837","135.441494","https://btimes.jp/osaka/park/46854/"
"50533","ブランヴェール東助松駐車場","34.509041","135.428344","https://btimes.jp/osaka/park/50533/"
"45123","ＵＲ助松団地駐車場","34.506711","135.431617","https://btimes.jp/osaka/park/45123/"
"45183","槌谷モータープール第二駐車場","34.505188","135.446393","https://btimes.jp/osaka/park/45183/"
"58230","西川駐車場","34.504786","135.445072","https://btimes.jp/osaka/park/58230/"
"56622","ＵＲ湊駅前団地駐車場","34.56597","135.465106","https://btimes.jp/osaka/park/56622/"
"56621","ＵＲ湊駅前団地駐車場","34.56625","135.465358","https://btimes.jp/osaka/park/56621/"
"50532","ジェネシス条南駐車場","34.507158","135.420988","https://btimes.jp/osaka/park/50532/"
"56620","ＵＲ湊駅前団地駐車場","34.566534","135.465627","https://btimes.jp/osaka/park/56620/"
"59603","ＵＲ津久野南団地駐車場","34.518206","135.475993","https://btimes.jp/osaka/park/59603/"
"45182","槌谷モータープール","34.502989","135.448488","https://btimes.jp/osaka/park/45182/"
"60173","ソラーナ鳳駐車場","34.508655","135.469063","https://btimes.jp/osaka/park/60173/"
"52136","草部1085-11駐車場","34.51435","135.479239","https://btimes.jp/osaka/park/52136/"
"31672","ＯＰＨ堺少林寺駐車場","34.568338","135.474091","https://btimes.jp/osaka/park/31672/"
"46838","ビレッジハウス草部駐車場","34.513914","135.480403","https://btimes.jp/osaka/park/46838/"
"53657","堺市三条パーキング","34.565059","135.483645","https://btimes.jp/osaka/park/53657/"
"42087","五月町3-8 駐車場","34.567165","135.485979","https://btimes.jp/osaka/park/42087/"
"60170","ソラーナ三国ヶ丘駐車場","34.554399","135.496192","https://btimes.jp/osaka/park/60170/"
"31691","ＯＰＨ堺戎之町駐車場","34.575082","135.481654","https://btimes.jp/osaka/park/31691/"
"53432","エル・パーキング駐車場","34.568801","135.490111","https://btimes.jp/osaka/park/53432/"
"60008","リヴェールもず第４駐車場","34.556015","135.498984","https://btimes.jp/osaka/park/60008/"
"44934","梅北町2丁目駐車場","34.559396","135.498544","https://btimes.jp/osaka/park/44934/"
"50746","向陵西町３－５－２９駐車場","34.566361","135.495942","https://btimes.jp/osaka/park/50746/"
"48596","コスモハイツ神明駐車場","34.581499","135.483381","https://btimes.jp/osaka/park/48596/"
"30127","浜寺公園前第５駐車場","34.534956","135.44427","https://btimes.jp/osaka/park/30127/"
"32218","マンスリー東羽衣１丁目駐車場","34.532644","135.447622","https://btimes.jp/osaka/park/32218/"
"31416","浜寺団地駐車場","34.544531","135.457399","https://btimes.jp/osaka/park/31416/"
"31456","浜寺東団地　１号棟南側駐車場","34.54358","135.459354","https://btimes.jp/osaka/park/31456/"
"31457","浜寺東団地　2号南側棟駐車場","34.543322","135.459507","https://btimes.jp/osaka/park/31457/"
"31407","浜寺東団地　3号南側棟駐車場","34.543107","135.459615","https://btimes.jp/osaka/park/31407/"
"32715","高石綾園駐車場","34.514856","135.437617","https://btimes.jp/osaka/park/32715/"
"59606","ＵＲサンヴァリエ津久野駐車場","34.537357","135.474471","https://btimes.jp/osaka/park/59606/"
"50507","ファイン末広駐車場","34.510458","135.432256","https://btimes.jp/osaka/park/50507/"
"27663","南海湊南２号駐車場","34.562594","135.460006","https://btimes.jp/osaka/park/27663/"
"45875","上町671-1駐車場","34.507283","135.450794","https://btimes.jp/osaka/park/45875/"
"31425","湊団地駐車場　2号棟駐車場","34.566726","135.463638","https://btimes.jp/osaka/park/31425/"
"50505","ファイン森駐車場","34.504925","135.427566","https://btimes.jp/osaka/park/50505/"
"653","松ノ浜駐車場","34.507244","135.420568","https://btimes.jp/osaka/park/653/"
"619","マンスリー草部駐車場","34.517242","135.475843","https://btimes.jp/osaka/park/619/"
"618","マンスリー草部駐車場","34.517273","135.476219","https://btimes.jp/osaka/park/618/"
"60172","ソラーナ鳳駐車場","34.508655","135.469063","https://btimes.jp/osaka/park/60172/"
"36806","マンスリー少林寺町駐車場","34.568588","135.471913","https://btimes.jp/osaka/park/36806/"
"31656","ＯＰＨ大浜駐車場","34.574127","135.465337","https://btimes.jp/osaka/park/31656/"
"50117","中之町東1丁駐車場","34.570437","135.47363","https://btimes.jp/osaka/park/50117/"
"52167","アサヒ八田西ガレージ","34.518036","135.486227","https://btimes.jp/osaka/park/52167/"
"36719","メゾン・ド・ヴァレ駐車場","34.528621","135.492091","https://btimes.jp/osaka/park/36719/"
"36658","マンスリー深井清水　駐車場","34.527527","135.492391","https://btimes.jp/osaka/park/36658/"
"36670","マンスリー深井清水第２　駐車場","34.527719","135.492541","https://btimes.jp/osaka/park/36670/"
"58482","ソラーナ堺東駐車場","34.566583","135.482632","https://btimes.jp/osaka/park/58482/"
"58481","ソラーナ七条通駐車場","34.565518","135.48625","https://btimes.jp/osaka/park/58481/"
"1657","堺南瓦町第４駐車場","34.570838","135.481947","https://btimes.jp/osaka/park/1657/"
"47261","百舌鳥赤畑町4丁224-1駐車場","34.555092","135.49615","https://btimes.jp/osaka/park/47261/"
"60171","ソラーナ堺駐車場","34.58117","135.472888","https://btimes.jp/osaka/park/60171/"
"39370","三宝駐車場","34.582621","135.475121","https://btimes.jp/osaka/park/39370/"
"664","堺材木町東第２駐車場","34.579188","135.481415","https://btimes.jp/osaka/park/664/"
"35976","プロロジスパーク大阪5駐車場","34.629853","135.432615","https://btimes.jp/osaka/park/35976/"
"65355","平林北2丁目 田渕倉庫(株) 平林倉庫 駐車場","34.616446","135.46267","https://btimes.jp/osaka/park/65355/"
"35366","ヴィラスリースター鶴浜駐車場","34.637553","135.456192","https://btimes.jp/osaka/park/35366/"
"43777","GLP大阪2駐車場","34.613309","135.472029","https://btimes.jp/osaka/park/43777/"
"45122","ＵＲサンラフレ朝潮橋駐車場","34.651224","135.446155","https://btimes.jp/osaka/park/45122/"
"65694","タイムズ桜島３丁目駐車場","34.659124","135.431208","https://btimes.jp/osaka/park/65694/"
"51288","UDゆめ咲パーキング","34.664869","135.442196","https://btimes.jp/osaka/park/51288/"
"31635","住吉団地駐車場","34.610638","135.491234","https://btimes.jp/osaka/park/31635/"
"32725","南海住之江北　駐車場","34.605693","135.49194","https://btimes.jp/osaka/park/32725/"
"35970","プロロジスパーク大阪2駐車場","34.661555","135.405955","https://btimes.jp/osaka/park/35970/"
"660","境川１丁目第２駐車場","34.665303","135.476804","https://btimes.jp/osaka/park/660/"
"35971","プロロジスパーク舞洲3駐車場","34.666379","135.403086","https://btimes.jp/osaka/park/35971/"
"53040","桜川2丁目","34.663382","135.491952","https://btimes.jp/osaka/park/53040/"
"51348","稲荷１丁目　駐車場","34.662283","135.494478","https://btimes.jp/osaka/park/51348/"
"39606","小林西2丁目駐車場","34.641203","135.471903","https://btimes.jp/osaka/park/39606/"
"668","平尾４丁目第２駐車場","34.638908","135.475007","https://btimes.jp/osaka/park/668/"
"58711","FK福崎１丁目駐車場","34.655161","135.462658","https://btimes.jp/osaka/park/58711/"
"58712","FK福崎１丁目駐車場（バス）","34.655568","135.462996","https://btimes.jp/osaka/park/58712/"
"36462","フラワーパーキング駐車場","34.603444","135.482384","https://btimes.jp/osaka/park/36462/"
"58473","UDゆめ咲パーキング","34.664661","135.441931","https://btimes.jp/osaka/park/58473/"
"54972","マリンズ弁天町駐車場","34.65976","135.467971","https://btimes.jp/osaka/park/54972/"
"42594","FKアリーバ鶴見橋駐車場","34.642192","135.489556","https://btimes.jp/osaka/park/42594/"
"25626","玉出東駐車場","34.620562","135.496126","https://btimes.jp/osaka/park/25626/"
"39368","KSパーク西住之江第２駐車場","34.593997","135.489135","https://btimes.jp/osaka/park/39368/"
"27595","大阪市住吉区清水丘2丁目26-25駐車場","34.599212","135.493039","https://btimes.jp/osaka/park/27595/"
"47865","タイムズ南市岡第６月極駐車場","34.664368","135.474844","https://btimes.jp/osaka/park/47865/"
"50941","ファステート大正駅前トロフィ駐車場","34.663341","135.481657","https://btimes.jp/osaka/park/50941/"
"56247","GATO DM幸町駐車場","34.665731","135.487559","https://btimes.jp/osaka/park/56247/"
"56248","GATO DM幸町駐車場南","34.665731","135.487559","https://btimes.jp/osaka/park/56248/"
"63474","桜川２丁目第２ ","34.663234","135.492136","https://btimes.jp/osaka/park/63474/"
"2134","橋本東家駐車場","34.311123","135.612784","https://btimes.jp/wakayama/park/2134/"
"31645","ロジェ長野団地駐車場","34.411127","135.560212","https://btimes.jp/osaka/park/31645/"
"56256","城山台パーキング","34.341828","135.618082","https://btimes.jp/wakayama/park/56256/"
"46851","ビレッジハウス木戸駐車場","34.462184","135.565648","https://btimes.jp/osaka/park/46851/"
"63648","栄町6番駐車場","34.448478","135.571387","https://btimes.jp/osaka/park/63648/"
"1382","かわちながの本町パーキング駐車場","34.449422","135.573747","https://btimes.jp/osaka/park/1382/"
"59604","ＵＲ南花台団地駐車場","34.428109","135.558521","https://btimes.jp/osaka/park/59604/"
"39302","錦織南1丁目駐車場","34.477475","135.586091","https://btimes.jp/osaka/park/39302/"
"52159","ＵＲ南花台団地駐車場","34.427076","135.557421","https://btimes.jp/osaka/park/52159/"
"63638","伏山台小学校西駐車場","34.484587","135.564325","https://btimes.jp/osaka/park/63638/"
"59104","西山台3-10-9駐車場","34.481467","135.544857","https://btimes.jp/osaka/park/59104/"
"45132","ＵＲ金剛団地駐車場","34.48895","135.569461","https://btimes.jp/osaka/park/45132/"
"32530","サンプラザ金剛店　第２駐車場","34.489718","135.560028","https://btimes.jp/osaka/park/32530/"
"45131","ＵＲ金剛団地駐車場","34.49055","135.570682","https://btimes.jp/osaka/park/45131/"
"45130","ＵＲ金剛団地駐車場","34.492656","135.572342","https://btimes.jp/osaka/park/45130/"
"59596","ＵＲ金剛団地駐車場","34.493513","135.56687","https://btimes.jp/osaka/park/59596/"
"59595","ＵＲ金剛団地駐車場","34.493896","135.566932","https://btimes.jp/osaka/park/59595/"
"45126","ＵＲ金剛団地駐車場","34.494508","135.567544","https://btimes.jp/osaka/park/45126/"
"31700","晴美台団地　3号棟駐車場","34.481792","135.529395","https://btimes.jp/osaka/park/31700/"
"31665","晴美台団地　2号棟駐車場","34.482156","135.529471","https://btimes.jp/osaka/park/31665/"
"59597","ＵＲ金剛団地駐車場","34.495012","135.571316","https://btimes.jp/osaka/park/59597/"
"31669","晴美台Ｄ団地　西側駐車場","34.482613","135.529796","https://btimes.jp/osaka/park/31669/"
"45128","ＵＲ金剛団地駐車場","34.494797","135.573579","https://btimes.jp/osaka/park/45128/"
"31724","晴美台団地　1号棟駐車場","34.482515","135.529505","https://btimes.jp/osaka/park/31724/"
"45125","ＵＲ金剛団地駐車場","34.495512","135.56809","https://btimes.jp/osaka/park/45125/"
"43355","久野喜台2-5-1駐車場","34.495719","135.566092","https://btimes.jp/osaka/park/43355/"
"45129","ＵＲ金剛団地駐車場","34.495511","135.571062","https://btimes.jp/osaka/park/45129/"
"31651","晴美台団地　10号棟・11号棟駐車場","34.483687","135.529932","https://btimes.jp/osaka/park/31651/"
"32890","晴美台団地　4号棟駐車場","34.482211","135.528251","https://btimes.jp/osaka/park/32890/"
"31664","晴美台団地　6号棟駐車場","34.482614","135.528185","https://btimes.jp/osaka/park/31664/"
"31640","晴美台団地　8号棟駐車場","34.483162","135.5283","https://btimes.jp/osaka/park/31640/"
"32894","晴美台団地　5号棟駐車場","34.483026","135.527907","https://btimes.jp/osaka/park/32894/"
"31680","晴美台団地　9号棟・13号棟駐車場","34.483641","135.528497","https://btimes.jp/osaka/park/31680/"
"43358","久野喜台1-2-6駐車場","34.49684","135.567102","https://btimes.jp/osaka/park/43358/"
"54060","久野喜台1-2-6駐車場","34.497016","135.567119","https://btimes.jp/osaka/park/54060/"
"29893","まつもと整骨院専用駐車場","34.497984","135.57713","https://btimes.jp/osaka/park/29893/"
"31642","晴美台Ｃ団地駐車場","34.490929","135.533906","https://btimes.jp/osaka/park/31642/"
"31653","晴美台Ｂ団地　29-14棟・15棟駐車場","34.490927","135.533789","https://btimes.jp/osaka/park/31653/"
"31726","晴美台Ｂ団地　29-9棟~13棟駐車場","34.491813","135.533181","https://btimes.jp/osaka/park/31726/"
"31641","晴美台Ｂ団地　29-3棟・4棟・5棟・6棟駐車場","34.492811","135.533986","https://btimes.jp/osaka/park/31641/"
"56544","高倉台3-7-2駐車場","34.489128","135.527942","https://btimes.jp/osaka/park/56544/"
"31644","高倉台団地　1-4棟南側駐車場","34.49422","135.529587","https://btimes.jp/osaka/park/31644/"
"31670","高倉台団地　1-3棟北側駐車場","34.494702","135.529783","https://btimes.jp/osaka/park/31670/"
"60846","ＵＲ泉北茶山台二丁団地駐車場","34.489088","135.521899","https://btimes.jp/osaka/park/60846/"
"31728","高倉台団地　1-2棟西側駐車場","34.494981","135.52979","https://btimes.jp/osaka/park/31728/"
"32891","高倉台団地　1-1棟駐車場","34.495269","135.529648","https://btimes.jp/osaka/park/32891/"
"31638","茶山台団地　1-17棟・18棟駐車場","34.487143","135.517714","https://btimes.jp/osaka/park/31638/"
"31711","茶山台Ｂ団地　1号棟・2号棟駐車場","34.485522","135.516163","https://btimes.jp/osaka/park/31711/"
"31650","茶山台団地　1-26棟・27棟駐車場","34.488238","135.517752","https://btimes.jp/osaka/park/31650/"
"31637","茶山台団地　2-4棟・5棟駐車場","34.488658","135.517809","https://btimes.jp/osaka/park/31637/"
"31689","茶山台団地駐車場","34.487329","135.515451","https://btimes.jp/osaka/park/31689/"
"31723","茶山台団地駐車場","34.487329","135.515451","https://btimes.jp/osaka/park/31723/"
"31708","庭代台Ｂ団地　13-4棟・5棟・6棟駐車場","34.468364","135.504032","https://btimes.jp/osaka/park/31708/"
"60845","ＵＲ泉北茶山台二丁団地駐車場","34.491967","135.520285","https://btimes.jp/osaka/park/60845/"
"31658","庭代台Ｂ団地　13-3棟駐車場","34.469429","135.504042","https://btimes.jp/osaka/park/31658/"
"52152","ＵＲ泉北茶山台二丁団地駐車場","34.491359","135.519127","https://btimes.jp/osaka/park/52152/"
"31673","庭代台Ｂ団地　13-1棟・2棟駐車場","34.469818","135.50396","https://btimes.jp/osaka/park/31673/"
"31639","茶山台団地　1-23棟・25棟駐車場","34.489292","135.51621","https://btimes.jp/osaka/park/31639/"
"31649","三原台団地　西側駐車場","34.499376","135.526947","https://btimes.jp/osaka/park/31649/"
"31729","庭代台団地　23-5号棟・6号棟・7号棟・8号棟駐車場","34.467216","135.500441","https://btimes.jp/osaka/park/31729/"
"32883","三原台団地　北側駐車場","34.499415","135.524981","https://btimes.jp/osaka/park/32883/"
"59601","ＵＲ泉北竹城台二丁団地駐車場","34.49265","135.510924","https://btimes.jp/osaka/park/59601/"
"31682","原山台Ｂ団地　3-1棟・2棟駐車場","34.479523","135.500578","https://btimes.jp/osaka/park/31682/"
"64162","ＵＲ泉北竹城台二丁団地駐車場","34.49321","135.510966","https://btimes.jp/osaka/park/64162/"
"64187","ＵＲ泉北竹城台一丁団地駐車場","34.496966","135.515078","https://btimes.jp/osaka/park/64187/"
"64190","ＵＲ泉北竹城台一丁団地駐車場","34.497271","135.515258","https://btimes.jp/osaka/park/64190/"
"64161","ＵＲ泉北竹城台二丁団地駐車場","34.494337","135.511461","https://btimes.jp/osaka/park/64161/"
"64163","ＵＲ泉北パークヒルズ竹城台駐車場","34.495966","135.51324","https://btimes.jp/osaka/park/64163/"
"64186","ＵＲ泉北竹城台一丁団地駐車場","34.496581","135.513421","https://btimes.jp/osaka/park/64186/"
"64189","ＵＲ泉北竹城台一丁団地駐車場","34.496891","135.513746","https://btimes.jp/osaka/park/64189/"
"64180","ＵＲ泉北竹城台一丁団地駐車場","34.498391","135.515233","https://btimes.jp/osaka/park/64180/"
"64185","ＵＲ泉北竹城台一丁団地駐車場","34.497486","135.513925","https://btimes.jp/osaka/park/64185/"
"64188","ＵＲ泉北竹城台一丁団地駐車場","34.498085","135.514593","https://btimes.jp/osaka/park/64188/"
"64184","ＵＲ泉北竹城台一丁団地駐車場","34.497677","135.513668","https://btimes.jp/osaka/park/64184/"
"64183","ＵＲ泉北竹城台一丁団地駐車場","34.497957","135.513603","https://btimes.jp/osaka/park/64183/"
"64182","ＵＲ泉北竹城台一丁団地駐車場","34.498162","135.513357","https://btimes.jp/osaka/park/64182/"
"64179","ＵＲ泉北竹城台一丁団地駐車場","34.499247","135.514354","https://btimes.jp/osaka/park/64179/"
"64181","ＵＲ泉北竹城台一丁団地駐車場","34.498481","135.513352","https://btimes.jp/osaka/park/64181/"
"59600","ＵＲ泉北竹城台二丁団地駐車場","34.494895","135.509192","https://btimes.jp/osaka/park/59600/"
"64178","ＵＲ泉北竹城台一丁団地駐車場","34.498767","135.513169","https://btimes.jp/osaka/park/64178/"
"25654","エスポワール駐車場","34.430124","135.56761","https://btimes.jp/osaka/park/25654/"
"43461","ＵＲ金剛団地駐車場","34.489444","135.570247","https://btimes.jp/osaka/park/43461/"
"45127","ＵＲ金剛団地駐車場","34.493089","135.566891","https://btimes.jp/osaka/park/45127/"
"31715","槇塚台団地駐車場","34.480345","135.529689","https://btimes.jp/osaka/park/31715/"
"31702","晴美台Ｄ団地　東側駐車場","34.482563","135.530187","https://btimes.jp/osaka/park/31702/"
"983","川西高架下4号A駐車場","34.488713","135.593412","https://btimes.jp/osaka/park/983/"
"31722","茶山台団地　2-1棟駐車場","34.489384","135.516414","https://btimes.jp/osaka/park/31722/"
"31686","庭代台Ｂ団地　13-7棟・8棟駐車場","34.469319","135.502691","https://btimes.jp/osaka/park/31686/"
"31684","原山台Ｂ団地　3-3棟駐車場","34.478639","135.500443","https://btimes.jp/osaka/park/31684/"
"50386","菩提町３丁月極駐車場","34.544612","135.540988","https://btimes.jp/osaka/park/50386/"
"1317","マンスリー松原岡３丁目駐車場","34.560556","135.561118","https://btimes.jp/osaka/park/1317/"
"46836","ビレッジハウス南野田駐車場","34.516604","135.552042","https://btimes.jp/osaka/park/46836/"
"46837","ビレッジハウス南野田駐車場","34.516359","135.552165","https://btimes.jp/osaka/park/46837/"
"46339","草尾581-4駐車場","34.513223","135.540289","https://btimes.jp/osaka/park/46339/"
"30001","河合2-1-13駐車場","34.568884","135.546407","https://btimes.jp/osaka/park/30001/"
"30002","河合2-1-13駐車場","34.568884","135.546407","https://btimes.jp/osaka/park/30002/"
"44666","河合2-1-13駐車場","34.568884","135.546407","https://btimes.jp/osaka/park/44666/"
"56401","河合2-1-13駐車場","34.568884","135.546407","https://btimes.jp/osaka/park/56401/"
"43462","ＵＲ藤沢台第五団地駐車場","34.502422","135.574416","https://btimes.jp/osaka/park/43462/"
"56586","ＵＲ白鷺団地駐車場","34.544288","135.520005","https://btimes.jp/osaka/park/56586/"
"32528","サンプラザ島泉店　第２駐車場","34.574042","135.581327","https://btimes.jp/osaka/park/32528/"
"55769","南新町1丁目15番21号田中モータープール駐車場","34.574559","135.539852","https://btimes.jp/osaka/park/55769/"
"59599","ＵＲ下野池団地駐車場","34.560741","135.519452","https://btimes.jp/osaka/park/59599/"
"39373","三宅第１駐車場","34.58216","135.557766","https://btimes.jp/osaka/park/39373/"
"32882","金岡東G団地　2-03駐車場","34.563519","135.520917","https://btimes.jp/osaka/park/32882/"
"32884","金岡東G団地　2-02・08駐車場","34.563809","135.521046","https://btimes.jp/osaka/park/32884/"
"60531","金岡東C・E団地駐車場","34.566128","135.522842","https://btimes.jp/osaka/park/60531/"
"60529","金岡東C・E団地駐車場","34.566709","135.523137","https://btimes.jp/osaka/park/60529/"
"60530","金岡東C・E団地駐車場","34.566359","135.522767","https://btimes.jp/osaka/park/60530/"
"32889","金岡東G団地　2-01・09駐車場","34.564037","135.520642","https://btimes.jp/osaka/park/32889/"
"60523","金岡東C・E団地駐車場","34.565809","135.521947","https://btimes.jp/osaka/park/60523/"
"56585","ＵＲ中百舌鳥公園団地駐車場","34.548772","135.51216","https://btimes.jp/osaka/park/56585/"
"31706","ＯＰＨ新金岡駐車場","34.563428","135.51964","https://btimes.jp/osaka/park/31706/"
"60527","金岡東C・E団地駐車場","34.566583","135.522386","https://btimes.jp/osaka/park/60527/"
"60524","金岡東C・E団地駐車場","34.56608","135.521732","https://btimes.jp/osaka/park/60524/"
"60525","金岡東C・E団地駐車場","34.566443","135.521872","https://btimes.jp/osaka/park/60525/"
"31432","金岡東Ｉ団地駐車場","34.564248","135.51966","https://btimes.jp/osaka/park/31432/"
"31435","金岡東Ｆ団地　3-04棟北側駐車場","34.566016","135.520903","https://btimes.jp/osaka/park/31435/"
"31410","金岡東Ｆ団地　3-03棟北側駐車場","34.566315","135.520902","https://btimes.jp/osaka/park/31410/"
"56584","ＵＲ中百舌鳥公園団地駐車場","34.549828","135.510822","https://btimes.jp/osaka/park/56584/"
"31409","金岡東Ｆ団地　3-05棟北側駐車場","34.566009","135.520018","https://btimes.jp/osaka/park/31409/"
"35139","ＵＲ新金岡第一団地駐車場","34.564797","135.517697","https://btimes.jp/osaka/park/35139/"
"56593","ＵＲ新金岡第一団地駐車場","34.563047","135.515796","https://btimes.jp/osaka/park/56593/"
"56592","ＵＲ新金岡第一団地駐車場","34.562912","135.515555","https://btimes.jp/osaka/park/56592/"
"52153","ＵＲ新金岡第一団地駐車場","34.562945","135.51488","https://btimes.jp/osaka/park/52153/"
"31400","金岡東Ｄ団地駐車場","34.570627","135.520728","https://btimes.jp/osaka/park/31400/"
"35474","サンプラザ天美我堂駐車場","34.575379","135.526224","https://btimes.jp/osaka/park/35474/"
"58410","やぶののガレージ1駐車場","34.581053","135.532515","https://btimes.jp/osaka/park/58410/"
"58411","やぶののガレージ1駐車場","34.581303","135.532622","https://btimes.jp/osaka/park/58411/"
"32682","土師ノ里駐車場","34.568874","135.61493","https://btimes.jp/osaka/park/32682/"
"61031","北花田町2丁235-5駐車場","34.577128","135.524891","https://btimes.jp/osaka/park/61031/"
"66094","中百舌鳥町5-740ディナスティ中百舌鳥駐車場","34.550884","135.50453","https://btimes.jp/osaka/park/66094/"
"39194","金岡東団地　8号棟北・6号棟北・2号棟北　駐車場","34.56908","135.513511","https://btimes.jp/osaka/park/39194/"
"39193","金岡東団地　7号棟南・5号棟南　駐車場","34.569089","135.512823","https://btimes.jp/osaka/park/39193/"
"771","タイムズカー堺もず店駐車場","34.546617","135.500434","https://btimes.jp/osaka/park/771/"
"1318","マンスリー松原岡３丁目駐車場","34.560556","135.561118","https://btimes.jp/osaka/park/1318/"
"40469","マンスリー岡３丁目令和駐車場","34.561097","135.563451","https://btimes.jp/osaka/park/40469/"
"54597","ＵＲサンヴァリエ春日丘駐車場","34.564678","135.593347","https://btimes.jp/osaka/park/54597/"
"1681","マンスリータイムズ新家町駐車場","34.538078","135.511966","https://btimes.jp/osaka/park/1681/"
"60532","金岡東C・E団地駐車場","34.565861","135.522831","https://btimes.jp/osaka/park/60532/"
"648","天美南駐車場","34.577236","135.53835","https://btimes.jp/osaka/park/648/"
"60528","金岡東C・E団地駐車場","34.566936","135.52296","https://btimes.jp/osaka/park/60528/"
"60526","金岡東C・E団地駐車場","34.566657","135.521722","https://btimes.jp/osaka/park/60526/"
"48840","トーケンパーキング","34.57444","135.528789","https://btimes.jp/osaka/park/48840/"
"47026","ＵＲ新金岡第一団地駐車場","34.564005","135.51641","https://btimes.jp/osaka/park/47026/"
"39195","金岡東団地　3号棟北　駐車場","34.568906","135.514517","https://btimes.jp/osaka/park/39195/"
"32030","深井駅前第４駐車場","34.528034","135.500771","https://btimes.jp/osaka/park/32030/"
"36755","ロイヤルメゾン北花田駐車場","34.578749","135.515928","https://btimes.jp/osaka/park/36755/"
"38941","マンスリー東雲西町駐車場","34.578649","135.501424","https://btimes.jp/osaka/park/38941/"
"35489","喜連団地　3、4、5、6、7号棟駐車場","34.60725","135.554418","https://btimes.jp/osaka/park/35489/"
"35530","喜連団地　8、9、10、11号棟駐車場","34.606997","135.554485","https://btimes.jp/osaka/park/35530/"
"38172","マンスリー今川5丁目第2　駐車場","34.62564","135.54236","https://btimes.jp/osaka/park/38172/"
"47816","大蓮東4丁目10駐車場","34.630677","135.586954","https://btimes.jp/osaka/park/47816/"
"31029","中野１丁目２駐車場","34.620626","135.540428","https://btimes.jp/osaka/park/31029/"
"1826","百済駐車場","34.632455","135.54381","https://btimes.jp/osaka/park/1826/"
"41301","グランドール巽パーク駐車場（旧スカイパーク榎木I駐車場）","34.642751","135.55415","https://btimes.jp/osaka/park/41301/"
"31690","みと団地駐車場","34.63994","135.583164","https://btimes.jp/osaka/park/31690/"
"41996","スカイパーク榎木1駐車場（旧グランドールパーク巽中駐車場）","34.644159","135.555791","https://btimes.jp/osaka/park/41996/"
"34945","辰巳第1モータープール駐車場","34.597662","135.573452","https://btimes.jp/osaka/park/34945/"
"1176","吉松２丁目５－２９サンエーコーポ駐車場","34.644372","135.579108","https://btimes.jp/osaka/park/1176/"
"38706","大谷モータープール","34.613064","135.595011","https://btimes.jp/osaka/park/38706/"
"30645","ティーズカレッジ近畿大学前駐車場","34.64062","135.589784","https://btimes.jp/osaka/park/30645/"
"48679","マンスリー八尾植松町駐車場","34.612885","135.599125","https://btimes.jp/osaka/park/48679/"
"46253","OPH長瀬さくらテラス駐車場","34.644114","135.588644","https://btimes.jp/osaka/park/46253/"
"58216","マンスリー舎利寺","34.644299","135.542128","https://btimes.jp/osaka/park/58216/"
"31721","鷹合団地　南側屋外駐車場","34.606401","135.530984","https://btimes.jp/osaka/park/31721/"
"3176","近大前第４駐車場","34.649172","135.588065","https://btimes.jp/osaka/park/3176/"
"31677","山坂団地　北側駐車場","34.612431","135.523385","https://btimes.jp/osaka/park/31677/"
"31678","山坂団地　東側駐車場","34.612442","135.523373","https://btimes.jp/osaka/park/31678/"
"55007","岸田モータープール","34.649658","135.594744","https://btimes.jp/osaka/park/55007/"
"33053","昭和町4丁目3駐車場","34.622833","135.520303","https://btimes.jp/osaka/park/33053/"
"52841","生野西4-13-18駐車場","34.644497","135.529475","https://btimes.jp/osaka/park/52841/"
"3308","文の里第２駐車場","34.632505","135.521674","https://btimes.jp/osaka/park/3308/"
"60579","中小阪2丁目（弥栄神社西側）駐車場","34.655489","135.588808","https://btimes.jp/osaka/park/60579/"
"51236","シャープ労働組合会館駐車場","34.613365","135.518448","https://btimes.jp/osaka/park/51236/"
"51237","シャープ労働組合会館駐車場","34.613365","135.518448","https://btimes.jp/osaka/park/51237/"
"31693","ＯＰＨ山本駐車場","34.622583","135.613618","https://btimes.jp/osaka/park/31693/"
"46848","ビレッジハウス老原駐車場","34.598667","135.604855","https://btimes.jp/osaka/park/46848/"
"2114","旭ケ丘4-23フェリス旭ヶ丘駐車場","34.628946","135.613499","https://btimes.jp/osaka/park/2114/"
"2115","旭ケ丘4-23フェリス旭ヶ丘駐車場","34.628946","135.613499","https://btimes.jp/osaka/park/2115/"
"42158","東長居団地駐車場","34.604852","135.520753","https://btimes.jp/osaka/park/42158/"
"39372","KSパーク旭ヶ丘駐車場","34.629741","135.614552","https://btimes.jp/osaka/park/39372/"
"39371","KSパーク旭ヶ丘駐車場","34.630351","135.614556","https://btimes.jp/osaka/park/39371/"
"46849","ビレッジハウス青山駐車場","34.617066","135.616692","https://btimes.jp/osaka/park/46849/"
"46850","ビレッジハウス青山駐車場","34.616781","135.616689","https://btimes.jp/osaka/park/46850/"
"31662","西田辺団地　1号棟北側駐車場","34.614793","135.512384","https://btimes.jp/osaka/park/31662/"
"31720","西田辺団地　2号棟西側駐車場","34.613956","135.512216","https://btimes.jp/osaka/park/31720/"
"59594","ＵＲサンヴァリエ西田辺駐車場","34.615639","135.511888","https://btimes.jp/osaka/park/59594/"
"45756","ダイアモンド富士鶴橋駐車場","34.661136","135.533928","https://btimes.jp/osaka/park/45756/"
"53839","八尾市山本町2-3駐車場","34.62675","135.623169","https://btimes.jp/osaka/park/53839/"
"1831","我孫子町第1駐車場","34.602112","135.511706","https://btimes.jp/osaka/park/1831/"
"1832","我孫子町第2駐車場","34.601702","135.511406","https://btimes.jp/osaka/park/1832/"
"1673","山本町北駐車場","34.643901","135.619748","https://btimes.jp/osaka/park/1673/"
"44860","生玉町6-3駐車場","34.661465","135.517271","https://btimes.jp/osaka/park/44860/"
"45937","マンスリー生玉町第２駐車場","34.661389","135.51716","https://btimes.jp/osaka/park/45937/"
"49498","岩田町5丁目駐車場","34.665549","135.608607","https://btimes.jp/osaka/park/49498/"
"50613","藤田ガレージ (河内花園駅前)駐車場","34.658257","135.620502","https://btimes.jp/osaka/park/50613/"
"31137","トラストパークまいどパーキング難波千日前","34.661071","135.50819","https://btimes.jp/osaka/park/31137/"
"31676","ＯＰＨ杉本町駐車場","34.58987","135.501549","https://btimes.jp/osaka/park/31676/"
"31119","なんばグランド花月ビル駐車場","34.661827","135.506856","https://btimes.jp/osaka/park/31119/"
"40859","なんばグランド花月ビル駐車場","34.661827","135.506856","https://btimes.jp/osaka/park/40859/"
"40860","なんばグランド花月ビル駐車場","34.661827","135.506856","https://btimes.jp/osaka/park/40860/"
"8079","エスカールなんば駐車場","34.663547","135.504985","https://btimes.jp/osaka/park/8079/"
"43560","中野２丁目６ー１８駐車場","34.619415","135.543346","https://btimes.jp/osaka/park/43560/"
"685","久宝寺駅前第２駐車場","34.620018","135.588064","https://btimes.jp/osaka/park/685/"
"31704","衣摺団地駐車場","34.639713","135.579816","https://btimes.jp/osaka/park/31704/"
"50458","FK杭全6丁目Y駐車場","34.632661","135.541974","https://btimes.jp/osaka/park/50458/"
"32993","メゾンド針中野駐車場","34.613702","135.539826","https://btimes.jp/osaka/park/32993/"
"32261","メゾンアルベールミキ駐車場","34.639499","135.543519","https://btimes.jp/osaka/park/32261/"
"32279","メゾンアルベールミキ駐車場","34.639499","135.543519","https://btimes.jp/osaka/park/32279/"
"39366","田島駐車場","34.645407","135.544644","https://btimes.jp/osaka/park/39366/"
"39367","田島駐車場","34.645407","135.544644","https://btimes.jp/osaka/park/39367/"
"25652","エトワール宮町駐車場","34.629666","135.599343","https://btimes.jp/osaka/park/25652/"
"27901","東田辺２丁目駐車場","34.617515","135.53029","https://btimes.jp/osaka/park/27901/"
"48184","タイムズ八尾宮町月極駐車場","34.628876","135.600825","https://btimes.jp/osaka/park/48184/"
"35943","アコード鷹合駐車場","34.607578","135.532532","https://btimes.jp/osaka/park/35943/"
"35955","フォレスタ長居駐車場","34.606159","135.532706","https://btimes.jp/osaka/park/35955/"
"55151","タイムズマンスリー生野東第２駐車場","34.645096","135.534868","https://btimes.jp/osaka/park/55151/"
"27284","俊徳道駅前駐車場","34.655178","135.575795","https://btimes.jp/osaka/park/27284/"
"47868","タイムズ光町第３月極駐車場","34.630031","135.606487","https://btimes.jp/osaka/park/47868/"
"646","光町駐車場","34.626959","135.608908","https://btimes.jp/osaka/park/646/"
"49461","シャーメゾン・アプロディール駐車場","34.642439","135.527444","https://btimes.jp/osaka/park/49461/"
"1829","天王寺第１駐車場","34.640786","135.525809","https://btimes.jp/osaka/park/1829/"
"58827","FK-Luxe布施駅前駐車場第１","34.661281","135.562006","https://btimes.jp/osaka/park/58827/"
"58826","FK-Luxe布施駅前駐車場２","34.661337","135.561866","https://btimes.jp/osaka/park/58826/"
"25650","サーシアム駐車場","34.587307","135.540089","https://btimes.jp/osaka/park/25650/"
"27897","足代北第１０駐車場","34.662779","135.563335","https://btimes.jp/osaka/park/27897/"
"27902","足代北第１１駐車場","34.662793","135.563333","https://btimes.jp/osaka/park/27902/"
"52395","マイタム文の里駐車場","34.634916","135.518052","https://btimes.jp/osaka/park/52395/"
"27889","天美西第２駐車場","34.590022","135.532508","https://btimes.jp/osaka/park/27889/"
"45861","Casa　Parking","34.66137","135.544619","https://btimes.jp/osaka/park/45861/"
"32164","ルージュ八戸ノ里駐車場","34.659178","135.594087","https://btimes.jp/osaka/park/32164/"
"615","大今里西第4駐車場","34.662247","135.542501","https://btimes.jp/osaka/park/615/"
"56510","松虫通駐車場　アベノセントスクエアー","34.631436","135.510144","https://btimes.jp/osaka/park/56510/"
"3181","東大阪御厨東駐車場","34.662796","135.596404","https://btimes.jp/osaka/park/3181/"
"32018","南住吉第５駐車場","34.608572","135.506178","https://btimes.jp/osaka/park/32018/"
"31636","殿辻町団地駐車場","34.60354","135.503658","https://btimes.jp/osaka/park/31636/"
"45706","FK岩田町石田モータープール","34.663415","135.607116","https://btimes.jp/osaka/park/45706/"
"32019","マンスリータイムズ天下茶屋駐車場","34.639452","135.502874","https://btimes.jp/osaka/park/32019/"
"32952","日宝サンフラッツ上町台駐車場","34.666486","135.521434","https://btimes.jp/osaka/park/32952/"
"33010","日宝サンフラッツ上町台駐車場","34.666486","135.521434","https://btimes.jp/osaka/park/33010/"
"35393","高津ゴールデンハイツ駐車場","34.664238","135.516855","https://btimes.jp/osaka/park/35393/"
"576","日本橋２丁目第２駐車場","34.659967","135.510387","https://btimes.jp/osaka/park/576/"
"62805","五條1丁目駐車場","34.346648","135.697946","https://btimes.jp/nara/park/62805/"
"41072","柳田駐車場","34.459132","135.735603","https://btimes.jp/nara/park/41072/"
"44952","新庄駐車場","34.484423","135.7295","https://btimes.jp/nara/park/44952/"
"32299","大和高田曽大根駐車場","34.493097","135.738856","https://btimes.jp/nara/park/32299/"
"32256","大和高田三倉堂駐車場","34.499362","135.746157","https://btimes.jp/nara/park/32256/"
"25661","エスペランサ駐車場","34.47459","135.734392","https://btimes.jp/nara/park/25661/"
"54608","ＵＲ真美ケ丘７丁目団地駐車場","34.5415","135.729253","https://btimes.jp/nara/park/54608/"
"54606","ＵＲ馬見南６丁目駐車場","34.539443","135.729991","https://btimes.jp/nara/park/54606/"
"47506","大和高田池田駐車場","34.51987","135.731311","https://btimes.jp/nara/park/47506/"
"41869","ヤマクニモータープール","34.57825","135.63376","https://btimes.jp/osaka/park/41869/"
"985","道明寺駐車場","34.571592","135.627201","https://btimes.jp/osaka/park/985/"
"46955","久度２-２５-２３マルナカ駐車場 Ｂ","34.596812","135.707074","https://btimes.jp/nara/park/46955/"
"46957","久度２-２５-２３マルナカ駐車場 C","34.596774","135.707166","https://btimes.jp/nara/park/46957/"
"63868","三室山コープタウン駐車場","34.586738","135.687527","https://btimes.jp/nara/park/63868/"
"41789","王寺町本町１丁目 駐車場","34.588414","135.709143","https://btimes.jp/nara/park/41789/"
"49206","貴島病院第2駐車場","34.640253","135.638111","https://btimes.jp/osaka/park/49206/"
"55713","マンスリー瓢箪山町第４駐車場","34.658314","135.644167","https://btimes.jp/osaka/park/55713/"
"46855","ビレッジハウス法善寺駐車場","34.595967","135.627255","https://btimes.jp/osaka/park/46855/"
"45363","新池島町3丁目4駐車場","34.656088","135.63086","https://btimes.jp/osaka/park/45363/"
"39180","大県2丁目４－４駐車場","34.586007","135.631383","https://btimes.jp/osaka/park/39180/"
"53286","第一寿マンション駐車場","34.660877","135.633292","https://btimes.jp/osaka/park/53286/"
"53288","第一寿マンション駐車場","34.660877","135.633292","https://btimes.jp/osaka/park/53288/"
"38715","久度神社前駐車場","34.59601","135.701809","https://btimes.jp/nara/park/38715/"
"38709","フレグランスII前駐車場","34.595895","135.702528","https://btimes.jp/nara/park/38709/"
"25649","メゾンニュー池島　A棟B棟　駐車場","34.653125","135.630868","https://btimes.jp/osaka/park/25649/"
"42593","FK柏原市法善寺3丁目722駐車場","34.592566","135.626099","https://btimes.jp/osaka/park/42593/"
"43516","タイムズマンスリー大県３丁目駐車場","34.584852","135.631917","https://btimes.jp/osaka/park/43516/"
"53287","第二寿マンション駐車場","34.662597","135.628566","https://btimes.jp/osaka/park/53287/"
"52340","マンスリー東花園駅前","34.662404","135.627297","https://btimes.jp/osaka/park/52340/"
"49477","旅館歌藤駐車場","34.369442","135.856547","https://btimes.jp/nara/park/49477/"
"46175","ビレッジハウス見瀬駐車場","34.468366","135.797744","https://btimes.jp/nara/park/46175/"
"54605","ＵＲ橿原団地駐車場","34.470835","135.790424","https://btimes.jp/nara/park/54605/"
"50407","ＵＲ橿原団地駐車場","34.471287","135.790219","https://btimes.jp/nara/park/50407/"
"56497","ＵＲ橿原団地駐車場","34.471726","135.789994","https://btimes.jp/nara/park/56497/"
"54852","四条町26-10長村駐車場","34.495608","135.795771","https://btimes.jp/nara/park/54852/"
"63486","ムサシモータープール","34.558489","135.802061","https://btimes.jp/nara/park/63486/"
"33494","コメリ桜井店駐車場","34.519267","135.841664","https://btimes.jp/nara/park/33494/"
"33377","コメリパワー田原本店駐車場","34.555992","135.776356","https://btimes.jp/nara/park/33377/"
"41706","坂井パーキング","34.507818","135.84797","https://btimes.jp/nara/park/41706/"
"44174","伴堂46駐車場","34.568398","135.780085","https://btimes.jp/nara/park/44174/"
"47342","セレモニーホール有宏社第2駐車場","34.512391","135.754286","https://btimes.jp/nara/park/47342/"
"47340","セレモニーホール有宏社駐車場","34.511596","135.752459","https://btimes.jp/nara/park/47340/"
"47341","セレモニーホール有宏社 雅駐車場","34.510996","135.752207","https://btimes.jp/nara/park/47341/"
"38174","桜井駅西　駐車場","34.509525","135.84644","https://btimes.jp/nara/park/38174/"
"33343","コメリ天理店駐車場","34.59654","135.801474","https://btimes.jp/nara/park/33343/"
"53380","カンポデペスカ駐車場","34.604299","135.781648","https://btimes.jp/nara/park/53380/"
"65252","イーストヴィレッジパーキング","34.648039","135.790075","https://btimes.jp/nara/park/65252/"
"57951","シャーメゾン今国府駐車場","34.615452","135.771494","https://btimes.jp/nara/park/57951/"
"61030","シティライフ駐車場","34.587956","135.839637","https://btimes.jp/nara/park/61030/"
"35375","サンプラザ南京終駐車場","34.663389","135.827302","https://btimes.jp/nara/park/35375/"
"61029","ｎｏｉｒ　ｂｌａｎｃ駐車場","34.603141","135.833573","https://btimes.jp/nara/park/61029/"
"984","筒井高架下1号駐車場","34.614915","135.783731","https://btimes.jp/nara/park/984/"
"55472","Ｃｅｎｔｒａｌ　Ｖｉｌｌａｇｅ　Ｐａｒｋｉｎｇ","34.647972","135.789658","https://btimes.jp/nara/park/55472/"
"42569","レイセニット奈良　第二駐車場","34.666143","135.832636","https://btimes.jp/nara/park/42569/"
"1497","大宇陀春日514駐車場","34.480797","135.940918","https://btimes.jp/nara/park/1497/"
"47478","タイムズ榛原駅前第2月極駐車場","34.526242","135.958894","https://btimes.jp/nara/park/47478/"
"59056","菩提寺北２丁目駐車場（コンパクト）","35.037798","136.069666","https://btimes.jp/shiga/park/59056/"
"59055","菩提寺北２丁目駐車場","35.037741","136.069789","https://btimes.jp/shiga/park/59055/"
"62879","石部駅前山本パーキング","35.013649","136.05543","https://btimes.jp/shiga/park/62879/"
"62880","石部駅前山本パーキング（コンパクト以下）","35.013632","136.055403","https://btimes.jp/shiga/park/62880/"
"44845","南井ハイツ駐車場","35.028318","136.026181","https://btimes.jp/shiga/park/44845/"
"56245","小篠原C駐車場","35.064664","136.02956","https://btimes.jp/shiga/park/56245/"
"45255","東郷ガレージ駐車場","35.065114","136.027809","https://btimes.jp/shiga/park/45255/"
"35132","野洲市小篠原2205-2駐車場","35.06369","136.026001","https://btimes.jp/shiga/park/35132/"
"48674","フォルクス淡海駐車場","35.067156","136.021305","https://btimes.jp/shiga/park/48674/"
"54352","ヴァンベールエフアイ駐車場","35.028927","136.008474","https://btimes.jp/shiga/park/54352/"
"45030","栗東市林440-1駐車場","35.025095","136.029284","https://btimes.jp/shiga/park/45030/"
"45029","南井ハイツ駐車場","35.025087","136.02905","https://btimes.jp/shiga/park/45029/"
"35885","野洲駅前第３駐車場","35.063543","136.026896","https://btimes.jp/shiga/park/35885/"
"40302","小篠原駐車場","35.064254","136.026885","https://btimes.jp/shiga/park/40302/"
"35715","野洲駅北口駐車場","35.066775","136.026494","https://btimes.jp/shiga/park/35715/"
"56461","小南ガレージ駐車場","35.096522","136.067296","https://btimes.jp/shiga/park/56461/"
"46373","太田ガレージ駐車場","35.096188","136.068531","https://btimes.jp/shiga/park/46373/"
"66231","（軽）近江八幡駅前第２駐車場","35.121173","136.106838","https://btimes.jp/shiga/park/66231/"
"66223","近江八幡駅第２駐車場","35.121186","136.106881","https://btimes.jp/shiga/park/66223/"
"36173","近江八幡ドリームマンションB駐車場","35.116612","136.116712","https://btimes.jp/shiga/park/36173/"
"30999","野洲市西河原３丁目　ワイズパーク西河原駐車場","35.100579","136.015828","https://btimes.jp/shiga/park/30999/"
"54353","高木272駐車場","35.095076","136.068871","https://btimes.jp/shiga/park/54353/"
"33539","コメリ上野店駐車場","34.773211","136.126131","https://btimes.jp/mie/park/33539/"
"41262","ＪＲ伊賀上野駅前 駐車場","34.785695","136.126692","https://btimes.jp/mie/park/41262/"
"33376","コメリパワー水口店駐車場","34.963026","136.16558","https://btimes.jp/shiga/park/33376/"
"30872","本水口駐車場","34.96452","136.180761","https://btimes.jp/shiga/park/30872/"
"55403","ゆめのぱーく","35.028287","136.135027","https://btimes.jp/shiga/park/55403/"
"46833","ビレッジハウスひの駐車場","35.013526","136.247565","https://btimes.jp/shiga/park/46833/"
"56624","五個荘ガレージ","35.141214","136.182303","https://btimes.jp/shiga/park/56624/"
"46176","ビレッジハウス五個荘駐車場","35.141302","136.181304","https://btimes.jp/shiga/park/46176/"
"33617","コメリ八日市店駐車場","35.09895","136.199074","https://btimes.jp/shiga/park/33617/"
"33492","コメリ愛知川店駐車場","35.163728","136.216922","https://btimes.jp/shiga/park/33492/"
"47447","愛知川駅前パーキング","35.173303","136.216406","https://btimes.jp/shiga/park/47447/"
"61115","スチューデント福原駐車場","35.247242","136.237678","https://btimes.jp/shiga/park/61115/"
"65644","長曽根南町388-2メゾンラストウィステリア駐車場","35.264586","136.243697","https://btimes.jp/shiga/park/65644/"
"60450","UCD-K駐車場","35.263554","136.244168","https://btimes.jp/shiga/park/60450/"
"41261","ＪＲ柘植駅前 駐車場","34.842937","136.258891","https://btimes.jp/mie/park/41261/"
"65869","タイムズＪＲ柘植駅前第２","34.843339","136.255654","https://btimes.jp/mie/park/65869/"
"62592","米原駅東口第３駐車場","35.311548","136.295099","https://btimes.jp/shiga/park/62592/"
"38292","コメリパワー米原店駐車場","35.332209","136.292511","https://btimes.jp/shiga/park/38292/"
"63740","彦根袋町駐車場","35.262144","136.256872","https://btimes.jp/shiga/park/63740/"
"32664","米原駅前駐車場","35.31304","136.291169","https://btimes.jp/shiga/park/32664/"
"42798","秀英予備校 久居駅前校駐車場","34.671386","136.478088","https://btimes.jp/mie/park/42798/"
"52442","ドラッグセイムス芸濃椋本店駐車場","34.804284","136.444694","https://btimes.jp/mie/park/52442/"
"47174","タイムズマンスリーＪＲ関駅前内駐車場","34.845966","136.398051","https://btimes.jp/mie/park/47174/"
"48322","亀山駅月極駐車場","34.847262","136.452085","https://btimes.jp/mie/park/48322/"
"60788","御殿場浜　潮干狩り駐車場 かもめ荘駐車場　藤方843-10","34.685914","136.523778","https://btimes.jp/mie/park/60788/"
"54567","八幡町津51駐車場","34.695934","136.515025","https://btimes.jp/mie/park/54567/"
"54447","八幡町津55駐車場","34.695783","136.515022","https://btimes.jp/mie/park/54447/"
"55706","八幡町津51西駐車場","34.695961","136.514709","https://btimes.jp/mie/park/55706/"
"45686","FKリンピア桜橋駐車場","34.725602","136.518605","https://btimes.jp/mie/park/45686/"
"47593","半田９３６ー１０１駐車場","34.699758","136.505259","https://btimes.jp/mie/park/47593/"
"59404","ビレッジハウス磯山駐車場","34.809462","136.5752","https://btimes.jp/mie/park/59404/"
"42790","秀英予備校 白子駅前校駐車場","34.832359","136.593303","https://btimes.jp/mie/park/42790/"
"65062","末広東９－１シャルマンヴェガ　駐車場","34.856575","136.573803","https://btimes.jp/mie/park/65062/"
"42791","秀英予備校 鈴鹿市役所前校駐車場","34.879088","136.587701","https://btimes.jp/mie/park/42791/"
"48320","河原田駅月極駐車場","34.907469","136.601352","https://btimes.jp/mie/park/48320/"
"57787","川島町6664-2駐車場","34.974276","136.567278","https://btimes.jp/mie/park/57787/"
"57873","コメリＰＲＯ四日市店駐車場","34.949033","136.600942","https://btimes.jp/mie/park/57873/"
"52937","タイムズ四日市堀木内月極駐車場","34.969278","136.619282","https://btimes.jp/mie/park/52937/"
"59002","ビレッジハウス笹川駐車場","34.940606","136.568733","https://btimes.jp/mie/park/59002/"
"59001","ビレッジハウス笹川駐車場","34.939356","136.572092","https://btimes.jp/mie/park/59001/"
"59000","ビレッジハウス笹川駐車場","34.939496","136.574852","https://btimes.jp/mie/park/59000/"
"58996","ビレッジハウス笹川駐車場","34.939405","136.578165","https://btimes.jp/mie/park/58996/"
"39536","堀木２丁目駐車場","34.969541","136.617765","https://btimes.jp/mie/park/39536/"
"33415","コメリ菰野店駐車場","35.038141","136.533804","https://btimes.jp/mie/park/33415/"
"59408","ビレッジハウス楠駐車場","34.903698","136.628768","https://btimes.jp/mie/park/59408/"
"64485","近鉄長島駅前駐車場","35.093818","136.700791","https://btimes.jp/mie/park/64485/"
"48318","弥富駅月極駐車場","35.110704","136.728775","https://btimes.jp/aichi/park/48318/"
"48254","津島市松原町駐車場","35.179946","136.727789","https://btimes.jp/aichi/park/48254/"
"42742","秀英予備校 津島校駐車場","35.174398","136.736419","https://btimes.jp/aichi/park/42742/"
"56784","ＦＧ第５パーキング","35.310944","136.687193","https://btimes.jp/gifu/park/56784/"
"54908","ＦＧ公園前パーキング","35.310414","136.687174","https://btimes.jp/gifu/park/54908/"
"41945","エフジー駅北駐車場","35.312728","136.690904","https://btimes.jp/gifu/park/41945/"
"58897","ビレッジハウス榎戸駐車場","34.903395","136.825413","https://btimes.jp/aichi/park/58897/"
"45703","FK常滑市新開町駐車場","34.885395","136.835241","https://btimes.jp/aichi/park/45703/"
"42750","秀英予備校 常滑駅前校駐車場","34.886558","136.837636","https://btimes.jp/aichi/park/42750/"
"42747","秀英予備校 知多校駐車場","34.979041","136.872596","https://btimes.jp/aichi/park/42747/"
"64305","UR都市機構　朝倉団地駐車場","34.984206","136.871782","https://btimes.jp/aichi/park/64305/"
"43888","あおなみ線野跡駐車場","35.070291","136.8571","https://btimes.jp/aichi/park/43888/"
"45556","ＦＫ稲永駐車場","35.080011","136.860895","https://btimes.jp/aichi/park/45556/"
"42608","ＦＫ稲永駐車場","35.080011","136.860895","https://btimes.jp/aichi/park/42608/"
"42741","秀英予備校 蟹江駅前校駐車場","35.128121","136.799018","https://btimes.jp/aichi/park/42741/"
"45978","中村ハイツ駐車場","35.125927","136.850225","https://btimes.jp/aichi/park/45978/"
"49587","FK正徳町5丁目パーキング","35.117044","136.86082","https://btimes.jp/aichi/park/49587/"
"25734","FK宝神町元美駐車場","35.09417","136.850975","https://btimes.jp/aichi/park/25734/"
"31088","マンスリー港北駅西駐車場","35.111063","136.864576","https://btimes.jp/aichi/park/31088/"
"50745","荒子2丁目駐車場","35.134475","136.863863","https://btimes.jp/aichi/park/50745/"
"33095","UR都市機構　パークハイツ荒子団地駐車場","35.135103","136.864015","https://btimes.jp/aichi/park/33095/"
"27983","ＦＫ神宮寺1丁目駐車場","35.092408","136.853282","https://btimes.jp/aichi/park/27983/"
"48324","東海通月極駐車場","35.10925","136.865493","https://btimes.jp/aichi/park/48324/"
"43650","マンスリー川間町月極内駐車場","35.112125","136.867431","https://btimes.jp/aichi/park/43650/"
"66110","【軽専用】FKサンハウス成田駐車場","35.140443","136.864922","https://btimes.jp/aichi/park/66110/"
"48323","小本駅月極駐車場","35.145882","136.863916","https://btimes.jp/aichi/park/48323/"
"29656","小割通2丁目駐車場","35.112374","136.872598","https://btimes.jp/aichi/park/29656/"
"29613","丸池町2丁目駐車場","35.112129","136.873485","https://btimes.jp/aichi/park/29613/"
"61583","【B】タイムズマンスリー烏森駅前駐車場","35.148315","136.866453","https://btimes.jp/aichi/park/61583/"
"42217","大井町宮新田10-12駐車場","35.143239","136.755273","https://btimes.jp/aichi/park/42217/"
"50905","大井町宮新田10-12 駐車場","35.143239","136.755273","https://btimes.jp/aichi/park/50905/"
"31309","大手町3丁目5番地の1伊藤駐車場","35.093848","136.872708","https://btimes.jp/aichi/park/31309/"
"61020","FK供米田3丁目駐車場","35.131307","136.813655","https://btimes.jp/aichi/park/61020/"
"50893","140284DUPLEX新川駐車場","35.127472","136.825666","https://btimes.jp/aichi/park/50893/"
"50894","140308PATIOH駐車場","35.114022","136.825278","https://btimes.jp/aichi/park/50894/"
"42596","FK戸田4丁目駐車場","35.131579","136.808615","https://btimes.jp/aichi/park/42596/"
"42597","FK戸田4丁目駐車場","35.131579","136.808615","https://btimes.jp/aichi/park/42597/"
"47964","一色荘駐車場","35.124506","136.830914","https://btimes.jp/aichi/park/47964/"
"54104","【児童遊園北】一色荘駐車場","35.1249","136.831412","https://btimes.jp/aichi/park/54104/"
"47965","一色荘駐車場","35.124413","136.832039","https://btimes.jp/aichi/park/47965/"
"42607","FKＦour SeasonsＡ・Ｂ・Ｃ駐車場","35.12098","136.832824","https://btimes.jp/aichi/park/42607/"
"45555","FKＦour SeasonsＡ・Ｂ・Ｃ駐車場","35.12098","136.832824","https://btimes.jp/aichi/park/45555/"
"48317","春田駅第２月極駐車場","35.139815","136.815489","https://btimes.jp/aichi/park/48317/"
"48316","春田駅第１月極駐車場","35.140082","136.817513","https://btimes.jp/aichi/park/48316/"
"54103","【西2棟】【JR春田駅徒歩17分】戸田荘駐車場","35.13942","136.80594","https://btimes.jp/aichi/park/54103/"
"47957","戸田荘駐車場","35.139818","136.805046","https://btimes.jp/aichi/park/47957/"
"47959","戸田荘駐車場","35.140855","136.806645","https://btimes.jp/aichi/park/47959/"
"47958","戸田荘駐車場","35.140411","136.804701","https://btimes.jp/aichi/park/47958/"
"47960","戸田荘駐車場","35.141157","136.806524","https://btimes.jp/aichi/park/47960/"
"47961","戸田荘駐車場","35.142239","136.805214","https://btimes.jp/aichi/park/47961/"
"47963","戸田荘駐車場","35.143264","136.806931","https://btimes.jp/aichi/park/47963/"
"52775","FK中須町駐車場","35.127895","136.842866","https://btimes.jp/aichi/park/52775/"
"47962","戸田荘駐車場","35.143636","136.805121","https://btimes.jp/aichi/park/47962/"
"54271","【31棟】【JR春田駅徒歩17分】戸田荘駐車場","35.14471","136.805162","https://btimes.jp/aichi/park/54271/"
"57777","FK法華2丁目駐車場","35.12153","136.848737","https://btimes.jp/aichi/park/57777/"
"50892","140275グラシア中花駐車場","35.127656","136.850719","https://btimes.jp/aichi/park/50892/"
"56027","FKスカイタウンフォー駐車場","35.132972","136.852935","https://btimes.jp/aichi/park/56027/"
"47966","宮田荘駐車場","35.155859","136.810532","https://btimes.jp/aichi/park/47966/"
"47968","宮田荘駐車場","35.157341","136.811905","https://btimes.jp/aichi/park/47968/"
"56078","FKフローラルガーデン駐車場","35.143183","136.850738","https://btimes.jp/aichi/park/56078/"
"56079","FKフローラルガーデン駐車場","35.143183","136.850738","https://btimes.jp/aichi/park/56079/"
"48784","高畑４丁目駐車場","35.13928","136.854118","https://btimes.jp/aichi/park/48784/"
"47967","宮田荘駐車場","35.158381","136.810865","https://btimes.jp/aichi/park/47967/"
"64668","FK正保町8丁目駐車場","35.11479","136.860973","https://btimes.jp/aichi/park/64668/"
"47984","正保荘駐車場","35.115828","136.862722","https://btimes.jp/aichi/park/47984/"
"48315","八田月極駐車場","35.146566","136.857567","https://btimes.jp/aichi/park/48315/"
"65313","リバティプレイス2駐車場","35.153213","136.850474","https://btimes.jp/aichi/park/65313/"
"47978","新泰明荘駐車場","35.109738","136.865762","https://btimes.jp/aichi/park/47978/"
"54107","【６棟北】新泰明荘駐車場","35.109317","136.865822","https://btimes.jp/aichi/park/54107/"
"47980","泰明南荘駐車場","35.107907","136.865365","https://btimes.jp/aichi/park/47980/"
"47976","【2棟近く】新泰明荘駐車場","35.108489","136.865637","https://btimes.jp/aichi/park/47976/"
"47979","【7棟近く】新泰明荘駐車場","35.108583","136.865714","https://btimes.jp/aichi/park/47979/"
"54106","【１棟北】新泰明荘駐車場","35.109754","136.866435","https://btimes.jp/aichi/park/54106/"
"47981","泰明南荘駐車場","35.106903","136.865369","https://btimes.jp/aichi/park/47981/"
"47977","新泰明荘駐車場","35.1088","136.866554","https://btimes.jp/aichi/park/47977/"
"47982","泰明南荘駐車場","35.106374","136.865551","https://btimes.jp/aichi/park/47982/"
"47983","泰明南荘駐車場","35.105366","136.865293","https://btimes.jp/aichi/park/47983/"
"54105","【T1棟近く】泰明南荘駐車場","35.105944","136.865963","https://btimes.jp/aichi/park/54105/"
"44949","中村区烏森町バイクガレージ","35.14827","136.859957","https://btimes.jp/aichi/park/44949/"
"63502","FK小本本町3丁目駐車場","35.138389","136.868721","https://btimes.jp/aichi/park/63502/"
"30559","小碓通4丁目駐車場","35.117125","136.872633","https://btimes.jp/aichi/park/30559/"
"46469","タイムズ掖済会病院北内駐車場","35.11855","136.874636","https://btimes.jp/aichi/park/46469/"
"45695","FK向島町2丁目17-2駐車場","35.160981","136.850691","https://btimes.jp/aichi/park/45695/"
"59218","【車高1.9mまで】FKメゾンドジュアン駐車場","35.157103","136.861564","https://btimes.jp/aichi/park/59218/"
"59217","FKメゾンドジュアン駐車場","35.157096","136.861607","https://btimes.jp/aichi/park/59217/"
"58718","FKメゾン・ド中村公園駐車場","35.163894","136.853541","https://btimes.jp/aichi/park/58718/"
"42602","ＦＫ押木田町2丁目駐車場","35.160232","136.859957","https://btimes.jp/aichi/park/42602/"
"28145","中村区中村公園ガレージ","35.165712","136.856","https://btimes.jp/aichi/park/28145/"
"53646","FK日ノ宮町３丁目駐車場","35.157696","136.866665","https://btimes.jp/aichi/park/53646/"
"42443","ＦＫ京田町３丁目駐車場","35.156615","136.86895","https://btimes.jp/aichi/park/42443/"
"41064","港区京田町バイクガレージ","35.156711","136.868882","https://btimes.jp/aichi/park/41064/"
"26114","FK中村本町3丁目駐車場","35.162931","136.863006","https://btimes.jp/aichi/park/26114/"
"53645","FKリブリ・太閤駐車場","35.164489","136.862693","https://btimes.jp/aichi/park/53645/"
"60029","【縦列】FK中村町楠30駐車場","35.16641","136.860995","https://btimes.jp/aichi/park/60029/"
"60028","FK中村町楠30駐車場","35.166403","136.861044","https://btimes.jp/aichi/park/60028/"
"42433","FK二ツ橋町２丁目軽自動車駐車場","35.162321","136.872333","https://btimes.jp/aichi/park/42433/"
"28162","中村区賑町バイクガレージ","35.166328","136.867729","https://btimes.jp/aichi/park/28162/"
"45697","FK二ツ橋町2丁目伊藤駐車場","35.162365","136.872506","https://btimes.jp/aichi/park/45697/"
"56203","FK二ツ橋町2丁目伊藤駐車場","35.162365","136.872506","https://btimes.jp/aichi/park/56203/"
"31132","FK賑町駐車場","35.166316","136.869961","https://btimes.jp/aichi/park/31132/"
"36906","UR都市機構　アーバンラフレ稲沢団地駐車場","35.238348","136.812347","https://btimes.jp/aichi/park/36906/"
"55190","津島市青塚町５丁目１５１駐車場","35.194064","136.769724","https://btimes.jp/aichi/park/55190/"
"40793","みんなのcafe駐車場","35.248723","136.821466","https://btimes.jp/aichi/park/40793/"
"42765","秀英予備校 国府宮駅前校駐車場","35.249482","136.804898","https://btimes.jp/aichi/park/42765/"
"50736","喫茶リブロン横駐車場","35.224036","136.866055","https://btimes.jp/aichi/park/50736/"
"47076","喫茶リブロン駐車場","35.224355","136.86607","https://btimes.jp/aichi/park/47076/"
"50889","140272デューブレックス吉川２駐車場","35.177975","136.861784","https://btimes.jp/aichi/park/50889/"
"61586","【B】タイムズマンスリー西枇杷島駐車場","35.194982","136.872521","https://btimes.jp/aichi/park/61586/"
"36912","UR都市機構　国分団地駐車場","35.248144","136.77649","https://btimes.jp/aichi/park/36912/"
"60564","本陣駅南駐車場","35.171797","136.867926","https://btimes.jp/aichi/park/60564/"
"65339","FK下萱津駐車場","35.180771","136.840233","https://btimes.jp/aichi/park/65339/"
"25736","FK見寄町161駐車場","35.21795","136.864578","https://btimes.jp/aichi/park/25736/"
"45316","KINYAビル駐車場","35.246849","136.80402","https://btimes.jp/aichi/park/45316/"
"48285","新富町月極駐車場","35.183801","136.864275","https://btimes.jp/aichi/park/48285/"
"50890","140273デューブレックス吉川３駐車場","35.178249","136.862273","https://btimes.jp/aichi/park/50890/"
"757","西枇杷島町片町駐車場","35.194906","136.872539","https://btimes.jp/aichi/park/757/"
"50891","140270エポック榮生駐車場","35.18157","136.868168","https://btimes.jp/aichi/park/50891/"
"50895","140491リベルテ駐車場","35.237084","136.863087","https://btimes.jp/aichi/park/50895/"
"50896","20513ロゼット平出駐車場","35.226029","136.872289","https://btimes.jp/aichi/park/50896/"
"57776","FKメルベーユ朝日駐車場","35.172299","136.863386","https://btimes.jp/aichi/park/57776/"
"50901","60061ｃｏｎｆｏｒｔ駐車場","35.237388","136.868582","https://btimes.jp/aichi/park/50901/"
"52774","タイムズ本陣駅前第２内駐車場","35.172779","136.869282","https://btimes.jp/aichi/park/52774/"
"42588","FK元中村町1丁目駐車場1","35.166836","136.863496","https://btimes.jp/aichi/park/42588/"
"60563","【軽専用】FK大秋町1丁目駐車場","35.172504","136.870399","https://btimes.jp/aichi/park/60563/"
"58499","FK大秋町2丁目パーキング","35.171673","136.869743","https://btimes.jp/aichi/park/58499/"
"50817","一宮泉１丁目駐車場","35.300564","136.810839","https://btimes.jp/aichi/park/50817/"
"31776","真清田２丁目駐車場","35.307403","136.805515","https://btimes.jp/aichi/park/31776/"
"48264","神山１丁目駐車場","35.300256","136.793423","https://btimes.jp/aichi/park/48264/"
"25718","FK下津北山1-10駐車場","35.252817","136.825733","https://btimes.jp/aichi/park/25718/"
"42770","秀英予備校 時之島校駐車場","35.321857","136.836798","https://btimes.jp/aichi/park/42770/"
"63525","60005フォーリア五明駐車場","35.316526","136.868801","https://btimes.jp/aichi/park/63525/"
"50816","大江１丁目１３駐車場","35.301075","136.806721","https://btimes.jp/aichi/park/50816/"
"48174","本町1丁目駐車場","35.302089","136.805846","https://btimes.jp/aichi/park/48174/"
"48293","稲荷月極駐車場","35.302436","136.798486","https://btimes.jp/aichi/park/48293/"
"48294","稲荷公園月極駐車場","35.303055","136.798187","https://btimes.jp/aichi/park/48294/"
"48295","上本町月極駐車場","35.303608","136.797993","https://btimes.jp/aichi/park/48295/"
"35469","苅安賀火口上102番地1　ガーデンヒルズ駐車場","35.2844","136.781658","https://btimes.jp/aichi/park/35469/"
"7851","松下１丁目駐車場","35.252052","136.804166","https://btimes.jp/aichi/park/7851/"
"7852","松下１丁目駐車場","35.252052","136.804166","https://btimes.jp/aichi/park/7852/"
"7849","松下２丁目第２駐車場","35.251056","136.801831","https://btimes.jp/aichi/park/7849/"
"7850","松下２丁目第２駐車場","35.251056","136.801831","https://btimes.jp/aichi/park/7850/"
"7847","松下２丁目第１駐車場","35.250916","136.800659","https://btimes.jp/aichi/park/7847/"
"7848","松下２丁目第１駐車場","35.250916","136.800659","https://btimes.jp/aichi/park/7848/"
"55426","FKコスモス第2パーキング","35.321462","136.777813","https://btimes.jp/aichi/park/55426/"
"48175","奥町駅前駐車場","35.321497","136.763364","https://btimes.jp/aichi/park/48175/"
"48435","奥町駅前駐車場","35.321497","136.763364","https://btimes.jp/aichi/park/48435/"
"58368","南知多町師崎新町駐車場","34.699437","136.97142","https://btimes.jp/aichi/park/58368/"
"55023","南知多町片名新師崎59北西隣駐車場","34.702086","136.974273","https://btimes.jp/aichi/park/55023/"
"32778","マンスリータイムズ河和口駅前駐車場","34.794224","136.922162","https://btimes.jp/aichi/park/32778/"
"32781","マンスリータイムズ河和口駅前駐車場","34.794224","136.922162","https://btimes.jp/aichi/park/32781/"
"52441","ドラッグセイムス半田中町店駐車場","34.887992","136.931616","https://btimes.jp/aichi/park/52441/"
"60407","武豊町大屋敷駐車場","34.843017","136.922494","https://btimes.jp/aichi/park/60407/"
"58898","ビレッジハウス谷口駐車場","34.851154","136.904427","https://btimes.jp/aichi/park/58898/"
"63530","140352Sophia川端AB駐車場","34.862451","136.994512","https://btimes.jp/aichi/park/63530/"
"63531","140352Sophia川端AB駐車場","34.862451","136.994512","https://btimes.jp/aichi/park/63531/"
"41142","UR都市機構　朝倉駐車場","34.982456","136.87542","https://btimes.jp/aichi/park/41142/"
"54382","FK刈谷市司町駐車場","34.980898","136.987835","https://btimes.jp/aichi/park/54382/"
"64881","FK加木屋月極駐車場","34.992998","136.906703","https://btimes.jp/aichi/park/64881/"
"52060","共和町5-126-11駐車場","35.03305","136.95305","https://btimes.jp/aichi/park/52060/"
"54940","共和町5-126-11駐車場","35.03305","136.95305","https://btimes.jp/aichi/park/54940/"
"46819","ビレッジハウス長草駐車場","35.023719","136.943488","https://btimes.jp/aichi/park/46819/"
"58899","ビレッジハウス共和駐車場","35.024464","136.956687","https://btimes.jp/aichi/park/58899/"
"52440","ドラッグセイムス東海富木島店駐車場","35.020199","136.916751","https://btimes.jp/aichi/park/52440/"
"48644","大高駅北月極駐車場","35.066963","136.942389","https://btimes.jp/aichi/park/48644/"
"60253","ティアラ駐車場","35.016947","136.916645","https://btimes.jp/aichi/park/60253/"
"61585","【B】タイムズマンスリー元鳴尾町駐車場","35.073506","136.939571","https://btimes.jp/aichi/park/61585/"
"48394","UR都市機構　アーバンラフレ鳴海団地駐車場","35.070366","136.977484","https://btimes.jp/aichi/park/48394/"
"60230","アルテール２駐車場","35.015332","136.891426","https://btimes.jp/aichi/park/60230/"
"64928","葭山 駐車場","35.013544","136.892488","https://btimes.jp/aichi/park/64928/"
"36913","UR都市機構　アーバンラフレ鳴海団地駐車場","35.070883","136.981197","https://btimes.jp/aichi/park/36913/"
"40802","クレールモリ駐車場","35.003891","136.886459","https://btimes.jp/aichi/park/40802/"
"61658","【B】タイムズマンスリー共和町３丁目駐車場","35.029841","136.957195","https://btimes.jp/aichi/park/61658/"
"755","共和町駐車場","35.029842","136.957217","https://btimes.jp/aichi/park/755/"
"48001","桶狭間荘駐車場","35.043787","136.969355","https://btimes.jp/aichi/park/48001/"
"54272","【8棟西】桶狭間荘駐車場","35.044091","136.969506","https://btimes.jp/aichi/park/54272/"
"47999","桶狭間荘駐車場","35.04466","136.97072","https://btimes.jp/aichi/park/47999/"
"48000","桶狭間荘駐車場","35.044127","136.971017","https://btimes.jp/aichi/park/48000/"
"47997","桶狭間荘駐車場","35.046924","136.97119","https://btimes.jp/aichi/park/47997/"
"47998","桶狭間荘駐車場","35.045644","136.972254","https://btimes.jp/aichi/park/47998/"
"54108","【２棟北】桶狭間荘駐車場","35.046788","136.972426","https://btimes.jp/aichi/park/54108/"
"42609","ＦＫ大高町下塩田パーキング","35.066919","136.937755","https://btimes.jp/aichi/park/42609/"
"56808","FK鳴海町石堀山駐車場","35.068977","136.950844","https://btimes.jp/aichi/park/56808/"
"54627","FK元柴田東町1丁目駐車場","35.069911","136.909723","https://btimes.jp/aichi/park/54627/"
"42592","ＦＫデュープレックス平子I・II駐車場","35.01492","136.98097","https://btimes.jp/aichi/park/42592/"
"54206","FK大同町5丁目28駐車場","35.074329","136.91228","https://btimes.jp/aichi/park/54206/"
"61296","葭山B駐車場","35.013531","136.892516","https://btimes.jp/aichi/park/61296/"
"41960","尾張横須賀駅西側駐車場","35.007318","136.887477","https://btimes.jp/aichi/park/41960/"
"50888","140062Zaoh VILLAGE駐車場","35.074356","136.988989","https://btimes.jp/aichi/park/50888/"
"40904","ウエストパーク・Ｎ駐車場","35.081526","136.988819","https://btimes.jp/aichi/park/40904/"
"40910","ポラリス駐車場","35.080969","136.994105","https://btimes.jp/aichi/park/40910/"
"57679","名城パーキング名古屋港駐車場","35.091296","136.887255","https://btimes.jp/aichi/park/57679/"
"40018","大江西第二駐車場","35.085449","136.894093","https://btimes.jp/aichi/park/40018/"
"47985","堤起荘駐車場","35.083556","136.921832","https://btimes.jp/aichi/park/47985/"
"48234","堤起荘駐車場","35.083632","136.922741","https://btimes.jp/aichi/park/48234/"
"59406","ビレッジハウス笠寺タワー駐車場","35.08362","136.931304","https://btimes.jp/aichi/park/59406/"
"28004","弥次ヱ町4-17駐車場","35.088938","136.927428","https://btimes.jp/aichi/park/28004/"
"61584","【B】タイムズマンスリー立脇町第１駐車場","35.088471","136.931651","https://btimes.jp/aichi/park/61584/"
"60772","【軽専用】FK浜田町4丁目65駐車場","35.085373","136.928387","https://btimes.jp/aichi/park/60772/"
"60771","FK浜田町4丁目65駐車場","35.085371","136.928367","https://btimes.jp/aichi/park/60771/"
"46455","タイムズ砂口町内駐車場","35.090936","136.944628","https://btimes.jp/aichi/park/46455/"
"31016","マンスリー砂口町駐車場","35.090979","136.944607","https://btimes.jp/aichi/park/31016/"
"41063","港区港栄第二バイクガレージ","35.098697","136.884659","https://btimes.jp/aichi/park/41063/"
"32638","港区港栄バイクガレージ","35.099482","136.886249","https://btimes.jp/aichi/park/32638/"
"47969","港陽荘駐車場","35.099974","136.890749","https://btimes.jp/aichi/park/47969/"
"33054","UR都市機構　木場団地駐車場","35.096015","136.903973","https://btimes.jp/aichi/park/33054/"
"64329","UR都市機構　木場団地駐車場","35.096722","136.902342","https://btimes.jp/aichi/park/64329/"
"52168","ビレッジハウス木場タワー駐車場","35.099842","136.902734","https://btimes.jp/aichi/park/52168/"
"52330","コーポ山本駐車場","35.092014","136.917918","https://btimes.jp/aichi/park/52330/"
"45233","笠寺駅月極駐車場","35.093171","136.928896","https://btimes.jp/aichi/park/45233/"
"63714","FK前浜通６丁目駐車場","35.094639","136.936796","https://btimes.jp/aichi/park/63714/"
"63731","【軽専用】FK前浜通６丁目駐車場","35.094639","136.936796","https://btimes.jp/aichi/park/63731/"
"45232","笠寺駅月極駐車場","35.093182","136.929137","https://btimes.jp/aichi/park/45232/"
"31130","FK笠寺町駐車場","35.097177","136.936645","https://btimes.jp/aichi/park/31130/"
"65231","富士見マンション駐車場","35.094438","136.94361","https://btimes.jp/aichi/park/65231/"
"44315","FK若草町パーキング","35.097864","136.941881","https://btimes.jp/aichi/park/44315/"
"62711","(屋根あり)FK明円町駐車場","35.097925","136.9503","https://btimes.jp/aichi/park/62711/"
"62615","FK明円町駐車場","35.097916","136.950268","https://btimes.jp/aichi/park/62615/"
"54380","FK神沢1丁目2008駐車場","35.093813","136.991234","https://btimes.jp/aichi/park/54380/"
"54381","FK神沢1丁目2008駐車場","35.093813","136.991234","https://btimes.jp/aichi/park/54381/"
"29411","名城パーキング港楽","35.100322","136.889775","https://btimes.jp/aichi/park/29411/"
"52465","タイムズ三条1丁目第2内駐車場","35.102193","136.904343","https://btimes.jp/aichi/park/52465/"
"60333","FK豊田2丁目ハイツ北駐車場","35.10254","136.917747","https://btimes.jp/aichi/park/60333/"
"60341","FK豊田2丁目旧畑駐車場","35.102674","136.917669","https://btimes.jp/aichi/park/60341/"
"63715","FK豊田2丁目2202駐車場","35.102287","136.917047","https://btimes.jp/aichi/park/63715/"
"48280","豊二丁目月極駐車場","35.105412","136.913903","https://btimes.jp/aichi/park/48280/"
"65230","メトロＭ24駐車場","35.108015","136.929171","https://btimes.jp/aichi/park/65230/"
"65232","メトロＭ24駐車場","35.108015","136.929171","https://btimes.jp/aichi/park/65232/"
"42585","FK鳥栖1丁目2111-1駐車場","35.105743","136.943163","https://btimes.jp/aichi/park/42585/"
"32642","南区桜本町バイクガレージ","35.105009","136.938544","https://btimes.jp/aichi/park/32642/"
"48396","UR都市機構　相生山団地駐車場","35.103103","136.983185","https://btimes.jp/aichi/park/48396/"
"36898","UR都市機構　相生山団地駐車場","35.10297","136.978922","https://btimes.jp/aichi/park/36898/"
"53169","ＦＫ桃山４丁目駐車場","35.10013","136.986805","https://btimes.jp/aichi/park/53169/"
"1145","松年町4-83駐車場","35.116598","136.877658","https://btimes.jp/aichi/park/1145/"
"60953","FK津金2丁目1121駐車場","35.109621","136.882685","https://btimes.jp/aichi/park/60953/"
"48282","四番町第２月極駐車場","35.115893","136.894394","https://btimes.jp/aichi/park/48282/"
"48281","四番町第１月極駐車場","35.115467","136.894911","https://btimes.jp/aichi/park/48281/"
"48288","内浜第１月極駐車場","35.108924","136.920365","https://btimes.jp/aichi/park/48288/"
"48289","内浜第２月極駐車場","35.110383","136.919795","https://btimes.jp/aichi/park/48289/"
"48290","浮島町月極駐車場","35.111246","136.919406","https://btimes.jp/aichi/park/48290/"
"42434","FK伝馬2丁目浅井駐車場","35.114383","136.91451","https://btimes.jp/aichi/park/42434/"
"30583","呼続元町駐車場","35.111563","136.93458","https://btimes.jp/aichi/park/30583/"
"39050","FK苗代町1001駐車場","35.11555","136.928811","https://btimes.jp/aichi/park/39050/"
"32631","南区新瑞橋バイクガレージ","35.111825","136.940647","https://btimes.jp/aichi/park/32631/"
"42583","ＦＫマイ・サイト新瑞駐車場","35.114616","136.943632","https://btimes.jp/aichi/park/42583/"
"31958","瑞穂運動場東駐車場","35.116466","136.950969","https://btimes.jp/aichi/park/31958/"
"61483","FKベレル原駐車場","35.114838","136.996993","https://btimes.jp/aichi/park/61483/"
"59069","FK玉船町1丁目駐車場","35.121146","136.878614","https://btimes.jp/aichi/park/59069/"
"30963","大宝４丁目駐車場","35.124481","136.893991","https://btimes.jp/aichi/park/30963/"
"42436","FKアキュラパークサイド駐車場","35.117501","136.908873","https://btimes.jp/aichi/park/42436/"
"56535","名城パーキング白鳥","35.123169","136.908841","https://btimes.jp/aichi/park/56535/"
"55657","FK花表パーキング","35.120894","136.919404","https://btimes.jp/aichi/park/55657/"
"33061","UR都市機構　花表団地駐車場","35.120869","136.918338","https://btimes.jp/aichi/park/33061/"
"33087","UR都市機構　花表団地駐車場","35.12143","136.918375","https://btimes.jp/aichi/park/33087/"
"41140","UR都市機構　牛巻団地駐車場","35.124774","136.92064","https://btimes.jp/aichi/park/41140/"
"29388","伝馬町東月極駐車場","35.116738","136.916682","https://btimes.jp/aichi/park/29388/"
"54628"," FK花表町1409-1駐車場","35.122288","136.918331","https://btimes.jp/aichi/park/54628/"
"30322","神前町1丁目駐車場","35.11765","136.935934","https://btimes.jp/aichi/park/30322/"
"66240","FK大喜町5丁目43-3駐車場","35.121646","136.930868","https://btimes.jp/aichi/park/66240/"
"64300","【軽専用】FK柳ケ枝町3丁目駐車場","35.11863","136.931242","https://btimes.jp/aichi/park/64300/"
"52887","白龍町駐車場","35.120309","136.932848","https://btimes.jp/aichi/park/52887/"
"28138","瑞穂区白龍バイクガレージ","35.120114","136.930789","https://btimes.jp/aichi/park/28138/"
"41065","瑞穂区白龍町バイクガレージ","35.120138","136.930814","https://btimes.jp/aichi/park/41065/"
"52686","FK下坂町4丁目パーキング","35.119138","136.928339","https://btimes.jp/aichi/park/52686/"
"45699","FK下坂町月極駐車場","35.119482","136.928478","https://btimes.jp/aichi/park/45699/"
"42489","柳ケ枝町１丁目パーキング","35.117868","136.926722","https://btimes.jp/aichi/park/42489/"
"47392","タイムズ内方町内駐車場","35.12014","136.940216","https://btimes.jp/aichi/park/47392/"
"42733","秀英予備校 瑞穂通校駐車場","35.120504","136.938368","https://btimes.jp/aichi/park/42733/"
"62733","麻里デンタルクリニック駐車場【コンパクト用】","35.122835","136.956106","https://btimes.jp/aichi/park/62733/"
"61652","麻里デンタルクリニック駐車場","35.122853","136.956089","https://btimes.jp/aichi/park/61652/"
"45712","FK天白区池見2丁目駐車場","35.123543","136.969905","https://btimes.jp/aichi/park/45712/"
"54986","FK外新町1丁目30駐車場","35.125421","136.885752","https://btimes.jp/aichi/park/54986/"
"54985","FK外新町1丁目30駐車場","35.125421","136.885752","https://btimes.jp/aichi/park/54985/"
"66216","野立町2丁目リノエット駐車場","35.128996","136.890525","https://btimes.jp/aichi/park/66216/"
"48283","第２古新月極駐車場","35.128445","136.888655","https://btimes.jp/aichi/park/48283/"
"42580","FK大宝4丁目横山駐車場","35.125553","136.894474","https://btimes.jp/aichi/park/42580/"
"42610","FK大宝4丁目横山駐車場","35.125553","136.894474","https://btimes.jp/aichi/park/42610/"
"46429","タイムズ大宝１丁目内駐車場","35.129044","136.898674","https://btimes.jp/aichi/park/46429/"
"43709","熱田区神野町バイクガレージ","35.127821","136.892737","https://btimes.jp/aichi/park/43709/"
"48284","野立町月極駐車場","35.129262","136.888537","https://btimes.jp/aichi/park/48284/"
"55091","ＦＫ切戸町２丁目駐車場","35.132254","136.890997","https://btimes.jp/aichi/park/55091/"
"55092","ＦＫ切戸町２丁目駐車場","35.132254","136.890997","https://btimes.jp/aichi/park/55092/"
"49584","FK切戸町2丁目南谷駐車場","35.131794","136.890003","https://btimes.jp/aichi/park/49584/"
"45725","FK糸三玉の井町駐車場","35.127417","136.909506","https://btimes.jp/aichi/park/45725/"
"54629","FK旗屋2丁目1206‐2駐車場","35.125938","136.907029","https://btimes.jp/aichi/park/54629/"
"54630","FK旗屋2丁目1206‐2駐車場","35.125938","136.907029","https://btimes.jp/aichi/park/54630/"
"54631","FK旗屋2丁目1206‐2駐車場","35.125938","136.907029","https://btimes.jp/aichi/park/54631/"
"46451","タイムズ亀城町第１内駐車場","35.132224","136.923448","https://btimes.jp/aichi/park/46451/"
"29397","名城パーキング八事裏山","35.130974","136.973109","https://btimes.jp/aichi/park/29397/"
"57678","名城パーキング八事裏山","35.130974","136.973109","https://btimes.jp/aichi/park/57678/"
"56782","FKカーサノア八事駐車場","35.131862","136.965198","https://btimes.jp/aichi/park/56782/"
"31188","メゾン浅井駐車場","35.125555","136.986817","https://btimes.jp/aichi/park/31188/"
"28163","天白区塩釜口ガレージ","35.13046","136.982717","https://btimes.jp/aichi/park/28163/"
"48455","中川保育園前第一駐車場","35.138649","136.888405","https://btimes.jp/aichi/park/48455/"
"55093","FK柳川町月極駐車場","35.135196","136.896472","https://btimes.jp/aichi/park/55093/"
"45704","FK明野町904駐車場","35.136242","136.893314","https://btimes.jp/aichi/park/45704/"
"54006","FK八熊401駐車場","35.137419","136.895047","https://btimes.jp/aichi/park/54006/"
"54491","FK八熊2丁目1601駐車場","35.138731","136.894162","https://btimes.jp/aichi/park/54491/"
"3192","正木4丁目第1駐車場","35.13974","136.898729","https://btimes.jp/aichi/park/3192/"
"54907","FK尾頭橋2丁目鈴木駐車場","35.139753","136.893241","https://btimes.jp/aichi/park/54907/"
"55984","FK牛立町３丁目Oパーキング","35.13451","136.888605","https://btimes.jp/aichi/park/55984/"
"53265","FK荒江町駐車場","35.140372","136.888622","https://btimes.jp/aichi/park/53265/"
"25732","FK沢上2丁目駐車場","35.135199","136.908736","https://btimes.jp/aichi/park/25732/"
"49583","FK金山町２丁目駐車場","35.137534","136.906025","https://btimes.jp/aichi/park/49583/"
"32649","熱田区金山バイクガレージ","35.138929","136.908364","https://btimes.jp/aichi/park/32649/"
"54208","円上町 月極駐車場","35.140045","136.922506","https://btimes.jp/aichi/park/54208/"
"48258","竹田町1丁目駐車場","35.135602","136.922434","https://btimes.jp/aichi/park/48258/"
"51986","FKパーキング池内町","35.136389","136.913135","https://btimes.jp/aichi/park/51986/"
"61616","長池町3丁目-42-1駐車場","35.139313","136.943679","https://btimes.jp/aichi/park/61616/"
"42250","陽明町１丁目月極内駐車場 ","35.134213","136.949112","https://btimes.jp/aichi/park/42250/"
"40913","グレーシアハイムＫ駐車場","35.140973","136.940381","https://btimes.jp/aichi/park/40913/"
"52030","プチシャトー五軒家駐車場","35.141014","136.952722","https://btimes.jp/aichi/park/52030/"
"28164","昭和区広路町ガレージ","35.135706","136.960461","https://btimes.jp/aichi/park/28164/"
"54202","FK五軒家町2丁目パーキング","35.141295","136.952556","https://btimes.jp/aichi/park/54202/"
"46993","大坪2丁目1406ハイツこんどう駐車場","35.133994","136.984997","https://btimes.jp/aichi/park/46993/"
"52467","タイムズ植田山5丁目内月極駐車場","35.138642","136.987264","https://btimes.jp/aichi/park/52467/"
"51543","パールハイツ駐車場","35.138339","136.99169","https://btimes.jp/aichi/park/51543/"
"47111","焼山2丁目502プルーフテック駐車場","35.140743","136.996444","https://btimes.jp/aichi/park/47111/"
"42444","ＦＫ広川町４丁目樋口駐車場","35.145999","136.882631","https://btimes.jp/aichi/park/42444/"
"65757","FK石場町2丁目駐車場","35.145089","136.886686","https://btimes.jp/aichi/park/65757/"
"50592","タイムズ露橋町月極内駐車場※1:月極区画","35.148737","136.885825","https://btimes.jp/aichi/park/50592/"
"29655","露橋１丁目２５駐車場　東区画","35.149263","136.889388","https://btimes.jp/aichi/park/29655/"
"42483","名鉄山王バス停前駐車場　入り口付近","35.149598","136.889695","https://btimes.jp/aichi/park/42483/"
"29982","露橋１丁目２５駐車場　西区画","35.149285","136.889251","https://btimes.jp/aichi/park/29982/"
"52001","FK正木2丁目117駐車場","35.144675","136.897319","https://btimes.jp/aichi/park/52001/"
"54262","FK尾頭橋4丁目駐車場","35.143747","136.891519","https://btimes.jp/aichi/park/54262/"
"35265","FK露橋2丁目1901駐車場 ","35.143144","136.888535","https://btimes.jp/aichi/park/35265/"
"43796","タイムズ露橋１丁目第２月極内駐車場","35.148102","136.890834","https://btimes.jp/aichi/park/43796/"
"46496","タイムズ露橋１丁目第２内駐車場","35.148085","136.89077","https://btimes.jp/aichi/park/46496/"
"45728","FK山王1丁目613-2駐車場","35.1498","136.892861","https://btimes.jp/aichi/park/45728/"
"54983","FK横堀町2丁目26月極駐車場","35.149603","136.888466","https://btimes.jp/aichi/park/54983/"
"65836","FKラフレシールクワトロ駐車場","35.142149","136.908062","https://btimes.jp/aichi/park/65836/"
"53248","FK平和2丁目401-5駐車場【軽車両のみ】","35.14577","136.91169","https://btimes.jp/aichi/park/53248/"
"53074","タイムズ富士見第４内月極駐車場","35.149533","136.909566","https://btimes.jp/aichi/park/53074/"
"60828","FK御器所2丁目駐車場","35.145853","136.923845","https://btimes.jp/aichi/park/60828/"
"46425","タイムズ白金内駐車場","35.141827","136.919461","https://btimes.jp/aichi/park/46425/"
"53246","FK稲カツ駐車場","35.148686","136.922072","https://btimes.jp/aichi/park/53246/"
"51163","FK千代田4丁目駐車場","35.145589","136.912884","https://btimes.jp/aichi/park/51163/"
"51164","FK千代田4丁目駐車場","35.145589","136.912884","https://btimes.jp/aichi/park/51164/"
"58963","FK恵方町1丁目15パーキング","35.14244","136.931172","https://btimes.jp/aichi/park/58963/"
"65309","quadorGOKISOPREMIERE駐車場","35.14706","136.932257","https://btimes.jp/aichi/park/65309/"
"65835","FKアルカディア御器所駐車場","35.143266","136.927208","https://btimes.jp/aichi/park/65835/"
"28165","昭和区川名本町ガレージ","35.146831","136.94789","https://btimes.jp/aichi/park/28165/"
"54820","FK川名本町4丁目駐車場","35.147289","136.945681","https://btimes.jp/aichi/park/54820/"
"40915","ストーンヒルズ駐車場","35.142943","136.939887","https://btimes.jp/aichi/park/40915/"
"53825","メゾン川名山駐車場","35.144345","136.955891","https://btimes.jp/aichi/park/53825/"
"60866","パティオII駐車場","35.148469","136.960241","https://btimes.jp/aichi/park/60866/"
"51999","FK山中町１丁目駐車場","35.14627","136.956027","https://btimes.jp/aichi/park/51999/"
"45975","名城パーキング名古屋大学南駐車場","35.149112","136.96774","https://btimes.jp/aichi/park/45975/"
"51997","FK妙見町駐車場2","35.142285","136.970521","https://btimes.jp/aichi/park/51997/"
"51996","FK妙見町駐車場1","35.142735","136.9694","https://btimes.jp/aichi/park/51996/"
"45784","UR都市機構　豊成団地駐車場","35.153679","136.881601","https://btimes.jp/aichi/park/45784/"
"64359","UR都市機構　豊成団地駐車場","35.15268","136.879569","https://btimes.jp/aichi/park/64359/"
"50871","FK九重町駐車場","35.154129","136.879844","https://btimes.jp/aichi/park/50871/"
"26113","FK長戸井町パーキング","35.155283","136.876136","https://btimes.jp/aichi/park/26113/"
"50872","FK九重町駐車場","35.154129","136.879844","https://btimes.jp/aichi/park/50872/"
"66006","FK長戸井町3丁目N駐車場","35.154996","136.87603","https://btimes.jp/aichi/park/66006/"
"55788","FK長戸井町3丁目41-2駐車場","35.15508","136.8757","https://btimes.jp/aichi/park/55788/"
"55789","FK長戸井町3丁目41-2駐車場","35.15508","136.8757","https://btimes.jp/aichi/park/55789/"
"46104","コーポ松重駐車場","35.152691","136.896028","https://btimes.jp/aichi/park/46104/"
"56300","FKスタジオスクエア大須駐車場","35.156399","136.896702","https://btimes.jp/aichi/park/56300/"
"56301","FKスタジオスクエア大須駐車場","35.156399","136.896702","https://btimes.jp/aichi/park/56301/"
"42606","FK大須1丁目横井駐車場","35.156863","136.896666","https://btimes.jp/aichi/park/42606/"
"59669","FK大須1丁目2519駐車場","35.157084","136.896142","https://btimes.jp/aichi/park/59669/"
"59670","【バイク専用】FK大須1丁目2519駐車場","35.157092","136.896107","https://btimes.jp/aichi/park/59670/"
"62459","【小型車】FK西日置町9丁目119駐車場","35.153965","136.889649","https://btimes.jp/aichi/park/62459/"
"56263","FK名駅南３丁目服部駐車場","35.157408","136.892585","https://btimes.jp/aichi/park/56263/"
"3756","エムテックユーキパーキング","35.15575","136.904264","https://btimes.jp/aichi/park/3756/"
"49522","エムテックユーキパーキング","35.15575","136.904264","https://btimes.jp/aichi/park/49522/"
"44883","エムテックキッズランド大須パーキング","35.157259","136.909326","https://btimes.jp/aichi/park/44883/"
"49524","エムテックキッズランド大須パーキング","35.157259","136.909326","https://btimes.jp/aichi/park/49524/"
"56242","FKサンシャイン上前津駐車場","35.153264","136.909987","https://btimes.jp/aichi/park/56242/"
"53844","FK宝マンション大須駐車場","35.156526","136.903","https://btimes.jp/aichi/park/53844/"
"44065","FK Star heights駐車場（Ｂ）","35.157736","136.90274","https://btimes.jp/aichi/park/44065/"
"44066","FK Star heights駐車場（C）","35.157867","136.902852","https://btimes.jp/aichi/park/44066/"
"39053","FK Star heights駐車場（Ａ）","35.157512","136.901555","https://btimes.jp/aichi/park/39053/"
"50383","千代田3丁目駐車場","35.151478","136.914478","https://btimes.jp/aichi/park/50383/"
"59383","【軽専用】FKクレア高峯駐車場","35.156855","136.919515","https://btimes.jp/aichi/park/59383/"
"31144","FK千代田2丁目H駐車場","35.154962","136.915555","https://btimes.jp/aichi/park/31144/"
"25711","FK千代田3丁目駐車場","35.151938","136.913671","https://btimes.jp/aichi/park/25711/"
"54200","FK第3宮地マンション記念橋駐車場","35.154358","136.913168","https://btimes.jp/aichi/park/54200/"
"54201","FK第3宮地マンション記念橋駐車場","35.154358","136.913168","https://btimes.jp/aichi/park/54201/"
"65031","FKプレサンスSAKAEリバースタイル駐車場","35.155007","136.912508","https://btimes.jp/aichi/park/65031/"
"64669","FK山脇町駐車場","35.150712","136.928027","https://btimes.jp/aichi/park/64669/"
"59998","FK川名町2丁目65-1駐車場","35.150604","136.944668","https://btimes.jp/aichi/park/59998/"
"61462","FK日岡町3丁目駐車場","35.155858","136.949847","https://btimes.jp/aichi/park/61462/"
"54981","FKメゾン・ド・エタリテ敷地内駐車場","35.157203","136.940317","https://btimes.jp/aichi/park/54981/"
"55320","FKメゾン・ド・エタリテ敷地内駐車場","35.157203","136.940317","https://btimes.jp/aichi/park/55320/"
"58128","FK田面町1丁目駐車場","35.154526","136.957077","https://btimes.jp/aichi/park/58128/"
"51987","FK田面町駐車場","35.156051","136.958481","https://btimes.jp/aichi/park/51987/"
"44716","パティオ101駐車場","35.150969","136.963498","https://btimes.jp/aichi/park/44716/"
"28139","千種区唐山町バイクガレージ","35.157844","136.97137","https://btimes.jp/aichi/park/28139/"
"48395","UR都市機構　アーバンラフレ虹ヶ丘南団地駐車場","35.153511","136.994339","https://btimes.jp/aichi/park/48395/"
"42331","UR都市機構　アーバンラフレ虹ヶ丘南団地駐車場","35.15372","136.993594","https://btimes.jp/aichi/park/42331/"
"36867","UR都市機構　アーバンラフレ虹ヶ丘中団地駐車場","35.156237","136.99962","https://btimes.jp/aichi/park/36867/"
"48393","UR都市機構　アーバンラフレ虹ヶ丘西団地駐車場","35.156461","136.994134","https://btimes.jp/aichi/park/48393/"
"33097","UR都市機構　アーバンラフレ虹ヶ丘西団地駐車場","35.156811","136.993427","https://btimes.jp/aichi/park/33097/"
"56318","FK名東本通4丁目駐車場","35.15726","136.999598","https://btimes.jp/aichi/park/56318/"
"56750","ＦＫ大正町３丁目駐車場","35.159123","136.87808","https://btimes.jp/aichi/park/56750/"
"3749","エムテックミタニビルパーキング","35.165988","136.884264","https://btimes.jp/aichi/park/3749/"
"66267","エムテック名駅新幹線口パーキング","35.166473","136.88308","https://btimes.jp/aichi/park/66267/"
"58853","【バイク専用】FK太閤1丁目駐車場","35.162054","136.885639","https://btimes.jp/aichi/park/58853/"
"58778","FK太閤1丁目駐車場","35.162085","136.885564","https://btimes.jp/aichi/park/58778/"
"60342","【軽専用】FK太閤1丁目駐車場","35.162085","136.885564","https://btimes.jp/aichi/park/60342/"
"61339","FKクアドール名古屋駅駐車場","35.163263","136.879367","https://btimes.jp/aichi/park/61339/"
"55094","FKシティライフ名駅駐車場","35.166638","136.877227","https://btimes.jp/aichi/park/55094/"
"48246","エムテック御園パーキング","35.162433","136.898216","https://btimes.jp/aichi/park/48246/"
"48247","エムテック御園パーキング","35.162433","136.898216","https://btimes.jp/aichi/park/48247/"
"27101","リッチモンドホテル名古屋納屋橋駐車場","35.164125","136.896434","https://btimes.jp/aichi/park/27101/"
"28149","中区大須ガレージ","35.15859","136.897457","https://btimes.jp/aichi/park/28149/"
"64945","FKリエス伏見駐車場","35.162081","136.897271","https://btimes.jp/aichi/park/64945/"
"3746","エムテックアークロック栄パーキング","35.159738","136.910989","https://btimes.jp/aichi/park/3746/"
"61507","【バイク専用】タイムズ白川公園駐車場","35.159623","136.903467","https://btimes.jp/aichi/park/61507/"
"35264","エムテック大日パーキング","35.163399","136.905584","https://btimes.jp/aichi/park/35264/"
"47935","エムテックヒマラヤパーキング","35.164326","136.906039","https://btimes.jp/aichi/park/47935/"
"47936","エムテックヒマラヤパーキング","35.164326","136.906039","https://btimes.jp/aichi/park/47936/"
"3751","エムテックアミーパーキング","35.166287","136.906893","https://btimes.jp/aichi/park/3751/"
"47746","エムテックグリーンパーキング","35.163881","136.91739","https://btimes.jp/aichi/park/47746/"
"49525","エムテックグリーンパーキング","35.163881","136.91739","https://btimes.jp/aichi/park/49525/"
"3754","エムテックアイチパーキング","35.16351","136.914458","https://btimes.jp/aichi/park/3754/"
"46507","エムテックアイチパーキング","35.16351","136.914458","https://btimes.jp/aichi/park/46507/"
"3752","エムテック広小路東新パーキング","35.166256","136.916327","https://btimes.jp/aichi/park/3752/"
"46511","エムテック広小路東新パーキング","35.166256","136.916327","https://btimes.jp/aichi/park/46511/"
"56277","FK栄5丁目駐車場","35.159872","136.916377","https://btimes.jp/aichi/park/56277/"
"56278","FK栄5丁目駐車場","35.159872","136.916377","https://btimes.jp/aichi/park/56278/"
"52075","ピュアパルクシクーザ駐車場","35.161575","136.932979","https://btimes.jp/aichi/park/52075/"
"47388","タイムズ今池２丁目第２駐車場","35.164242","136.932105","https://btimes.jp/aichi/park/47388/"
"66019","FK千種一丁目2506駐車場","35.160422","136.93055","https://btimes.jp/aichi/park/66019/"
"42582","ＦＫ今池２丁目Ｎパーキング","35.163079","136.933706","https://btimes.jp/aichi/park/42582/"
"64478","老松第３月極駐車場","35.16007","136.926798","https://btimes.jp/aichi/park/64478/"
"47289","老松第２月極駐車場","35.158871","136.92579","https://btimes.jp/aichi/park/47289/"
"48309","老松月極駐車場","35.158871","136.92579","https://btimes.jp/aichi/park/48309/"
"28140","千種区今池ガレージ","35.162009","136.942487","https://btimes.jp/aichi/park/28140/"
"53073","タイムズ高見内月極駐車場","35.166171","136.947637","https://btimes.jp/aichi/park/53073/"
"53643","FK高見２丁目駐車場","35.166358","136.948002","https://btimes.jp/aichi/park/53643/"
"2219","グレイス覚王山駐車場","35.163117","136.958448","https://btimes.jp/aichi/park/2219/"
"47326","グランメールコスモ2駐車場","35.164226","136.952375","https://btimes.jp/aichi/park/47326/"
"36853","ヴィラタチバナ駐車場","35.161229","136.969115","https://btimes.jp/aichi/park/36853/"
"36856","ヴィラタチバナ弐番館駐車場","35.161369","136.968996","https://btimes.jp/aichi/park/36856/"
"29614","本山第２駐車場","35.159738","136.965831","https://btimes.jp/aichi/park/29614/"
"28096","タウンコート清住駐車場","35.160056","136.971123","https://btimes.jp/aichi/park/28096/"
"63460","FKシティライフ本山北駐車場","35.165196","136.966279","https://btimes.jp/aichi/park/63460/"
"57762","FKタウンライフ星ヶ丘駐車場","35.160005","136.987127","https://btimes.jp/aichi/park/57762/"
"27980","ＦＫ星ヶ丘ゴディバ駐車場","35.158963","136.989342","https://btimes.jp/aichi/park/27980/"
"3753","エムテック吉川パーキング","35.166966","136.881811","https://btimes.jp/aichi/park/3753/"
"45444","ＪＰタワー名古屋駐車場","35.170511","136.88493","https://btimes.jp/aichi/park/45444/"
"47557","エムテック名駅パーキング","35.170201","136.886799","https://btimes.jp/aichi/park/47557/"
"27979","FK名駅2丁目青空バイク駐車場","35.173834","136.886491","https://btimes.jp/aichi/park/27979/"
"53594","FKタイムズ名駅２丁目第７駐車場（２）","35.173024","136.884654","https://btimes.jp/aichi/park/53594/"
"53573","FKタイムズ名駅２丁目第７駐車場（１）","35.173074","136.884358","https://btimes.jp/aichi/park/53573/"
"42421","FK BLOOM MEIEKI駐車場","35.167513","136.876684","https://btimes.jp/aichi/park/42421/"
"61485","FK亀島2丁目2909駐車場","35.171086","136.876046","https://btimes.jp/aichi/park/61485/"
"45708","FK亀島1丁目林駐車場","35.1739","136.87888","https://btimes.jp/aichi/park/45708/"
"27099","ＤＰスクエア錦駐車場","35.16736","136.897013","https://btimes.jp/aichi/park/27099/"
"62694","エムテックロイメントパーキング","35.167846","136.891896","https://btimes.jp/aichi/park/62694/"
"27106","ＮＰＤ大橋ビルディング駐車場","35.168874","136.889702","https://btimes.jp/aichi/park/27106/"
"54386","タイムズ名駅３丁目第５内バイク駐車場※1:月極区画","35.169292","136.889718","https://btimes.jp/aichi/park/54386/"
"60057","FK那古野1丁目3111駐車場","35.171336","136.894883","https://btimes.jp/aichi/park/60057/"
"60829","【軽専用】FK那古野1丁目1737駐車場","35.171494","136.893757","https://btimes.jp/aichi/park/60829/"
"60827","FK那古野1丁目1737駐車場","35.1715","136.89375","https://btimes.jp/aichi/park/60827/"
"39051","FK名駅3丁目604一括貸し駐車場","35.17091","136.89088","https://btimes.jp/aichi/park/39051/"
"54783","タイムズ名駅２丁目第８ゲート外駐車場","35.172611","136.887532","https://btimes.jp/aichi/park/54783/"
"57933","錦伊勢町場内バイク月極駐車場","35.169423","136.908063","https://btimes.jp/aichi/park/57933/"
"59382","FKダイアパレス丸の内駐車場","35.171586","136.906774","https://btimes.jp/aichi/park/59382/"
"59384","【バイク】FKダイアパレス丸の内駐車場","35.171605","136.906759","https://btimes.jp/aichi/park/59384/"
"59385","【バイク】FKダイアパレス丸の内駐車場","35.171605","136.906759","https://btimes.jp/aichi/park/59385/"
"28136","東区泉ガレージ","35.17211","136.922664","https://btimes.jp/aichi/park/28136/"
"59110","FKフローラル泉駐車場","35.173919","136.917799","https://btimes.jp/aichi/park/59110/"
"56583","FKアールズコート葵駐車場","35.169232","136.929089","https://btimes.jp/aichi/park/56583/"
"60001","FK内山３丁目1601駐車場","35.167876","136.936135","https://btimes.jp/aichi/park/60001/"
"60002","【バイク】FK内山３丁目1601駐車場","35.167944","136.936167","https://btimes.jp/aichi/park/60002/"
"43707","東区車道バイクガレージ","35.169781","136.935666","https://btimes.jp/aichi/park/43707/"
"43708","東区車道バイクガレージ","35.169781","136.935666","https://btimes.jp/aichi/park/43708/"
"45698","FK布池月極駐車場","35.169066","136.928956","https://btimes.jp/aichi/park/45698/"
"31115","FK葵2丁目駐車場","35.168797","136.928026","https://btimes.jp/aichi/park/31115/"
"60497","UR都市機構　都通団地駐車場","35.174816","136.94196","https://btimes.jp/aichi/park/60497/"
"58392","FK高見2丁目パーキング","35.168433","136.946665","https://btimes.jp/aichi/park/58392/"
"54821","FKシティライフ池下北駐車場","35.166999","136.94939","https://btimes.jp/aichi/park/54821/"
"52324","FK内山２丁目駐車場","35.1701","136.942926","https://btimes.jp/aichi/park/52324/"
"52680","FK神田町パーキング","35.172519","136.943448","https://btimes.jp/aichi/park/52680/"
"52683","FK神田町パーキング","35.172519","136.943448","https://btimes.jp/aichi/park/52683/"
"53173","FK豊年町211パーキング","35.174459","136.940593","https://btimes.jp/aichi/park/53173/"
"39293","タイムズ若水３丁目内駐車場","35.173303","136.950374","https://btimes.jp/aichi/park/39293/"
"51989","FK振甫町2丁目佐藤駐車場","35.171831","136.952463","https://btimes.jp/aichi/park/51989/"
"60315","FK野々山ビル駐車場","35.174011","136.954391","https://btimes.jp/aichi/park/60315/"
"42591","FK池上駐車場","35.16731","136.973568","https://btimes.jp/aichi/park/42591/"
"54140","徳川山町駐車場","35.168873","136.968678","https://btimes.jp/aichi/park/54140/"
"25731","FK名東渡辺駐車場","35.16954","136.994184","https://btimes.jp/aichi/park/25731/"
"54519","平和が丘４丁目６８番地駐車場","35.169885","136.99262","https://btimes.jp/aichi/park/54519/"
"50903","140331スペリオーラ駐車場","35.174253","136.992744","https://btimes.jp/aichi/park/50903/"
"53910","FK菊井2丁目1505駐車場","35.175285","136.887016","https://btimes.jp/aichi/park/53910/"
"25725","FK菊井1丁目2802駐車場","35.179665","136.887122","https://btimes.jp/aichi/park/25725/"
"55801","FK井深町駐車場","35.176201","136.878549","https://btimes.jp/aichi/park/55801/"
"28152","西区則武新町ガレージ","35.180333","136.881794","https://btimes.jp/aichi/park/28152/"
"54072","栄生駅南月極駐車場","35.177298","136.878099","https://btimes.jp/aichi/park/54072/"
"53784","FK菊井1丁目水谷駐車場","35.181261","136.8872","https://btimes.jp/aichi/park/53784/"
"53785","FK菊井1丁目水谷駐車場","35.181261","136.8872","https://btimes.jp/aichi/park/53785/"
"26116","FK名西1丁目TNパーキング","35.183092","136.885593","https://btimes.jp/aichi/park/26116/"
"53715","FKリパーク栄生第4駐車場","35.181156","136.877389","https://btimes.jp/aichi/park/53715/"
"60264","FK栄生2丁目406駐車場","35.180821","136.876493","https://btimes.jp/aichi/park/60264/"
"54980","ＦＫ栄生２丁目Ｐａｒｋｉｎｇ５１３","35.182492","136.876027","https://btimes.jp/aichi/park/54980/"
"59155","FKグランメール城西駐車場","35.179625","136.896798","https://btimes.jp/aichi/park/59155/"
"59362","【軽専用】FKサンモール浅間駐車場","35.17865","136.890874","https://btimes.jp/aichi/park/59362/"
"53251","FK城西２丁目藤駐車場","35.182314","136.894898","https://btimes.jp/aichi/park/53251/"
"54594","FK白壁3丁目水道局駐車場","35.182096","136.918077","https://btimes.jp/aichi/park/54594/"
"54626","FK白壁3丁目水道局駐車場","35.182096","136.918077","https://btimes.jp/aichi/park/54626/"
"56298","FK清水1丁目駐車場","35.182999","136.915197","https://btimes.jp/aichi/park/56298/"
"56299","FK清水1丁目駐車場","35.182999","136.915197","https://btimes.jp/aichi/park/56299/"
"63743","黒門町74黒門館駐車場１番駐車場","35.175622","136.936734","https://btimes.jp/aichi/park/63743/"
"46439","タイムズ徳川１丁目内駐車場","35.177659","136.926878","https://btimes.jp/aichi/park/46439/"
"45403","東区黒門町バイクガレージ","35.175354","136.935619","https://btimes.jp/aichi/park/45403/"
"45404","東区黒門町駐車場","35.175354","136.935619","https://btimes.jp/aichi/park/45404/"
"54204","FK新出来2丁目駐車場","35.178355","136.936092","https://btimes.jp/aichi/park/54204/"
"54205","FK新出来2丁目駐車場","35.178355","136.936092","https://btimes.jp/aichi/park/54205/"
"25558","山口町24駐車場","35.179984","136.927373","https://btimes.jp/aichi/park/25558/"
"28047","グランシャリオ駐車場","35.178606","136.945358","https://btimes.jp/aichi/park/28047/"
"55646","古出来３ー１ー３３駐車場","35.179498","136.944531","https://btimes.jp/aichi/park/55646/"
"55643","[1]古出来３丁目１ー３駐車場","35.179647","136.94435","https://btimes.jp/aichi/park/55643/"
"55644","[2]古出来３丁目１ー３駐車場","35.179647","136.94435","https://btimes.jp/aichi/park/55644/"
"55645","[3]古出来３丁目１ー３駐車場","35.179647","136.94435","https://btimes.jp/aichi/park/55645/"
"63924","ｋ２パーキング","35.180048","136.948707","https://btimes.jp/aichi/park/63924/"
"66099","ｋ２パーキング","35.180048","136.948707","https://btimes.jp/aichi/park/66099/"
"65868","出来町3-3Ｂ駐車場","35.178968","136.941526","https://btimes.jp/aichi/park/65868/"
"65867","出来町３-３Ａ駐車場","35.178972","136.941525","https://btimes.jp/aichi/park/65867/"
"45787","UR都市機構　萱場団地駐車場","35.181032","136.949845","https://btimes.jp/aichi/park/45787/"
"62712","FKバンテリンドーム前駐車場","35.179304","136.948026","https://btimes.jp/aichi/park/62712/"
"28134","東区矢田南バイクガレージ","35.179971","136.946601","https://btimes.jp/aichi/park/28134/"
"47279","屋外東区矢田南駐車場","35.179983","136.946588","https://btimes.jp/aichi/park/47279/"
"25729","FK古出来2丁目駐車場","35.179092","136.942737","https://btimes.jp/aichi/park/25729/"
"56028","FK赤坂町6丁目16-1駐車場","35.176199","136.961187","https://btimes.jp/aichi/park/56028/"
"56029","FK赤坂町6丁目16-1駐車場","35.176199","136.961187","https://btimes.jp/aichi/park/56029/"
"54575","FK上野駐車場","35.175213","136.95312","https://btimes.jp/aichi/park/54575/"
"54576","FK上野駐車場","35.175213","136.95312","https://btimes.jp/aichi/park/54576/"
"56243","FK汁谷町駐車場","35.181523","136.970421","https://btimes.jp/aichi/park/56243/"
"56244","FK汁谷町駐車場","35.181523","136.970421","https://btimes.jp/aichi/park/56244/"
"53405","カルチョパーキング","35.178013","136.976501","https://btimes.jp/aichi/park/53405/"
"25730","FK山の手1丁目駐車場","35.181078","136.990798","https://btimes.jp/aichi/park/25730/"
"61025","FK京和コーポ敷地内駐車場","35.180478","136.989848","https://btimes.jp/aichi/park/61025/"
"45727","FK若葉台成瀬駐車場","35.177581","136.998909","https://btimes.jp/aichi/park/45727/"
"50900","140410ＰＬＵＳＳＵＭ ＣＯＵＲＴ 児玉駐車場","35.190251","136.884968","https://btimes.jp/aichi/park/50900/"
"42600","FK名西2丁目郵便局前駐車場","35.185166","136.885875","https://btimes.jp/aichi/park/42600/"
"47953","枇杷島荘駐車場","35.185071","136.877965","https://btimes.jp/aichi/park/47953/"
"28135","西区栄生バイクガレージ","35.184659","136.87775","https://btimes.jp/aichi/park/28135/"
"30478","FK枇杷島3丁目2240駐車場","35.188161","136.879413","https://btimes.jp/aichi/park/30478/"
"50823","ハイツサンライズ 枇杷島駐車場","35.191046","136.882599","https://btimes.jp/aichi/park/50823/"
"54041","城西4丁目駐車場","35.187384","136.895158","https://btimes.jp/aichi/park/54041/"
"63957","城西4丁目駐車場","35.187384","136.895158","https://btimes.jp/aichi/park/63957/"
"3757","エムテック名古屋浄心パーキング","35.19001","136.892841","https://btimes.jp/aichi/park/3757/"
"65004","FKプレシアス赤城２駐車場","35.191181","136.898478","https://btimes.jp/aichi/park/65004/"
"48056","タイムズ城西＠名古屋内駐車場","35.183692","136.896943","https://btimes.jp/aichi/park/48056/"
"53171","FK数寄屋町103駐車場","35.185094","136.898826","https://btimes.jp/aichi/park/53171/"
"62914","FK花の木1丁目1510駐車場","35.183767","136.892261","https://btimes.jp/aichi/park/62914/"
"28155","西区城西バイクガレージ","35.188947","136.896582","https://btimes.jp/aichi/park/28155/"
"47277","西区花の木バイクガレージ","35.183927","136.889993","https://btimes.jp/aichi/park/47277/"
"52176","タイムズ花の木第３","35.185489","136.889954","https://btimes.jp/aichi/park/52176/"
"42011","タイムズ浄心駅前バイク月極駐車場","35.190151","136.894074","https://btimes.jp/aichi/park/42011/"
"65003","FKプレシアス赤城駐車場","35.190731","136.898735","https://btimes.jp/aichi/park/65003/"
"56030","FK長村駐車場","35.189431","136.888863","https://btimes.jp/aichi/park/56030/"
"56031","FK長村駐車場（軽専用）","35.189501","136.8889","https://btimes.jp/aichi/park/56031/"
"42007","タイムズ清水月極内駐車場","35.18995","136.916603","https://btimes.jp/aichi/park/42007/"
"52002","FK大杉1丁目パーキング","35.184073","136.92182","https://btimes.jp/aichi/park/52002/"
"55762","FK大杉3丁目駐車場","35.186613","136.918103","https://btimes.jp/aichi/park/55762/"
"55763","FK大杉3丁目駐車場","35.186613","136.918103","https://btimes.jp/aichi/park/55763/"
"58129","FKサンモール長田駐車場","35.187846","136.925964","https://btimes.jp/aichi/park/58129/"
"63605","東大曽根町35-1シティライフ徳川園駐車場","35.183743","136.938178","https://btimes.jp/aichi/park/63605/"
"53981","ヴィラコスモス大曽根駐車場","35.187281","136.938423","https://btimes.jp/aichi/park/53981/"
"42897","FKメリックス鈴木駐車場","35.190692","136.948301","https://btimes.jp/aichi/park/42897/"
"45785","UR都市機構　大幸東団地駐車場","35.186377","136.962247","https://btimes.jp/aichi/park/45785/"
"29410","FK大幸4丁目永坂駐車場","35.186823","136.956443","https://btimes.jp/aichi/park/29410/"
"45721","FKYN西ノ切駐車場","35.189126","136.990826","https://btimes.jp/aichi/park/45721/"
"62220","FK笹塚町バイク駐車場","35.199752","136.886039","https://btimes.jp/aichi/park/62220/"
"42739","秀英予備校 浄心校駐車場","35.192619","136.893758","https://btimes.jp/aichi/park/42739/"
"53170","FKアクシス上名古屋駐車場","35.193231","136.896389","https://btimes.jp/aichi/park/53170/"
"47955","上名古屋荘駐車場","35.191905","136.89594","https://btimes.jp/aichi/park/47955/"
"53168","FK城北町3丁目駐車場","35.194445","136.897363","https://btimes.jp/aichi/park/53168/"
"53716","FK城北町3丁目45パーキング","35.194839","136.89717","https://btimes.jp/aichi/park/53716/"
"48054","タイムズ城北町内駐車場","35.194409","136.898664","https://btimes.jp/aichi/park/48054/"
"54378","FK児玉1丁目横井駐車場","35.191936","136.89153","https://btimes.jp/aichi/park/54378/"
"58063","FK笠取町1丁目68駐車場","35.195583","136.889767","https://btimes.jp/aichi/park/58063/"
"47515","タイムズ鳥見町駐車場","35.198294","136.892498","https://btimes.jp/aichi/park/47515/"
"62458","FK鳥見町１丁目駐車場","35.198392","136.888792","https://btimes.jp/aichi/park/62458/"
"52685","FK平手町2丁目駐車場","35.199894","136.90935","https://btimes.jp/aichi/park/52685/"
"60954","FKメゾンドプラロッシュ敷地外駐車場","35.195815","136.906787","https://btimes.jp/aichi/park/60954/"
"55983","FK西志賀町4丁目61-2駐車場","35.197475","136.908419","https://btimes.jp/aichi/park/55983/"
"55982","FK八代町1丁目パーキング","35.198792","136.911158","https://btimes.jp/aichi/park/55982/"
"55985","FK八代町1丁目パーキング","35.198792","136.911158","https://btimes.jp/aichi/park/55985/"
"62350","FK志賀公園東駐車場","35.199442","136.909295","https://btimes.jp/aichi/park/62350/"
"61679","FK西志賀町1丁目駐車場","35.198173","136.904328","https://btimes.jp/aichi/park/61679/"
"47954","貝田荘駐車場","35.199123","136.902679","https://btimes.jp/aichi/park/47954/"
"62923","FK木津根町8-1駐車場(バイク)","35.194441","136.923067","https://btimes.jp/aichi/park/62923/"
"62922","FK木津根町8-1駐車場(アスファルト舗","35.194445","136.923057","https://btimes.jp/aichi/park/62922/"
"63501","FK木津根町8-1駐車場(砂利敷き区画)","35.194488","136.923056","https://btimes.jp/aichi/park/63501/"
"54490","FK稚児宮通1丁目駐車場","35.194624","136.91955","https://btimes.jp/aichi/park/54490/"
"54050","FK憧旛町２丁目２４－１駐車場","35.195349","136.924632","https://btimes.jp/aichi/park/54050/"
"59354","FK長喜町3丁目駐車場","35.199726","136.921521","https://btimes.jp/aichi/park/59354/"
"36892","UR都市機構　尾上団地駐車場","35.198842","136.928853","https://btimes.jp/aichi/park/36892/"
"64667","FK平安2丁目2129駐車場","35.192537","136.935915","https://btimes.jp/aichi/park/64667/"
"50378","FK瑠璃光町1丁目駐車場","35.193548","136.927596","https://btimes.jp/aichi/park/50378/"
"50379","FK瑠璃光町1丁目駐車場","35.193548","136.927596","https://btimes.jp/aichi/park/50379/"
"57699","FK上飯田東町1丁目13パーキング","35.197749","136.941113","https://btimes.jp/aichi/park/57699/"
"31146","FK矢田4丁目瀬戸線駐車場","35.191776","136.946908","https://btimes.jp/aichi/park/31146/"
"48306","鳥羽見月極駐車場","35.196907","136.948472","https://btimes.jp/aichi/park/48306/"
"53167","FK天神橋西パーキング駐車場","35.199254","136.942806","https://btimes.jp/aichi/park/53167/"
"53263","FKひょうたん山駅前駐車場","35.194026","136.966994","https://btimes.jp/aichi/park/53263/"
"53264","FKひょうたん山駅前駐車場","35.194026","136.966994","https://btimes.jp/aichi/park/53264/"
"29647","小幡常燈5-9駐車場","35.194381","136.975881","https://btimes.jp/aichi/park/29647/"
"65113","【小幡駅徒歩7分・ナゴヤドームまで公共交通機関と徒歩で30分圏内】小幡常燈駐車場","35.194381","136.975881","https://btimes.jp/aichi/park/65113/"
"53267","FK上堀越町３丁目駐車場","35.20198","136.883136","https://btimes.jp/aichi/park/53267/"
"55425","FK新福寺町2丁目駐車場","35.203422","136.88609","https://btimes.jp/aichi/park/55425/"
"59156","FK江向町6丁目駐車場","35.203326","136.895065","https://btimes.jp/aichi/park/59156/"
"27981","ＦＫ月極ＯＡパーキング","35.202018","136.893301","https://btimes.jp/aichi/park/27981/"
"31932","FK水草町2丁目吉川駐車場","35.205105","136.910579","https://btimes.jp/aichi/park/31932/"
"65166","FK鳩岡町1丁目駐車場","35.201759","136.915112","https://btimes.jp/aichi/park/65166/"
"45720","FK安井1丁目駐車場","35.20633","136.91973","https://btimes.jp/aichi/park/45720/"
"32637","北区辻本通バイクガレージ","35.201407","136.928341","https://btimes.jp/aichi/park/32637/"
"42438","ＦＫモリシマ辻町駐車場","35.205633","136.92654","https://btimes.jp/aichi/park/42438/"
"42604","ＦＫモリシマ辻町駐車場","35.205633","136.92654","https://btimes.jp/aichi/park/42604/"
"48055","タイムズ上飯田東町第２内駐車場","35.201575","136.938823","https://btimes.jp/aichi/park/48055/"
"45716","FKパークヒルズ高島駐車場","35.205925","136.972323","https://btimes.jp/aichi/park/45716/"
"59249","FK永谷第二駐車場","35.202558","136.976697","https://btimes.jp/aichi/park/59249/"
"27378","FKミリアングリーンパーク庄内駐車場","35.211566","136.884802","https://btimes.jp/aichi/park/27378/"
"47278","西区小田井バイクガレージ","35.213062","136.887446","https://btimes.jp/aichi/park/47278/"
"31128","FK市場木町駐車場","35.212312","136.890463","https://btimes.jp/aichi/park/31128/"
"50898","140312ファミーユ21 A・B棟駐車場","35.208914","136.932","https://btimes.jp/aichi/park/50898/"
"47077","守山グリーンハイツ駐車場","35.210036","136.982332","https://btimes.jp/aichi/park/47077/"
"54906","FK川東山駐車場","35.214787","136.980165","https://btimes.jp/aichi/park/54906/"
"55031","FK西味鋺2丁目駐車場","35.221543","136.915441","https://btimes.jp/aichi/park/55031/"
"55032","FK西味鋺2丁目駐車場","35.221543","136.915441","https://btimes.jp/aichi/park/55032/"
"29267","マンスリー中味鋺駐車場","35.217385","136.926484","https://btimes.jp/aichi/park/29267/"
"64913","FK楠味鋺4丁目151駐車場","35.217089","136.932409","https://btimes.jp/aichi/park/64913/"
"59363","【コンパクトカー推奨】FK楠味鋺4丁目駐車場","35.217468","136.932238","https://btimes.jp/aichi/park/59363/"
"42494","町田第２コミュニティ住宅駐車場","35.222149","136.959273","https://btimes.jp/aichi/park/42494/"
"55531","FK町田町1丁目駐車場","35.223023","136.958421","https://btimes.jp/aichi/park/55531/"
"64523","松河戸町グランディア2番駐車場","35.218875","136.967364","https://btimes.jp/aichi/park/64523/"
"44364","コメリパワー名古屋竜泉寺北店駐車場","35.22443","136.995641","https://btimes.jp/aichi/park/44364/"
"54905","FK円明町駐車場","35.226798","136.875263","https://btimes.jp/aichi/park/54905/"
"53602","勝川駅月極駐車場","35.22715","136.959848","https://btimes.jp/aichi/park/53602/"
"53603","勝川駅月極駐車場","35.22715","136.959848","https://btimes.jp/aichi/park/53603/"
"50897","61515セレスティン駐車場","35.237366","136.897904","https://btimes.jp/aichi/park/50897/"
"46480","タイムズ鳥居松町３丁目内駐車場","35.240398","136.973647","https://btimes.jp/aichi/park/46480/"
"1320","マンスリータイムズ春日井上条町１丁目駐車場","35.240484","136.984928","https://btimes.jp/aichi/park/1320/"
"54706","スカイメゾン駐車場","35.243726","136.922954","https://btimes.jp/aichi/park/54706/"
"49196","春日井小木田駐車場","35.243141","136.992287","https://btimes.jp/aichi/park/49196/"
"42756","秀英予備校 小牧駅前校駐車場","35.284992","136.93204","https://btimes.jp/aichi/park/42756/"
"45474","中央2-224駐車場","35.283761","136.931022","https://btimes.jp/aichi/park/45474/"
"46823","ビレッジハウス東野駐車場","35.257602","136.985371","https://btimes.jp/aichi/park/46823/"
"53861","メゾンドリブロン（旧ホーリー秋津）月極駐車場","35.326351","136.886614","https://btimes.jp/aichi/park/53861/"
"63528","60369メゾネット旭駐車場","35.333155","136.877504","https://btimes.jp/aichi/park/63528/"
"61271","FK味岡駅前駐車場","35.306159","136.94145","https://btimes.jp/aichi/park/61271/"
"65698","秩父中宮地駐車場","36.003794","139.092014","https://btimes.jp/saitama/park/65698/"
"58802","親鼻駅駐車場","36.074549","139.10943","https://btimes.jp/saitama/park/58802/"
"52815","タイムズ長瀞駅前駐車場","36.091982","139.115061","https://btimes.jp/saitama/park/52815/"
"46900","南口駅前パーキング","36.296612","139.052928","https://btimes.jp/gunma/park/46900/"
"57812","立石県営住宅C棟西側駐車場","36.28034","139.082891","https://btimes.jp/gunma/park/57812/"
"46932","ライオンズ高崎駐車場","36.309611","139.058259","https://btimes.jp/gunma/park/46932/"
"46933","スクェアー高崎駐車場","36.305017","139.041315","https://btimes.jp/gunma/park/46933/"
"41600","サン・コーポラス中居駐車場","36.31229","139.048502","https://btimes.jp/gunma/park/41600/"
"56990","高崎上佐野駐車場","36.30001","139.021634","https://btimes.jp/gunma/park/56990/"
"57834","城山県営住宅A棟北側駐車場","36.284399","139.011667","https://btimes.jp/gunma/park/57834/"
"64053","城山県営住宅　Q棟東側駐車場","36.286257","139.011498","https://btimes.jp/gunma/park/64053/"
"56370","中河原県営住宅　HC棟西側駐車場","36.264633","139.115218","https://btimes.jp/gunma/park/56370/"
"46867","ビレッジハウス寺尾駐車場","36.29599","139.006983","https://btimes.jp/gunma/park/46867/"
"48602","タイムズ高崎駅東口第６駐車場","36.320591","139.018501","https://btimes.jp/gunma/park/48602/"
"47598","タイムズ高崎北双葉町駐車場","36.315784","139.021438","https://btimes.jp/gunma/park/47598/"
"57442","前橋南町第４","36.37909","139.06807","https://btimes.jp/gunma/park/57442/"
"57444","前橋南町第６","36.379407","139.070498","https://btimes.jp/gunma/park/57444/"
"57434","前橋石倉第１","36.379741","139.060661","https://btimes.jp/gunma/park/57434/"
"41598","大利根公社賃貸住宅駐車場","36.3603","139.060661","https://btimes.jp/gunma/park/41598/"
"41599","大利根公社賃貸住宅駐車場","36.360309","139.060215","https://btimes.jp/gunma/park/41599/"
"47507","本町三丁目第４駐車場","36.381513","139.08031","https://btimes.jp/gunma/park/47507/"
"64394","【軽専用】下新田県営住宅　A棟北側駐車場","36.354365","139.072995","https://btimes.jp/gunma/park/64394/"
"64397","下新田県営住宅　G棟北側駐車場","36.352739","139.073704","https://btimes.jp/gunma/park/64397/"
"57431","前橋コタ方第４","36.379876","139.088647","https://btimes.jp/gunma/park/57431/"
"59254","下新田県営住宅　K棟南側駐車場","36.350985","139.074132","https://btimes.jp/gunma/park/59254/"
"50548","宮下駐車場","36.380024","139.031512","https://btimes.jp/gunma/park/50548/"
"44116","元総社公社賃貸住宅駐車場","36.382722","139.031405","https://btimes.jp/gunma/park/44116/"
"30168","西片貝町1-282-1駐車場","36.394819","139.092958","https://btimes.jp/gunma/park/30168/"
"56368","中尾県営住宅　C棟東側駐車場","36.358162","139.029455","https://btimes.jp/gunma/park/56368/"
"46517","京目町１２５駐車場","36.33896","139.065679","https://btimes.jp/gunma/park/46517/"
"56369","中尾県営住宅　J棟南側駐車場","36.357266","139.029187","https://btimes.jp/gunma/park/56369/"
"41597","井野公社賃貸住宅駐車場","36.35458","139.024513","https://btimes.jp/gunma/park/41597/"
"63899","井野県営住宅　A棟北側駐車場","36.353667","139.023849","https://btimes.jp/gunma/park/63899/"
"59253","【軽専用】広瀬第二県営住宅　K棟北西側駐車場","36.35835","139.110572","https://btimes.jp/gunma/park/59253/"
"64393","広瀬第一県営住宅　G棟北側駐車場","36.358904","139.110836","https://btimes.jp/gunma/park/64393/"
"41596","広瀬公社賃貸住宅駐車場","36.359172","139.111435","https://btimes.jp/gunma/park/41596/"
"57795","下細井県営住宅駐車場","36.407605","139.085578","https://btimes.jp/gunma/park/57795/"
"59250","広瀬第一県営住宅　L棟北側駐車場","36.360223","139.112613","https://btimes.jp/gunma/park/59250/"
"46931","コスモス前橋店駐車場","36.360533","139.113459","https://btimes.jp/gunma/park/46931/"
"27875","鳥屋銅鐵店 建材部駐車場","36.343909","139.019585","https://btimes.jp/gunma/park/27875/"
"27978","問屋町センター第２ビル駐車場","36.345955","139.017683","https://btimes.jp/gunma/park/27978/"
"27975","ビエント高崎来場者用駐車場","36.344318","139.015869","https://btimes.jp/gunma/park/27975/"
"27847","鳥屋銅鐵店駐車場","36.343219","139.016434","https://btimes.jp/gunma/park/27847/"
"27858","鳥屋銅鐵店駐車場","36.343219","139.016434","https://btimes.jp/gunma/park/27858/"
"57464","飯塚町高架下第３駐車場","36.343043","139.009777","https://btimes.jp/gunma/park/57464/"
"63908","東金井県営住宅　A棟西側駐車場","36.33709","139.01191","https://btimes.jp/gunma/park/63908/"
"54037","あさひレジデンス表町駐車場","36.383994","139.076794","https://btimes.jp/gunma/park/54037/"
"25901","大手町月極駐車場","36.388571","139.067577","https://btimes.jp/gunma/park/25901/"
"57432","前橋コタ方第５","36.380415","139.087081","https://btimes.jp/gunma/park/57432/"
"2717","タイムズ前橋千代田町第２駐車場","36.389445","139.07584","https://btimes.jp/gunma/park/2717/"
"47882","前橋千代田町駐車場","36.391468","139.0705","https://btimes.jp/gunma/park/47882/"
"33256","アルファパーキング問屋町駐車場","36.393444","139.043306","https://btimes.jp/gunma/park/33256/"
"59956","荒牧町２丁目駐車場","36.41791","139.058412","https://btimes.jp/gunma/park/59956/"
"46879","中村２８３駐車場","36.478625","139.014762","https://btimes.jp/gunma/park/46879/"
"56993","渋川駅構内駐車場","36.488426","139.011823","https://btimes.jp/gunma/park/56993/"
"63906","四ツ角県営住宅　第二駐車場","36.492041","139.004772","https://btimes.jp/gunma/park/63906/"
"32328","コナカ沼田店駐車場","36.647162","139.062626","https://btimes.jp/gunma/park/32328/"
"53564","寄居駅南口駐車場","36.114427","139.198585","https://btimes.jp/saitama/park/53564/"
"65029","小前田駐車場","36.125818","139.223304","https://btimes.jp/saitama/park/65029/"
"27862","【南側】十間通り高架下駐車場（本庄駅徒歩8分）","36.2307","139.195061","https://btimes.jp/saitama/park/27862/"
"878","【北側】十間通り高架下駐車場","36.231653","139.195392","https://btimes.jp/saitama/park/878/"
"62851","Kamiken駅前駐車場","36.233633","139.191802","https://btimes.jp/saitama/park/62851/"
"45283","タイムズ本庄駅南口第３駐車場","36.231078","139.190521","https://btimes.jp/saitama/park/45283/"
"48854","タイムズ本庄駅北口第２駐車場","36.233402","139.194036","https://btimes.jp/saitama/park/48854/"
"47382","タイムズ本庄駅北口第２駐車場","36.233437","139.193961","https://btimes.jp/saitama/park/47382/"
"55468","山王県営住宅I棟北側駐車場","36.29635","139.195097","https://btimes.jp/gunma/park/55468/"
"55467","山王県営住宅H棟北側駐車場","36.296639","139.195025","https://btimes.jp/gunma/park/55467/"
"55466","山王県営住宅E棟G棟北側駐車場","36.296994","139.194585","https://btimes.jp/gunma/park/55466/"
"48222","宮前町大室ビル８駐車場","36.319606","139.214411","https://btimes.jp/gunma/park/48222/"
"48223","宮前町大室ビル８駐車場","36.319606","139.214411","https://btimes.jp/gunma/park/48223/"
"48901","宮前町大室ビル８駐車場","36.319606","139.214411","https://btimes.jp/gunma/park/48901/"
"46108","カラオケ館 伊勢崎宮子店駐車場","36.327824","139.166484","https://btimes.jp/gunma/park/46108/"
"60795","GEMZKOLOR駐車場","36.259234","139.139029","https://btimes.jp/saitama/park/60795/"
"56630","【軽専用】下河原県営住宅　B棟北側駐車場","36.27585","139.126117","https://btimes.jp/gunma/park/56630/"
"55465","山王県営住宅C棟北側駐車場","36.297411","139.192294","https://btimes.jp/gunma/park/55465/"
"56966","伊勢崎柳原第３駐車場","36.323204","139.200885","https://btimes.jp/gunma/park/56966/"
"33392","カラオケ パークサイド 伊勢崎店駐車場","36.333498","139.199292","https://btimes.jp/gunma/park/33392/"
"33534","コメリパワー前橋店駐車場","36.393914","139.141082","https://btimes.jp/gunma/park/33534/"
"56367","萱野県営住宅　C棟北側駐車場","36.394064","139.137653","https://btimes.jp/gunma/park/56367/"
"56366","萱野県営住宅　A棟北側駐車場","36.39454","139.136902","https://btimes.jp/gunma/park/56366/"
"64280","【コンパクトカー以下】川島2308-16レガーロ駐車場","36.043392","139.333797","https://btimes.jp/saitama/park/64280/"
"31228","東小川2ー8ー13葦沢(ogawamachi)駐車場","36.049319","139.293881","https://btimes.jp/saitama/park/31228/"
"39658","中央コーポ駐車場","36.050558","139.26635","https://btimes.jp/saitama/park/39658/"
"45282","タイムズ小川町駅前第３駐車場","36.051655","139.26395","https://btimes.jp/saitama/park/45282/"
"39656","カサマ駅前第２パーキング","36.054147","139.263536","https://btimes.jp/saitama/park/39656/"
"53867","瀬南駐車場","36.143588","139.358874","https://btimes.jp/saitama/park/53867/"
"53964","石原駐車場第２","36.144283","139.362953","https://btimes.jp/saitama/park/53964/"
"53866","石原駐車場第１","36.144443","139.363933","https://btimes.jp/saitama/park/53866/"
"53865","赤城町駐車場第３","36.144521","139.364442","https://btimes.jp/saitama/park/53865/"
"53864","赤城町駐車場第２","36.144621","139.364973","https://btimes.jp/saitama/park/53864/"
"53863","赤城町駐車場第１","36.144689","139.365401","https://btimes.jp/saitama/park/53863/"
"53565","石原駅構内駐車場","36.145106","139.37163","https://btimes.jp/saitama/park/53565/"
"53963","広瀬駐車場","36.144041","139.361501","https://btimes.jp/saitama/park/53963/"
"42328","ニックレジデンス常盤町駐車場","36.194088","139.299239","https://btimes.jp/saitama/park/42328/"
"871","東通り高架下駐車場","36.180856","139.312406","https://btimes.jp/saitama/park/871/"
"52771","タイムズ深谷第2駐車場","36.190901","139.286744","https://btimes.jp/saitama/park/52771/"
"42329","ニックレジデンス東大沼駐車場","36.202172","139.281135","https://btimes.jp/saitama/park/42329/"
"47750","カラオケ館 深谷上柴店駐車場","36.175343","139.301668","https://btimes.jp/saitama/park/47750/"
"47404","タイムズ深谷第６駐車場","36.188312","139.287173","https://btimes.jp/saitama/park/47404/"
"45059","タイムズ深谷駐車場","36.186995","139.286926","https://btimes.jp/saitama/park/45059/"
"56629","宝泉県営住宅　A棟南側駐車場","36.287883","139.331666","https://btimes.jp/gunma/park/56629/"
"50771","サン・コーポラス太田細谷駐車場","36.269385","139.355174","https://btimes.jp/gunma/park/50771/"
"55470","浜町県営住宅I棟南東側駐車場","36.286491","139.36625","https://btimes.jp/gunma/park/55470/"
"55469","浜町県営住宅M棟南側駐車場","36.285838","139.366339","https://btimes.jp/gunma/park/55469/"
"57810","【軽専用】鳥之郷県営住宅A棟南側駐車場","36.315668","139.356374","https://btimes.jp/gunma/park/57810/"
"56627","鳥山県営住宅　B棟南側駐車場","36.31886","139.353894","https://btimes.jp/gunma/park/56627/"
"56628","鳥山県営住宅　C棟北側駐車場","36.319305","139.353354","https://btimes.jp/gunma/park/56628/"
"63900"," 牛沢県営住宅    BC棟西側駐車場","36.254689","139.362434","https://btimes.jp/gunma/park/63900/"
"63827","牛沢県営住宅　B棟東側駐車場","36.254753","139.363201","https://btimes.jp/gunma/park/63827/"
"53816","足仲県営住宅駐車場","36.400075","139.313411","https://btimes.jp/gunma/park/53816/"
"32357","コナカ桐生店駐車場","36.399776","139.335886","https://btimes.jp/gunma/park/32357/"
"41601","相生第２県営住宅駐車場","36.408114","139.306442","https://btimes.jp/gunma/park/41601/"
"56981","桐生巴町一丁目第１","36.406305","139.339861","https://btimes.jp/gunma/park/56981/"
"56979","桐生仲町第３","36.405357","139.342069","https://btimes.jp/gunma/park/56979/"
"64052","城ノ岡県営住宅　J棟南側駐車場","36.399093","139.352231","https://btimes.jp/gunma/park/64052/"
"56976","桐生駅構内西側","36.408888","139.335475","https://btimes.jp/gunma/park/56976/"
"59070","城ノ岡県営住宅　G棟北側駐車場","36.400304","139.352383","https://btimes.jp/gunma/park/59070/"
"57815","相生第一県営住宅B棟北側駐車場","36.4122","139.2993","https://btimes.jp/gunma/park/57815/"
"56978","桐生仲町第２","36.404407","139.343145","https://btimes.jp/gunma/park/56978/"
"56982","桐生巴町一丁目第２","36.406719","139.338552","https://btimes.jp/gunma/park/56982/"
"44075","NBフィロ駐車場","36.408524","139.2934","https://btimes.jp/gunma/park/44075/"
"59112","二本松県営住宅　A棟北側駐車場","36.42055","139.295528","https://btimes.jp/gunma/park/59112/"
"33428","ベイシア大間々店駐車場","36.424181","139.281372","https://btimes.jp/gunma/park/33428/"
"47573","レジェン福島マンション駐車場","36.034498","139.420043","https://btimes.jp/saitama/park/47573/"
"36641","磯料理　助六駐車場","36.034151","139.407836","https://btimes.jp/saitama/park/36641/"
"65233","プティヴェール駐車場","36.076064","139.422315","https://btimes.jp/saitama/park/65233/"
"45298","KCアパートメント駐車場","36.07852","139.485054","https://btimes.jp/saitama/park/45298/"
"65340","TYC東松山駐車場","36.036929","139.396837","https://btimes.jp/saitama/park/65340/"
"65341","TYC東松山駐車場","36.036929","139.396837","https://btimes.jp/saitama/park/65341/"
"58673","高坂戸建て駐車場","36.001049","139.403434","https://btimes.jp/saitama/park/58673/"
"29369","MATSUYAMAパーキング","36.000989","139.403303","https://btimes.jp/saitama/park/29369/"
"58672","ソレイユ駐車場","36.000953","139.403151","https://btimes.jp/saitama/park/58672/"
"53632","ソシオ流通センター駅前駐車場","36.133147","139.427945","https://btimes.jp/saitama/park/53632/"
"55479","ニューパイン駐車場","36.133987","139.453565","https://btimes.jp/saitama/park/55479/"
"32312","コナカ行田店駐車場","36.137731","139.469399","https://btimes.jp/saitama/park/32312/"
"50798","MパーキングH","36.133217","139.474855","https://btimes.jp/saitama/park/50798/"
"38710","平戸1989-2駐車場","36.136834","139.408086","https://btimes.jp/saitama/park/38710/"
"61617","吹上富士見4-13-10富士見駐車場","36.09374","139.456054","https://btimes.jp/saitama/park/61617/"
"50797","MパーキングE","36.134993","139.47501","https://btimes.jp/saitama/park/50797/"
"50796","ハイム壱番館駐車場","36.136986","139.474069","https://btimes.jp/saitama/park/50796/"
"65600","ガーデンハイツAB棟駐車場","36.136166","139.483659","https://btimes.jp/saitama/park/65600/"
"46919","タイムズ熊谷中西第２駐車場","36.145492","139.397594","https://btimes.jp/saitama/park/46919/"
"53914","ルミエールリム駐車場","36.136824","139.389282","https://btimes.jp/saitama/park/53914/"
"57852","【コンパクトカー・軽専用】ルミエールリム駐車場","36.136824","139.389282","https://btimes.jp/saitama/park/57852/"
"56836","熊谷新幹線高架下駐車場","36.138939","139.385267","https://btimes.jp/saitama/park/56836/"
"54418","宮前町1丁目17番駐車場","36.138673","139.384803","https://btimes.jp/saitama/park/54418/"
"1020","若小玉1589-1駐車場","36.14161","139.496454","https://btimes.jp/saitama/park/1020/"
"44994","【一日貸し】イオン熊谷店駐車場","36.142955","139.381324","https://btimes.jp/saitama/park/44994/"
"49459","サンハイム駐車場","36.115071","139.433414","https://btimes.jp/saitama/park/49459/"
"55478","ニューパイン駐車場","36.133987","139.453565","https://btimes.jp/saitama/park/55478/"
"50614","しんだなパーキング","36.136518","139.462286","https://btimes.jp/saitama/park/50614/"
"55793","熊谷駅南口月極駐車場","36.135258","139.393443","https://btimes.jp/saitama/park/55793/"
"48128","タイムズ熊谷筑波駐車場","36.137344","139.394078","https://btimes.jp/saitama/park/48128/"
"43648","【車室固定】タイムズ熊谷中西第２駐車場","36.145466","139.397712","https://btimes.jp/saitama/park/43648/"
"3463","熊谷筑波大栄駐車場","36.139808","139.393349","https://btimes.jp/saitama/park/3463/"
"3417","タイムズ熊谷末広駐車場","36.142791","139.394735","https://btimes.jp/saitama/park/3417/"
"45068","タイムズ熊谷弥生１丁目駐車場","36.139346","139.387478","https://btimes.jp/saitama/park/45068/"
"52607","ドラッグセイムス赤岩店駐車場","36.212103","139.443904","https://btimes.jp/gunma/park/52607/"
"56083","サン・コーポラス三野谷駐車場","36.214966","139.484641","https://btimes.jp/gunma/park/56083/"
"57814","丘山県営住宅E棟西側駐車場","36.240759","139.390504","https://btimes.jp/gunma/park/57814/"
"57813","丘山県営住宅D棟西側駐車場","36.241157","139.390571","https://btimes.jp/gunma/park/57813/"
"57809","石原県営住宅H棟北側駐車場","36.296972","139.411567","https://btimes.jp/gunma/park/57809/"
"63823","矢場県営住宅　C棟西側駐車場","36.308421","139.415919","https://btimes.jp/gunma/park/63823/"
"53818","中野県営住宅駐車場","36.255894","139.475806","https://btimes.jp/gunma/park/53818/"
"48497","菊地パーキング","36.317531","139.444599","https://btimes.jp/tochigi/park/48497/"
"48498","菊地パーキング","36.317531","139.444599","https://btimes.jp/tochigi/park/48498/"
"48488","市丸パーキング","36.319668","139.445768","https://btimes.jp/tochigi/park/48488/"
"48505","松山パーキング","36.321548","139.446883","https://btimes.jp/tochigi/park/48505/"
"39640","タイムズカー足利市駅前店駐車場","36.324531","139.449802","https://btimes.jp/tochigi/park/39640/"
"48510","コミュニティタワー浅間台駐車場","36.328701","139.445587","https://btimes.jp/tochigi/park/48510/"
"48495","笠原パーキング","36.328215","139.459761","https://btimes.jp/tochigi/park/48495/"
"48486","飯嶋パーキング","36.32831","139.460345","https://btimes.jp/tochigi/park/48486/"
"48487","飯嶋パーキング","36.32831","139.460345","https://btimes.jp/tochigi/park/48487/"
"48511","通一丁目パーキング","36.330173","139.455565","https://btimes.jp/tochigi/park/48511/"
"48490","大竹パーキング","36.329293","139.460055","https://btimes.jp/tochigi/park/48490/"
"45381","タイムズ足利通２丁目駐車場","36.331264","139.454706","https://btimes.jp/tochigi/park/45381/"
"48503","平塚パーキング","36.332343","139.450066","https://btimes.jp/tochigi/park/48503/"
"46370","タイムズ太田飯田町駐車場","36.285128","139.380143","https://btimes.jp/gunma/park/46370/"
"56718","鹿島町72-4駐車場","36.344487","139.404226","https://btimes.jp/tochigi/park/56718/"
"61246","鹿島町72-4駐車場","36.344487","139.404226","https://btimes.jp/tochigi/park/61246/"
"56719","【軽・バイク専用区画】鹿島町72-4駐車場","36.344501","139.404205","https://btimes.jp/tochigi/park/56719/"
"48484","穴原パーキング","36.339792","139.426558","https://btimes.jp/tochigi/park/48484/"
"48485","阿部パーキング","36.339871","139.458924","https://btimes.jp/tochigi/park/48485/"
"48481","Kパーキング","36.336169","139.458152","https://btimes.jp/tochigi/park/48481/"
"48665","Kパーキング","36.336169","139.458152","https://btimes.jp/tochigi/park/48665/"
"48491","大橋町パーキング","36.336981","139.465079","https://btimes.jp/tochigi/park/48491/"
"41940","本宿７丁目第２駐車場","36.022101","139.545016","https://btimes.jp/saitama/park/41940/"
"52602","ドラッグセイムス北本店駐車場","36.028261","139.539213","https://btimes.jp/saitama/park/52602/"
"59875","ケイプラス駐車場","36.021253","139.541047","https://btimes.jp/saitama/park/59875/"
"48167","グランシャリオ駐車場（北本）第１","36.022002","139.537498","https://btimes.jp/saitama/park/48167/"
"874","べに花陸橋高架下駐車場","36.000476","139.561991","https://btimes.jp/saitama/park/874/"
"36601","桶川市北1丁目駐車場","36.000189","139.566478","https://btimes.jp/saitama/park/36601/"
"56326","【マイクロバス利用可能】上日出谷南駐車場","36.002297","139.549861","https://btimes.jp/saitama/park/56326/"
"55490","上日出谷南駐車場","36.002263","139.54991","https://btimes.jp/saitama/park/55490/"
"44391","シティハイムジャルダン駐車場","36.056106","139.518234","https://btimes.jp/saitama/park/44391/"
"30907","鴻巣東ハイツ駐車場","36.062438","139.52167","https://btimes.jp/saitama/park/30907/"
"32549","小針有料簡易駐車場","36.008394","139.606572","https://btimes.jp/saitama/park/32549/"
"43858","ウイングガーデン駐車場","36.004068","139.610259","https://btimes.jp/saitama/park/43858/"
"42093","グランドクレスト駐車場","36.060756","139.510067","https://btimes.jp/saitama/park/42093/"
"47396","ラ・セゾンプラザ駐車場","36.002821","139.610577","https://btimes.jp/saitama/park/47396/"
"47395","エクセレントプラザ敷地外駐車場","36.000881","139.611564","https://btimes.jp/saitama/park/47395/"
"41939","本宿７丁目第１駐車場","36.022496","139.545626","https://btimes.jp/saitama/park/41939/"
"46248","エステート北本駐車場","36.027029","139.538321","https://btimes.jp/saitama/park/46248/"
"27662","クレストコート駐車場","36.011125","139.565802","https://btimes.jp/saitama/park/27662/"
"42144","グランシャリオ駐車場（北本）第２","36.022029","139.537458","https://btimes.jp/saitama/park/42144/"
"45064","タイムズ鴻巣本町第６駐車場","36.055075","139.515285","https://btimes.jp/saitama/park/45064/"
"45840","桜井パーキング","36.129247","139.59462","https://btimes.jp/saitama/park/45840/"
"61654","【バイク専用】富士見町13-7駐車場","36.117124","139.597121","https://btimes.jp/saitama/park/61654/"
"61653","富士見町13-7駐車場","36.117104","139.597181","https://btimes.jp/saitama/park/61653/"
"41126","加須駅南口駐車場","36.118272","139.599072","https://btimes.jp/saitama/park/41126/"
"41158","富士見町9-47駐車場","36.117676","139.599172","https://btimes.jp/saitama/park/41158/"
"52603","ドラッグセイムス加須東栄店駐車場","36.122032","139.60845","https://btimes.jp/saitama/park/52603/"
"43334","羽生市南２丁目　縦列駐車場","36.164354","139.539571","https://btimes.jp/saitama/park/43334/"
"53962","【未舗装】羽生駅西口第二駐車場（砂利）","36.165104","139.537629","https://btimes.jp/saitama/park/53962/"
"31362","羽生市神戸　駐車場","36.144866","139.566984","https://btimes.jp/saitama/park/31362/"
"53961","羽生駅西口第二駐車場（舗装）","36.165468","139.53744","https://btimes.jp/saitama/park/53961/"
"58965","分福県営住宅　H棟南側駐車場","36.219925","139.527694","https://btimes.jp/gunma/park/58965/"
"59092","分福県営住宅　C棟北側駐車場","36.220755","139.526063","https://btimes.jp/gunma/park/59092/"
"59091","青柳県営住宅　C棟北側駐車場","36.22395","139.525239","https://btimes.jp/gunma/park/59091/"
"53764","西羽生駐車場H","36.172078","139.533479","https://btimes.jp/saitama/park/53764/"
"53762","西羽生駐車場F","36.172977","139.531876","https://btimes.jp/saitama/park/53762/"
"64589","西羽生駐車場I","36.171386","139.534318","https://btimes.jp/saitama/park/64589/"
"53760","西羽生駐車場C・D","36.173384","139.53028","https://btimes.jp/saitama/park/53760/"
"53758","西羽生駐車場A","36.173456","139.528669","https://btimes.jp/saitama/park/53758/"
"53563","羽生駅西口第一駐車場","36.166746","139.536944","https://btimes.jp/saitama/park/53563/"
"53658","新郷駅駐車場","36.168132","139.514181","https://btimes.jp/saitama/park/53658/"
"54228","成島町681-3駐車場","36.245027","139.508169","https://btimes.jp/gunma/park/54228/"
"53763","西羽生駐車場G","36.172515","139.532748","https://btimes.jp/saitama/park/53763/"
"53761","西羽生駐車場E","36.173161","139.531211","https://btimes.jp/saitama/park/53761/"
"53759","西羽生駐車場B","36.173445","139.529454","https://btimes.jp/saitama/park/53759/"
"44926","佐野新第４駐車場","36.289929","139.603357","https://btimes.jp/tochigi/park/44926/"
"58998","大島県営住宅　C棟東側駐車場","36.257285","139.56974","https://btimes.jp/gunma/park/58998/"
"53817","日向県営住宅駐車場","36.267849","139.502731","https://btimes.jp/gunma/park/53817/"
"56929","久喜南２丁目第２","36.056493","139.678269","https://btimes.jp/saitama/park/56929/"
"42374","杉戸高野台東2丁目駐車場","36.044571","139.720117","https://btimes.jp/saitama/park/42374/"
"49609","向原駐車場","36.016371","139.671496","https://btimes.jp/saitama/park/49609/"
"33032","吉羽２－８－３４駐車場","36.065547","139.689343","https://btimes.jp/saitama/park/33032/"
"49608","加美駐車場","36.014523","139.673561","https://btimes.jp/saitama/park/49608/"
"45567","コーポあいざわ駐車場","36.061725","139.671116","https://btimes.jp/saitama/park/45567/"
"38219","本田5-13-23駐車場","36.0229","139.722131","https://btimes.jp/saitama/park/38219/"
"53124","小久喜668-3駐車場","36.009656","139.672589","https://btimes.jp/saitama/park/53124/"
"41897","堀江駐車場","36.027975","139.729699","https://btimes.jp/saitama/park/41897/"
"42148","カーサ沖山駐車場","36.005831","139.671405","https://btimes.jp/saitama/park/42148/"
"55061","百間保育園前 駐車場","36.021704","139.735591","https://btimes.jp/saitama/park/55061/"
"48124","タイムズ幸手駅前第3駐車場","36.072655","139.719092","https://btimes.jp/saitama/park/48124/"
"50093","コンサートホール 蓮田店駐車場","36.014989","139.63731","https://btimes.jp/saitama/park/50093/"
"66007","カーサ・ルーチェ駐車場","36.055962","139.678915","https://btimes.jp/saitama/park/66007/"
"66041","カーサ・ルーチェ駐車場","36.055962","139.678915","https://btimes.jp/saitama/park/66041/"
"56930","久喜南高架下","36.056382","139.678006","https://btimes.jp/saitama/park/56930/"
"45568","タウンヴィラあいざわ駐車場","36.061616","139.671268","https://btimes.jp/saitama/park/45568/"
"45566","コーポあいざわ駐車場","36.061725","139.671116","https://btimes.jp/saitama/park/45566/"
"39763","浜田モータース第一駐車場","36.072326","139.680044","https://btimes.jp/saitama/park/39763/"
"28249","中川崎駐車場","36.077165","139.706427","https://btimes.jp/saitama/park/28249/"
"64196","下樋遣川759-3駐車場","36.15109","139.626972","https://btimes.jp/saitama/park/64196/"
"48239","タイムズ鷲宮駅前駐車場","36.093798","139.660404","https://btimes.jp/saitama/park/48239/"
"48240","タイムズ鷲宮駅前駐車場","36.093798","139.660404","https://btimes.jp/saitama/park/48240/"
"56193","古河市本町3丁目駐車場","36.187047","139.708899","https://btimes.jp/ibaraki/park/56193/"
"32973","古河雷電町駐車場","36.195187","139.718974","https://btimes.jp/ibaraki/park/32973/"
"32959","古河東3丁目駐車場","36.194445","139.718565","https://btimes.jp/ibaraki/park/32959/"
"32916","マンスリー古河東３丁目駐車場","36.192944","139.718359","https://btimes.jp/ibaraki/park/32916/"
"42008","タイムズ古河東口第４駐車場","36.192629","139.718703","https://btimes.jp/ibaraki/park/42008/"
"45067","タイムズ古河東本町１丁目第４駐車場","36.190608","139.714066","https://btimes.jp/ibaraki/park/45067/"
"41360","古河567駐車場","36.188739","139.717078","https://btimes.jp/ibaraki/park/41360/"
"33003","東本町2丁目　銭屋駐車場","36.189838","139.718592","https://btimes.jp/ibaraki/park/33003/"
"41890","大平下駐車場","36.330354","139.717761","https://btimes.jp/tochigi/park/41890/"
"55178","藤岡5240駐車場","36.252406","139.651593","https://btimes.jp/tochigi/park/55178/"
"55179","藤岡駅前駐車場","36.253348","139.650275","https://btimes.jp/tochigi/park/55179/"
"31933","藤岡町藤岡駐車場","36.253318","139.65015","https://btimes.jp/tochigi/park/31933/"
"57451","大平下駅構内駐車場","36.340735","139.700084","https://btimes.jp/tochigi/park/57451/"
"47873","タイムズ栃木駅前駐車場","36.367061","139.735086","https://btimes.jp/tochigi/park/47873/"
"53321","ビレッジハウス栃木日ノ出タワー駐車場","36.381006","139.746485","https://btimes.jp/tochigi/park/53321/"
"51945","マンスリー栃木境町駐車場","36.372426","139.735687","https://btimes.jp/tochigi/park/51945/"
"29318","土塔TS駐車場","36.301599","139.820511","https://btimes.jp/tochigi/park/29318/"
"57019","小山第1","36.304488","139.810488","https://btimes.jp/tochigi/park/57019/"
"41797","犬塚5丁目3-8駐車場","36.304252","139.838459","https://btimes.jp/tochigi/park/41797/"
"46155","小山市犬塚３２駐車場","36.323531","139.83001","https://btimes.jp/tochigi/park/46155/"
"32394","コナカ結城店駐車場","36.284574","139.870979","https://btimes.jp/ibaraki/park/32394/"
"46981","タイムズ間々田駅東口駐車場","36.252584","139.763195","https://btimes.jp/tochigi/park/46981/"
"46506","小山市駅東通り２－２０駐車場","36.308752","139.812143","https://btimes.jp/tochigi/park/46506/"
"46154","小山市犬塚３２駐車場","36.323531","139.83001","https://btimes.jp/tochigi/park/46154/"
"45923","タイムズ小金井駅前第３駐車場","36.372502","139.845454","https://btimes.jp/tochigi/park/45923/"
"57016","自治医大第３","36.392957","139.857934","https://btimes.jp/tochigi/park/57016/"
"41258","タイムズ小金井駅前第５駐車場","36.370366","139.844026","https://btimes.jp/tochigi/park/41258/"
"57015","自治医大第1","36.391402","139.857019","https://btimes.jp/tochigi/park/57015/"
"63683","自治医大第３","36.391791","139.857409","https://btimes.jp/tochigi/park/63683/"
"50086","コンサートホール 五代店駐車場","36.489657","139.865563","https://btimes.jp/tochigi/park/50086/"
"33410","コメリパワー鹿沼店駐車場","36.545475","139.790276","https://btimes.jp/tochigi/park/33410/"
"52131","西川田駅前駐車場","36.510775","139.853678","https://btimes.jp/tochigi/park/52131/"
"38739","マンスリー西川田第１駐車場","36.511098","139.854475","https://btimes.jp/tochigi/park/38739/"
"38770","マンスリー西川田第2駐車場","36.510464","139.854825","https://btimes.jp/tochigi/park/38770/"
"38804","マンスリー西川田第３駐車場","36.510158","139.854555","https://btimes.jp/tochigi/park/38804/"
"54084","文星芸大高校前駐車場","36.559713","139.866997","https://btimes.jp/tochigi/park/54084/"
"32370","コナカ宇都宮上戸祭店駐車場","36.5833","139.869337","https://btimes.jp/tochigi/park/32370/"
"38745","マンスリー西川田第2駐車場","36.510464","139.854825","https://btimes.jp/tochigi/park/38745/"
"38751","マンスリー西川田第３駐車場","36.510158","139.854555","https://btimes.jp/tochigi/park/38751/"
"32395","コナカ下妻店駐車場","36.175713","139.967663","https://btimes.jp/ibaraki/park/32395/"
"57301","川島","36.292638","139.918743","https://btimes.jp/ibaraki/park/57301/"
"42380","アーバンレジデンス駐車場","36.300933","139.978296","https://btimes.jp/ibaraki/park/42380/"
"56884","結城駐車場（海側）","36.294691","139.877013","https://btimes.jp/ibaraki/park/56884/"
"48397","鮎澤２駐車場","36.540826","139.927664","https://btimes.jp/tochigi/park/48397/"
"39349","菊地峰駐車場","36.542997","139.921486","https://btimes.jp/tochigi/park/39349/"
"55207","シェ・ルフォンリュクス駐車場	","36.554062","139.935139","https://btimes.jp/tochigi/park/55207/"
"55208","陽東駐車場","36.554049","139.934847","https://btimes.jp/tochigi/park/55208/"
"44241","ベルヴィ宇都宮駐車場","36.550452","139.909375","https://btimes.jp/tochigi/park/44241/"
"44238","フローラパーキング10","36.551233","139.908041","https://btimes.jp/tochigi/park/44238/"
"39348","越戸菊地駐車場","36.566006","139.925642","https://btimes.jp/tochigi/park/39348/"
"33848","タイムズ宇都宮宿郷第５駐車場","36.551779","139.902285","https://btimes.jp/tochigi/park/33848/"
"58752","ビレッジハウス平出","36.576517","139.940351","https://btimes.jp/tochigi/park/58752/"
"39221","フローラパーキング","36.553755","139.896451","https://btimes.jp/tochigi/park/39221/"
"29667","今泉A地区駐車場","36.56347","139.903169","https://btimes.jp/tochigi/park/29667/"
"50085","コンサートホール 今泉店駐車場","36.566091","139.906094","https://btimes.jp/tochigi/park/50085/"
"29672","今泉B地区駐車場","36.564822","139.903783","https://btimes.jp/tochigi/park/29672/"
"43038","サンプリント本丸町駐車場","36.550352","139.887803","https://btimes.jp/tochigi/park/43038/"
"44117","サンプリント本丸町駐車場","36.550352","139.887803","https://btimes.jp/tochigi/park/44117/"
"45850","アーバンハイツ中央駐車場","36.552869","139.888195","https://btimes.jp/tochigi/park/45850/"
"55539","三村ハイツ西側駐車場","36.549764","139.878263","https://btimes.jp/tochigi/park/55539/"
"47477","タイムズ宇都宮戸祭元町駐車場","36.564612","139.883503","https://btimes.jp/tochigi/park/47477/"
"40918","【車室固定】タイムズ宇都宮戸祭元町駐車場","36.564687","139.8834","https://btimes.jp/tochigi/park/40918/"
"58875","戸祭元町9台パーキング","36.565464","139.881811","https://btimes.jp/tochigi/park/58875/"
"45983","アユサワ駐車場","36.545138","139.927141","https://btimes.jp/tochigi/park/45983/"
"563","タイムズ宇都宮東宿郷第３駐車場","36.553357","139.907507","https://btimes.jp/tochigi/park/563/"
"32796","タイムズ宇都宮東宿郷第８駐車場","36.555621","139.90667","https://btimes.jp/tochigi/park/32796/"
"45119","マンスリー宇都宮駅前通り駐車場","36.554734","139.897125","https://btimes.jp/tochigi/park/45119/"
"43005","タイムズ宇都宮大通り４丁目駐車場","36.557158","139.897894","https://btimes.jp/tochigi/park/43005/"
"29669","今泉D地区駐車場","36.565439","139.903944","https://btimes.jp/tochigi/park/29669/"
"2180","今泉3-12-32駐車場","36.562672","139.898344","https://btimes.jp/tochigi/park/2180/"
"40923","宇都宮松が峰駐車場","36.55362","139.882809","https://btimes.jp/tochigi/park/40923/"
"58865","昭和2丁目駐車場","36.56449","139.883009","https://btimes.jp/tochigi/park/58865/"
"60210","戸祭元町5台パーキング","36.564747","139.88249","https://btimes.jp/tochigi/park/60210/"
"32308","コナカ高根沢店駐車場","36.612556","139.989545","https://btimes.jp/tochigi/park/32308/"
"33383","コメリ唐津店駐車場","33.416136","130.000266","https://btimes.jp/saga/park/33383/"
"1311","青木駐車場","33.434943","130.000975","https://btimes.jp/saga/park/1311/"
"42855","秀英予備校 前原校駐車場","33.556116","130.1993","https://btimes.jp/fukuoka/park/42855/"
"47426","波多江駅北駐車場","33.564117","130.227155","https://btimes.jp/fukuoka/park/47426/"
"44366","コメリパワー周船寺店駐車場","33.560636","130.240508","https://btimes.jp/fukuoka/park/44366/"
"46128","グリーンコート100駐車場","33.57875","130.244337","https://btimes.jp/fukuoka/park/46128/"
"30595","FINESS４駐車場","33.561091","130.225376","https://btimes.jp/fukuoka/park/30595/"
"52979","ユニエミール九大前駐車場","33.589847","130.231757","https://btimes.jp/fukuoka/park/52979/"
"56373","パサージュ田村駐車場","33.537006","130.329419","https://btimes.jp/fukuoka/park/56373/"
"54689","野芥8丁目10-17駐車場","33.533608","130.340075","https://btimes.jp/fukuoka/park/54689/"
"42879","ＵＲ都市機構室住団地駐車場","33.556576","130.329042","https://btimes.jp/fukuoka/park/42879/"
"46813","ビレッジハウス野芥駐車場","33.535807","130.341667","https://btimes.jp/fukuoka/park/46813/"
"42880","ＵＲ都市機構室住団地駐車場","33.557612","130.332377","https://btimes.jp/fukuoka/park/42880/"
"60789","野芥2-48-13マーノマーノカフェ駐車場","33.540821","130.345269","https://btimes.jp/fukuoka/park/60789/"
"42881","ＵＲ都市機構室住団地駐車場","33.561899","130.330204","https://btimes.jp/fukuoka/park/42881/"
"42878","ＵＲ都市機構室住団地駐車場","33.561866","130.331263","https://btimes.jp/fukuoka/park/42878/"
"33795","ＵＲ都市機構十郎川団地駐車場","33.565806","130.315687","https://btimes.jp/fukuoka/park/33795/"
"33783","ＵＲ都市機構十郎川団地駐車場","33.566197","130.313887","https://btimes.jp/fukuoka/park/33783/"
"33770","ＵＲ都市機構十郎川団地駐車場","33.566237","130.312927","https://btimes.jp/fukuoka/park/33770/"
"50936","UR都市機構十郎川団地駐車場（軽）","33.566255","130.31287","https://btimes.jp/fukuoka/park/50936/"
"34263","賀茂1丁目15-3駐車場","33.552306","130.344278","https://btimes.jp/fukuoka/park/34263/"
"46928","上山門２丁目４２駐車場","33.566084","130.304134","https://btimes.jp/fukuoka/park/46928/"
"46936","Avenir cour駐車場","33.562633","130.335461","https://btimes.jp/fukuoka/park/46936/"
"33797","ＵＲ都市機構アーベイン四季姪浜駐車場","33.57839","130.322648","https://btimes.jp/fukuoka/park/33797/"
"55705","七隈2-15-34駐車場","33.560762","130.359954","https://btimes.jp/fukuoka/park/55705/"
"33749","ＵＲ都市機構金山団地駐車場","33.55621","130.365361","https://btimes.jp/fukuoka/park/33749/"
"2369","百道3-6-23駐車場","33.58235","130.349439","https://btimes.jp/fukuoka/park/2369/"
"33812","ＵＲ都市機構アーベインルネス城西駐車場","33.571653","130.367192","https://btimes.jp/fukuoka/park/33812/"
"48680","今川2-7-38駐車場","33.581599","130.368184","https://btimes.jp/fukuoka/park/48680/"
"44103","今川2丁目駐車場","33.581643","130.369222","https://btimes.jp/fukuoka/park/44103/"
"2570","田隈駐車場","33.544187","130.342223","https://btimes.jp/fukuoka/park/2570/"
"53130"," 野芥2丁目28-4-1駐車場","33.544749","130.345541","https://btimes.jp/fukuoka/park/53130/"
"63475","FK福重三丁目駐車場","33.566123","130.321564","https://btimes.jp/fukuoka/park/63475/"
"46927","野芥５丁目７駐車場","33.535499","130.349592","https://btimes.jp/fukuoka/park/46927/"
"32583","姪浜駅南第２駐車場","33.576783","130.327468","https://btimes.jp/fukuoka/park/32583/"
"2560","タイムズカー姪浜駅南店駐車場","33.579496","130.3316","https://btimes.jp/fukuoka/park/2560/"
"33802","ＵＲ都市機構金山団地駐車場","33.555642","130.365991","https://btimes.jp/fukuoka/park/33802/"
"47797","藤崎１丁目パーキング","33.575768","130.34914","https://btimes.jp/fukuoka/park/47797/"
"33798","ＵＲ都市機構アーベインルネス城西駐車場","33.570075","130.368002","https://btimes.jp/fukuoka/park/33798/"
"40794","福浜1-3-18駐車場","33.595297","130.367872","https://btimes.jp/fukuoka/park/40794/"
"47723","福浜1-16-2駐車場","33.596179","130.37057","https://btimes.jp/fukuoka/park/47723/"
"46380","SMILEHOUSEパーキング","33.583897","130.323866","https://btimes.jp/fukuoka/park/46380/"
"52650","那珂川駐車場","33.49945","130.44432","https://btimes.jp/fukuoka/park/52650/"
"33803","ＵＲ都市機構アーベインルネス諸岡駐車場","33.549334","130.449748","https://btimes.jp/fukuoka/park/33803/"
"29688","ノースリバー3駐車場","33.558739","130.443364","https://btimes.jp/fukuoka/park/29688/"
"59320","上白水7-165駐車場","33.515034","130.440838","https://btimes.jp/fukuoka/park/59320/"
"48845","ポルト・リジェール駐車場","33.515032","130.440865","https://btimes.jp/fukuoka/park/48845/"
"28391","中尾2-3-20-4駐車場","33.539289","130.411144","https://btimes.jp/fukuoka/park/28391/"
"42860","秀英予備校 屋形原校駐車場","33.539006","130.410248","https://btimes.jp/fukuoka/park/42860/"
"29998","紅葉ヶ丘西駐車場","33.516638","130.459436","https://btimes.jp/fukuoka/park/29998/"
"33805","ＵＲ都市機構アーベインリビエ清水駐車場","33.566196","130.428657","https://btimes.jp/fukuoka/park/33805/"
"30227","平和1ー10ー18駐車場","33.563636","130.405306","https://btimes.jp/fukuoka/park/30227/"
"46812","ビレッジハウス檜原駐車場","33.531926","130.394587","https://btimes.jp/fukuoka/park/46812/"
"58148","LIBTH博多駅南IV駐車場","33.576356","130.428478","https://btimes.jp/fukuoka/park/58148/"
"42858","秀英予備校 大野城校駐車場","33.516838","130.489878","https://btimes.jp/fukuoka/park/42858/"
"33794","ＵＲ都市機構下大利団地駐車場","33.516944","130.49635","https://btimes.jp/fukuoka/park/33794/"
"33782","ＵＲ都市機構田島団地駐車場","33.560504","130.377252","https://btimes.jp/fukuoka/park/33782/"
"42866","秀英予備校 志免校駐車場","33.582873","130.483568","https://btimes.jp/fukuoka/park/42866/"
"52647","弥永駐車場","33.528107","130.43505","https://btimes.jp/fukuoka/park/52647/"
"35888","大橋４丁目第２駐車場","33.550591","130.428346","https://btimes.jp/fukuoka/park/35888/"
"29170","ノースリバー3駐車場","33.558739","130.443364","https://btimes.jp/fukuoka/park/29170/"
"2385","井相田駐車場","33.552501","130.466117","https://btimes.jp/fukuoka/park/2385/"
"29999","あおいパーキング","33.517268","130.459861","https://btimes.jp/fukuoka/park/29999/"
"47093","LIBTH高宮駐車場","33.564269","130.420212","https://btimes.jp/fukuoka/park/47093/"
"47489","LIBTH高宮駐車場","33.564269","130.420212","https://btimes.jp/fukuoka/park/47489/"
"53049","大平寺1丁目駐車場","33.530086","130.401672","https://btimes.jp/fukuoka/park/53049/"
"52651","那珂川駐車場","33.503005","130.441965","https://btimes.jp/fukuoka/park/52651/"
"50879","LIBTH博多駅南WEST駐車場","33.573845","130.433651","https://btimes.jp/fukuoka/park/50879/"
"60201","LIBTH博多駅南V駐車場","33.573586","130.431418","https://btimes.jp/fukuoka/park/60201/"
"60202","LIBTH博多駅南V駐車場","33.573586","130.431418","https://btimes.jp/fukuoka/park/60202/"
"58538","LIBTH博多駅南IV駐車場","33.576356","130.428478","https://btimes.jp/fukuoka/park/58538/"
"31039","パークハイツ山王駐車場","33.578113","130.435742","https://btimes.jp/fukuoka/park/31039/"
"50881","LIBTH博多駅南駐車場","33.577322","130.427619","https://btimes.jp/fukuoka/park/50881/"
"39864","平和1丁目3-20駐車場","33.567575","130.403356","https://btimes.jp/fukuoka/park/39864/"
"59630","平尾2丁目駐車場","33.571611","130.407134","https://btimes.jp/fukuoka/park/59630/"
"59626","平尾第一駐車場（南側）","33.572119","130.406487","https://btimes.jp/fukuoka/park/59626/"
"59627","平尾第一駐車場（北側）","33.572156","130.406462","https://btimes.jp/fukuoka/park/59627/"
"50830","LIBTH薬院east駐車場","33.576625","130.40915","https://btimes.jp/fukuoka/park/50830/"
"50831","LIBTH薬院east駐車場","33.576625","130.40915","https://btimes.jp/fukuoka/park/50831/"
"50828","LIBTH渡辺通り駐車場","33.580928","130.408351","https://btimes.jp/fukuoka/park/50828/"
"33804","ＵＲ都市機構アーベインルネス別府駐車場","33.56958","130.376552","https://btimes.jp/fukuoka/park/33804/"
"33796","ＵＲ都市機構アーベインルネス別府駐車場","33.571875","130.376642","https://btimes.jp/fukuoka/park/33796/"
"64632","原田4-5-14駐車場","33.622111","130.444536","https://btimes.jp/fukuoka/park/64632/"
"46814","ビレッジハウス吉塚駐車場","33.604697","130.429652","https://btimes.jp/fukuoka/park/46814/"
"44123","TRIP POD YOSHIZUKA B駐車場","33.599063","130.426087","https://btimes.jp/fukuoka/park/44123/"
"33759","ＵＲ都市機構千早団地駐車場","33.646214","130.43092","https://btimes.jp/fukuoka/park/33759/"
"58146","LIBTH博多空港通り駐車場","33.592981","130.433502","https://btimes.jp/fukuoka/park/58146/"
"57733","フォンテーヌ香椎駐車場","33.651552","130.457263","https://btimes.jp/fukuoka/park/57733/"
"33750","ＵＲ都市機構香椎若葉団地駐車場","33.655796","130.437581","https://btimes.jp/fukuoka/park/33750/"
"33751","ＵＲ都市機構アーベイン東比恵駅前駐車場","33.585992","130.434608","https://btimes.jp/fukuoka/park/33751/"
"53376","大博多ビル駐車場","33.589321","130.417888","https://btimes.jp/fukuoka/park/53376/"
"58859","ゲイツビル駐車場","33.590503","130.408605","https://btimes.jp/fukuoka/park/58859/"
"3764","エムテック博多駅前３丁目パーキング","33.583561","130.419428","https://btimes.jp/fukuoka/park/3764/"
"35407","日本ガレーヂサービス駐車場","33.588134","130.409861","https://btimes.jp/fukuoka/park/35407/"
"31863","西鉄イン福岡駐車場","33.589565","130.404659","https://btimes.jp/fukuoka/park/31863/"
"50734","西鉄香椎花園前駅前駐車場","33.666303","130.436117","https://btimes.jp/fukuoka/park/50734/"
"62386","旅石170-153駐車場","33.585849","130.496144","https://btimes.jp/fukuoka/park/62386/"
"33504","コメリパワー須恵店駐車場","33.586476","130.497979","https://btimes.jp/fukuoka/park/33504/"
"61044","ブランミュール駐車場","33.621839","130.446956","https://btimes.jp/fukuoka/park/61044/"
"47779","LIBTH箱崎駐車場","33.617089","130.424141","https://btimes.jp/fukuoka/park/47779/"
"59643","千早駅月極駐車場","33.644022","130.440907","https://btimes.jp/fukuoka/park/59643/"
"52634","吉塚第１駐車場","33.600144","130.429074","https://btimes.jp/fukuoka/park/52634/"
"60726","箱崎埠頭駐車場","33.631649","130.413143","https://btimes.jp/fukuoka/park/60726/"
"58147","LIBTH博多空港通り駐車場","33.592981","130.433502","https://btimes.jp/fukuoka/park/58147/"
"29104","東光２丁目第２駐車場","33.591138","130.431137","https://btimes.jp/fukuoka/park/29104/"
"48798","東比恵２丁目第１駐車場","33.587996","130.430519","https://btimes.jp/fukuoka/park/48798/"
"51182","博多駅前1丁目駐車場","33.59059","130.420998","https://btimes.jp/fukuoka/park/51182/"
"61390","LIBTH東比恵駐車場","33.584588","130.437768","https://btimes.jp/fukuoka/park/61390/"
"52820","LIBTH天神東駐車場","33.59381","130.404183","https://btimes.jp/fukuoka/park/52820/"
"52819","LIBTH天神東（小型）駐車場","33.593784","130.404124","https://btimes.jp/fukuoka/park/52819/"
"43864","フタタ志免店駐車場","33.588012","130.481155","https://btimes.jp/fukuoka/park/43864/"
"2725","舞鶴１丁目第２駐車場","33.58918","130.396688","https://btimes.jp/fukuoka/park/2725/"
"31956","港２丁目駐車場","33.591242","130.380747","https://btimes.jp/fukuoka/park/31956/"
"59654","三苫駅前駐車場","33.698864","130.425486","https://btimes.jp/fukuoka/park/59654/"
"42857","秀英予備校 和白校駐車場","33.687466","130.436594","https://btimes.jp/fukuoka/park/42857/"
"34909","唐原駐車場","33.676094","130.440293","https://btimes.jp/fukuoka/park/34909/"
"830","タイムズカー福間駅前店駐車場","33.758102","130.489522","https://btimes.jp/fukuoka/park/830/"
"59622","味坂駅駐車場","33.350129","130.54323","https://btimes.jp/fukuoka/park/59622/"
"59623","北野駅駐車場","33.342211","130.584728","https://btimes.jp/fukuoka/park/59623/"
"29854","サブロー駐車場 第２","33.37531","130.520874","https://btimes.jp/saga/park/29854/"
"29792","サブロー駐車場 第１","33.37512","130.520379","https://btimes.jp/saga/park/29792/"
"29946","たまゆら整骨院駐車場","33.379695","130.516536","https://btimes.jp/saga/park/29946/"
"29947","たまゆら整骨院駐車場","33.379695","130.516536","https://btimes.jp/saga/park/29947/"
"29948","たまゆら整骨院駐車場","33.379695","130.516536","https://btimes.jp/saga/park/29948/"
"29949","たまゆら整骨院駐車場","33.379695","130.516536","https://btimes.jp/saga/park/29949/"
"29950","たまゆら整骨院駐車場","33.379695","130.516536","https://btimes.jp/saga/park/29950/"
"46185","ビレッジハウス鳥栖駐車場","33.367297","130.503778","https://btimes.jp/saga/park/46185/"
"47488","ビレッジハウス鳥栖駐車場","33.367314","130.503225","https://btimes.jp/saga/park/47488/"
"45076","YCN筑紫駐車場","33.458977","130.551312","https://btimes.jp/fukuoka/park/45076/"
"59632","津古駅駐車場","33.44277","130.568007","https://btimes.jp/fukuoka/park/59632/"
"49494","筑紫野市原田駐車場","33.44491","130.551619","https://btimes.jp/fukuoka/park/49494/"
"59657","桜台駅前（西口）駐車場","33.468254","130.544275","https://btimes.jp/fukuoka/park/59657/"
"53627","ブリラント・イーレ駐車場","33.453089","130.601958","https://btimes.jp/fukuoka/park/53627/"
"47182","三田アーバンハウス駐車場","33.480223","130.534665","https://btimes.jp/fukuoka/park/47182/"
"41652","針摺東2丁目7-75駐車場","33.485327","130.540667","https://btimes.jp/fukuoka/park/41652/"
"58706","平島駐車場","33.48278","130.534492","https://btimes.jp/fukuoka/park/58706/"
"59656","三国が丘駅前駐車場","33.432259","130.564297","https://btimes.jp/fukuoka/park/59656/"
"47431","平島駐車場","33.482773","130.534491","https://btimes.jp/fukuoka/park/47431/"
"36588","須恵町新原駐車場","33.579918","130.508914","https://btimes.jp/fukuoka/park/36588/"
"33175","五条駐車場","33.508248","130.527722","https://btimes.jp/fukuoka/park/33175/"
"58207","プランドール赤間","33.802153","130.565219","https://btimes.jp/fukuoka/park/58207/"
"46183","ビレッジハウス宗像駐車場","33.794684","130.580521","https://btimes.jp/fukuoka/park/46183/"
"48076","海老津２丁目駐車場","33.837386","130.623052","https://btimes.jp/fukuoka/park/48076/"
"26776","立山自動車第１駐車場","33.342524","130.720384","https://btimes.jp/fukuoka/park/26776/"
"26777","立山自動車第２駐車場","33.342524","130.720384","https://btimes.jp/fukuoka/park/26777/"
"38387","コメリうきは店駐車場","33.346204","130.728505","https://btimes.jp/fukuoka/park/38387/"
"38316","コメリパワー甘木インター店駐車場","33.404444","130.659233","https://btimes.jp/fukuoka/park/38316/"
"43868","フタタ甘木店駐車場","33.408106","130.657861","https://btimes.jp/fukuoka/park/43868/"
"33619","コメリパワー飯塚店駐車場","33.610892","130.672974","https://btimes.jp/fukuoka/park/33619/"
"44873","カラオケDio-31駐車場","33.615951","130.67142","https://btimes.jp/fukuoka/park/44873/"
"39604","シリウス潤野駐車場","33.627221","130.665137","https://btimes.jp/fukuoka/park/39604/"
"38344","コメリ宮田店駐車場","33.729341","130.68535","https://btimes.jp/fukuoka/park/38344/"
"60738","直方第2駐車場","33.749987","130.728192","https://btimes.jp/fukuoka/park/60738/"
"41182","木屋瀬第１駐車場","33.774984","130.727356","https://btimes.jp/fukuoka/park/41182/"
"50108","永島駐車場","33.817547","130.736909","https://btimes.jp/fukuoka/park/50108/"
"65849","永島駐車場（軽専用）","33.817585","130.736963","https://btimes.jp/fukuoka/park/65849/"
"41183","永犬丸南町第１駐車場","33.822105","130.732758","https://btimes.jp/fukuoka/park/41183/"
"41184","永犬丸南町第５駐車場","33.824524","130.732012","https://btimes.jp/fukuoka/park/41184/"
"53634","沖田3丁目駐車場","33.827428","130.745714","https://btimes.jp/fukuoka/park/53634/"
"33774","ＵＲ都市機構梅ノ木団地駐車場","33.866651","130.692362","https://btimes.jp/fukuoka/park/33774/"
"52717","シャーメゾンステージ千代ヶ崎駐車場","33.876997","130.718941","https://btimes.jp/fukuoka/park/52717/"
"52718","シャーメゾンステージ本城駐車場","33.887142","130.728972","https://btimes.jp/fukuoka/park/52718/"
"46810","ビレッジハウス則松駐車場","33.853495","130.727337","https://btimes.jp/fukuoka/park/46810/"
"45269","穴生有料駐車場","33.856796","130.747571","https://btimes.jp/fukuoka/park/45269/"
"33784","ＵＲ都市機構梅ノ木団地駐車場","33.864549","130.691842","https://btimes.jp/fukuoka/park/33784/"
"33813","ＵＲ都市機構梅ノ木団地駐車場","33.864395","130.691382","https://btimes.jp/fukuoka/park/33813/"
"33806","ＵＲ都市機構梅ノ木団地駐車場","33.863819","130.690272","https://btimes.jp/fukuoka/park/33806/"
"54240","川崎208-46駐車場","33.593569","130.829669","https://btimes.jp/fukuoka/park/54240/"
"43957","市丸駐車場","33.768642","130.872647","https://btimes.jp/fukuoka/park/43957/"
"60483","UR志徳団地駐車場","33.823686","130.871693","https://btimes.jp/fukuoka/park/60483/"
"54952","枝光４丁目B駐車場","33.879762","130.820481","https://btimes.jp/fukuoka/park/54952/"
"32939","上本町パーキング","33.863036","130.820887","https://btimes.jp/fukuoka/park/32939/"
"49604","菅原２丁目駐車場","33.882736","130.828005","https://btimes.jp/fukuoka/park/49604/"
"44486","尾倉２丁目駐車場","33.861191","130.800074","https://btimes.jp/fukuoka/park/44486/"
"48444","帆柱4丁目駐車場","33.856672","130.804258","https://btimes.jp/fukuoka/park/48444/"
"48446","帆柱4丁目駐車場","33.856672","130.804258","https://btimes.jp/fukuoka/park/48446/"
"32999","勝山第2パーキング","33.850062","130.818955","https://btimes.jp/fukuoka/park/32999/"
"53077","戸畑浅生２丁目駐車場","33.891799","130.827373","https://btimes.jp/fukuoka/park/53077/"
"40399","マンスリー八幡前田3丁目駐車場","33.865174","130.78873","https://btimes.jp/fukuoka/park/40399/"
"60159","プチメゾン石坪町駐車場","33.863022","130.844019","https://btimes.jp/fukuoka/park/60159/"
"60160","プチメゾン石坪町駐車場","33.863022","130.844019","https://btimes.jp/fukuoka/park/60160/"
"32988","龍潜寺第2パーキング","33.854389","130.79048","https://btimes.jp/fukuoka/park/32988/"
"55043","アンサー倶楽部　茶屋町駐車場","33.864009","130.845917","https://btimes.jp/fukuoka/park/55043/"
"32963","たちばな第4パーキング","33.85392","130.790425","https://btimes.jp/fukuoka/park/32963/"
"32987","龍潜寺第1パーキング","33.854339","130.78874","https://btimes.jp/fukuoka/park/32987/"
"35509","千防3丁目駐車場","33.897498","130.834674","https://btimes.jp/fukuoka/park/35509/"
"36757","泉台4丁目駐車場","33.859243","130.849977","https://btimes.jp/fukuoka/park/36757/"
"32970","南八千代町パーキング","33.85894","130.775726","https://btimes.jp/fukuoka/park/32970/"
"44963","下到津5丁目第2駐車場","33.871712","130.860187","https://btimes.jp/fukuoka/park/44963/"
"58957","ビレッジハウス日明駐車場","33.890952","130.860617","https://btimes.jp/fukuoka/park/58957/"
"33771","ＵＲ都市機構金田一丁目団地駐車場","33.874192","130.868487","https://btimes.jp/fukuoka/park/33771/"
"33772","ＵＲ都市機構金田一丁目団地駐車場","33.874247","130.869067","https://btimes.jp/fukuoka/park/33772/"
"33773","ＵＲ都市機構金田一丁目団地駐車場","33.874074","130.869637","https://btimes.jp/fukuoka/park/33773/"
"40395","小倉愛宕2丁目駐車場","33.883848","130.867808","https://btimes.jp/fukuoka/park/40395/"
"63777","割子川駐車場","33.834748","130.761845","https://btimes.jp/fukuoka/park/63777/"
"47504","井堀１丁目（AC井堀）駐車場","33.878594","130.84852","https://btimes.jp/fukuoka/park/47504/"
"43950","スズキビル歯科大前駐車場","33.868761","130.856925","https://btimes.jp/fukuoka/park/43950/"
"42951","黒崎2丁目第2駐車場","33.860671","130.769841","https://btimes.jp/fukuoka/park/42951/"
"52654","緑ヶ丘第１駐車場","33.885561","130.860791","https://btimes.jp/fukuoka/park/52654/"
"52655","緑ヶ丘第１駐車場","33.885561","130.860791","https://btimes.jp/fukuoka/park/52655/"
"33761","ＵＲ都市機構金田一丁目団地駐車場","33.873846","130.869377","https://btimes.jp/fukuoka/park/33761/"
"47748","キャビン一番館駐車場","33.833662","130.762452","https://btimes.jp/fukuoka/park/47748/"
"53824","アンサー倶楽部　AC守恒駐車場","33.833647","130.872384","https://btimes.jp/fukuoka/park/53824/"
"32807","ＪＡ福岡京築行橋駅前第３駐車場","33.726808","130.973751","https://btimes.jp/fukuoka/park/32807/"
"46811","ビレッジハウス小倉南駐車場","33.827042","130.922643","https://btimes.jp/fukuoka/park/46811/"
"33799","ＵＲ都市機構藤松団地駐車場","33.886215","130.925913","https://btimes.jp/fukuoka/park/33799/"
"33760","ＵＲ都市機構柳団地駐車場","33.898121","130.937214","https://btimes.jp/fukuoka/park/33760/"
"58817","寺内駐車場","33.900227","130.95122","https://btimes.jp/fukuoka/park/58817/"
"63754","黒原２－１２－１５駐車場","33.858771","130.902869","https://btimes.jp/fukuoka/park/63754/"
"47158","黒原2-12-25駐車場","33.858354","130.902565","https://btimes.jp/fukuoka/park/47158/"
"55475","足原2丁目駐車場(車室5:普通用)","33.864014","130.898528","https://btimes.jp/fukuoka/park/55475/"
"56688","宝清インターナショナル駐車場","33.876931","130.897711","https://btimes.jp/fukuoka/park/56688/"
"56689","シティパーク下富野３丁目駐車場","33.87704","130.897599","https://btimes.jp/fukuoka/park/56689/"
"55474","足原2丁目駐車場(小型用)","33.864014","130.898528","https://btimes.jp/fukuoka/park/55474/"
"47096","ベル・エポック長浜駐車場","33.881867","130.895953","https://btimes.jp/fukuoka/park/47096/"
"41331","砂津３丁目駐車場","33.880862","130.89461","https://btimes.jp/fukuoka/park/41331/"
"53416","上葛原１丁目駐車場","33.838","130.910052","https://btimes.jp/fukuoka/park/53416/"
"50989","湯川新町4-13-21駐車場","33.837981","130.907339","https://btimes.jp/fukuoka/park/50989/"
"52625","小倉北口第5駐車場","33.881346","130.886068","https://btimes.jp/fukuoka/park/52625/"
"52623","小倉北口第1駐車場","33.884745","130.883775","https://btimes.jp/fukuoka/park/52623/"
"47172","小倉駅駐車場","33.884607","130.883288","https://btimes.jp/fukuoka/park/47172/"
"50744","北方１丁目駐車場","33.845353","130.884749","https://btimes.jp/fukuoka/park/50744/"
"864","長浦駅前第１駐車場","35.445493","140.014175","https://btimes.jp/chiba/park/864/"
"865","長浦駅前第２駐車場","35.447438","140.005741","https://btimes.jp/chiba/park/865/"
"861","蔵波台第６駐車場","35.43639","140.006916","https://btimes.jp/chiba/park/861/"
"860","蔵波台第５駐車場","35.434693","140.007178","https://btimes.jp/chiba/park/860/"
"27702","コーポ山本駐車場","35.522484","140.08595","https://btimes.jp/chiba/park/27702/"
"39262","守永寺駐車場","35.512324","140.090939","https://btimes.jp/chiba/park/39262/"
"46865","ビレッジハウス五所駐車場","35.523042","140.123804","https://btimes.jp/chiba/park/46865/"
"2710","ハップス五井店駐車場","35.518343","140.082027","https://btimes.jp/chiba/park/2710/"
"41529","磯辺2丁目駐車場","35.622925","140.063847","https://btimes.jp/chiba/park/41529/"
"57061","高洲第３","35.62667","140.073884","https://btimes.jp/chiba/park/57061/"
"57533","打瀬第５","35.639582","140.054382","https://btimes.jp/chiba/park/57533/"
"62765","ホテルニューオータニ幕張駐車場","35.64228","140.04254","https://btimes.jp/chiba/park/62765/"
"51943","三幸駐車場","35.637316","140.094875","https://btimes.jp/chiba/park/51943/"
"2576","【バス専用】アパホテル＆リゾート（東京ベイ幕張）駐車場","35.641199","140.039712","https://btimes.jp/chiba/park/2576/"
"29666","海浜幕張駅前駐輪場","35.646096","140.043212","https://btimes.jp/chiba/park/29666/"
"64004","フェリースフジ駐車場","35.644188","140.092898","https://btimes.jp/chiba/park/64004/"
"26793","ライトコート春日駐車場","35.619648","140.104317","https://btimes.jp/chiba/park/26793/"
"35169","コンフォール稲毛小仲台駐車場","35.634233","140.102191","https://btimes.jp/chiba/park/35169/"
"46351","検見川ハイツ２駐車場","35.654472","140.071129","https://btimes.jp/chiba/park/46351/"
"53873","りんてつ幸町C 駐車場","35.605709","140.103609","https://btimes.jp/chiba/park/53873/"
"53872","りんてつ幸町A駐車場","35.605595","140.103722","https://btimes.jp/chiba/park/53872/"
"29187","フェリース芝入駐車場","35.646192","140.097724","https://btimes.jp/chiba/park/29187/"
"59224","アルス宝駐車場","35.645134","140.098892","https://btimes.jp/chiba/park/59224/"
"64360","グランパールII駐車場","35.650624","140.091849","https://btimes.jp/chiba/park/64360/"
"46533","市営轟町第１団地１棟前駐車場第１","35.626453","140.10957","https://btimes.jp/chiba/park/46533/"
"58881","宮野木台ハイツ駐車場","35.6514","140.092666","https://btimes.jp/chiba/park/58881/"
"61191","市営轟町第１団地１棟前駐車場第２","35.62696","140.110577","https://btimes.jp/chiba/park/61191/"
"57527","千葉港第2","35.603097","140.106461","https://btimes.jp/chiba/park/57527/"
"55119","登戸第１駐車場","35.602454","140.10687","https://btimes.jp/chiba/park/55119/"
"41151","エステート登戸駐車場","35.60736","140.110046","https://btimes.jp/chiba/park/41151/"
"64342","畑町863-9小石駐車場","35.659845","140.081664","https://btimes.jp/chiba/park/64342/"
"43725","松波3-1-13駐車場","35.615256","140.114842","https://btimes.jp/chiba/park/43725/"
"61528","【軽専用】ＫＡＫＵＳＡＮ弐番館駐車場","35.646812","140.105408","https://btimes.jp/chiba/park/61528/"
"58000","アルブル駐車場","35.645123","140.107897","https://btimes.jp/chiba/park/58000/"
"54265","天台団地駐車場","35.629394","140.116489","https://btimes.jp/chiba/park/54265/"
"60212","鈴木ハイツ駐車場","35.661967","140.048308","https://btimes.jp/chiba/park/60212/"
"39189","グレースハイム駐車場","35.636457","140.114835","https://btimes.jp/chiba/park/39189/"
"65657","Kタウン宮野木W.X駐車場","35.653391","140.103092","https://btimes.jp/chiba/park/65657/"
"26794","グレイス駐車場","35.611453","140.119225","https://btimes.jp/chiba/park/26794/"
"43049","弁天2-18-9駐車場","35.611825","140.119575","https://btimes.jp/chiba/park/43049/"
"29158","メゾンアート2駐車場","35.638651","140.119409","https://btimes.jp/chiba/park/29158/"
"63578","グレイスA・B駐車場","35.621444","140.123833","https://btimes.jp/chiba/park/63578/"
"51175","香澄月極駐車場","35.661594","140.03268","https://btimes.jp/chiba/park/51175/"
"56823","香澄月極駐車場","35.661594","140.03268","https://btimes.jp/chiba/park/56823/"
"56686","Kタウン宮野木P－V駐車場","35.655776","140.107749","https://btimes.jp/chiba/park/56686/"
"31141","第２千葉ゴールデンパーキング","35.606245","140.121834","https://btimes.jp/chiba/park/31141/"
"56685","Kタウン宮野木I－Ｍ駐車場","35.656279","140.108158","https://btimes.jp/chiba/park/56685/"
"56729","KタウンA-H棟駐車場","35.656831","140.109242","https://btimes.jp/chiba/park/56729/"
"65684","黒川宮野木駐車場","35.656959","140.109457","https://btimes.jp/chiba/park/65684/"
"65710","Kタウン宮野木N.O駐車場","35.657397","140.109072","https://btimes.jp/chiba/park/65710/"
"47514","タイムズ千葉港町駐車場","35.598653","140.121791","https://btimes.jp/chiba/park/47514/"
"61170","メゾン萩台駐車場","35.639585","140.12462","https://btimes.jp/chiba/park/61170/"
"58314","長沼町黒川月極駐車場","35.65377","140.115307","https://btimes.jp/chiba/park/58314/"
"57062","高洲第４","35.62654","140.074517","https://btimes.jp/chiba/park/57062/"
"57059","検見川浜第３","35.630503","140.067118","https://btimes.jp/chiba/park/57059/"
"57058","検見川浜第２","35.631549","140.06566","https://btimes.jp/chiba/park/57058/"
"57051","稲毛海岸第１","35.625825","140.08059","https://btimes.jp/chiba/park/57051/"
"3335","検見川浜駐車場","35.636969","140.065011","https://btimes.jp/chiba/park/3335/"
"57048","磯辺","35.636604","140.058661","https://btimes.jp/chiba/park/57048/"
"57128","磯辺","35.636604","140.058661","https://btimes.jp/chiba/park/57128/"
"57179","磯辺","35.636604","140.058661","https://btimes.jp/chiba/park/57179/"
"57053","稲毛海岸第６","35.623664","140.085188","https://btimes.jp/chiba/park/57053/"
"57054","稲毛海岸第７","35.623332","140.085585","https://btimes.jp/chiba/park/57054/"
"57055","稲毛海岸第８","35.622097","140.086996","https://btimes.jp/chiba/park/57055/"
"57526","千葉港第１","35.621206","140.087891","https://btimes.jp/chiba/park/57526/"
"57532","打瀬第４","35.640171","140.05339","https://btimes.jp/chiba/park/57532/"
"57530","打瀬第２","35.641831","140.050583","https://btimes.jp/chiba/park/57530/"
"57529","打瀬第１","35.642568","140.049394","https://btimes.jp/chiba/park/57529/"
"53119","プリマルージュ駐車場","35.647844","140.072784","https://btimes.jp/chiba/park/53119/"
"595","新検見川第６駐車場","35.648899","140.077793","https://btimes.jp/chiba/park/595/"
"57523","新検見川（浪花）","35.650728","140.069425","https://btimes.jp/chiba/park/57523/"
"35262","黒砂台1丁目駐車場","35.6256","140.101385","https://btimes.jp/chiba/park/35262/"
"36183","千葉緑町第３駐車場","35.623082","140.102395","https://btimes.jp/chiba/park/36183/"
"31696","海浜幕張第１駐車場","35.646862","140.042379","https://btimes.jp/chiba/park/31696/"
"54492","海浜幕張第１駐車場","35.646862","140.042379","https://btimes.jp/chiba/park/54492/"
"31675","海浜幕張第３駐車場","35.648806","140.039535","https://btimes.jp/chiba/park/31675/"
"47324","りんてつ幸町B駐車場","35.605589","140.103706","https://btimes.jp/chiba/park/47324/"
"57528","千葉港第３","35.604888","140.104619","https://btimes.jp/chiba/park/57528/"
"27700","メゾン・アイリス駐車場","35.657397","140.074356","https://btimes.jp/chiba/park/27700/"
"62883","ルピナスマンション駐車場","35.609581","140.109221","https://btimes.jp/chiba/park/62883/"
"62882","ヨシエムマンション駐車場","35.61785","140.12035","https://btimes.jp/chiba/park/62882/"
"31135","FK新宿駐車場","35.603117","140.115818","https://btimes.jp/chiba/park/31135/"
"32630","FK新宿駐車場","35.603117","140.115818","https://btimes.jp/chiba/park/32630/"
"32021","千葉新宿第２駐車場","35.603084","140.118282","https://btimes.jp/chiba/park/32021/"
"39574","神明町12-8駐車場","35.599188","140.119096","https://btimes.jp/chiba/park/39574/"
"57066","出洲港第２","35.594987","140.119684","https://btimes.jp/chiba/park/57066/"
"57247","本千葉駅前","35.599248","140.123585","https://btimes.jp/chiba/park/57247/"
"57540","本千葉駅前","35.599248","140.123585","https://btimes.jp/chiba/park/57540/"
"57489","新習志野駅南口","35.664922","140.014625","https://btimes.jp/chiba/park/57489/"
"57490","新習志野駅南口第２","35.664922","140.014625","https://btimes.jp/chiba/park/57490/"
"57491","新習志野第３","35.665039","140.014731","https://btimes.jp/chiba/park/57491/"
"31937","プロロジスパーク習志野５駐車場","35.699047","140.070838","https://btimes.jp/chiba/park/31937/"
"46023","東習志野8-26-9駐車場","35.700469","140.080286","https://btimes.jp/chiba/park/46023/"
"48717","東習志野8-26-9駐車場","35.700469","140.080286","https://btimes.jp/chiba/park/48717/"
"53811","東習志野8-26-9駐車場","35.700469","140.080286","https://btimes.jp/chiba/park/53811/"
"47896","坪井東３丁目駐車場","35.723067","140.065233","https://btimes.jp/chiba/park/47896/"
"27294","新栄駐車場","35.685158","140.061059","https://btimes.jp/chiba/park/27294/"
"28185","大久保３丁目プリマサクラ壱番館駐車場","35.687271","140.052106","https://btimes.jp/chiba/park/28185/"
"32068","三山1丁目駐車場","35.689481","140.047791","https://btimes.jp/chiba/park/32068/"
"39607","更科駐車場","35.725842","140.05775","https://btimes.jp/chiba/park/39607/"
"41464","坪井東3-15-36駐車場","35.726998","140.066553","https://btimes.jp/chiba/park/41464/"
"35361","アドバンスドプレイス北習志野駐車場","35.724443","140.05145","https://btimes.jp/chiba/park/35361/"
"48635","八千代台東1-42-1駐車場","35.700018","140.097197","https://btimes.jp/chiba/park/48635/"
"52618","ドラッグセイムス八千代緑が丘西店駐車場","35.731633","140.072016","https://btimes.jp/chiba/park/52618/"
"46106","松が丘駐車場","35.731013","140.054561","https://btimes.jp/chiba/park/46106/"
"60595","コンフォート八千代台駐車場","35.699767","140.099987","https://btimes.jp/chiba/park/60595/"
"27295","前原東駐車場","35.695351","140.030025","https://btimes.jp/chiba/park/27295/"
"40704","スミィード駐車場","35.726197","140.094951","https://btimes.jp/chiba/park/40704/"
"64733","長作町679-4駐車場","35.673708","140.075492","https://btimes.jp/chiba/park/64733/"
"56005","花見川駐車場","35.687324","140.099109","https://btimes.jp/chiba/park/56005/"
"31981","天戸町フジ駐車場","35.68023","140.091852","https://btimes.jp/chiba/park/31981/"
"33676","八剣台駐車場","35.678705","140.032413","https://btimes.jp/chiba/park/33676/"
"29162","ハイツヒロセ駐車場","35.693803","140.020384","https://btimes.jp/chiba/park/29162/"
"47513","津田沼２丁目駐車場","35.684392","140.024861","https://btimes.jp/chiba/park/47513/"
"65978","滝不動駅前月極バイク駐車場","35.733431","140.028341","https://btimes.jp/chiba/park/65978/"
"65500","八千代市萱田駐車場","35.72325","140.112286","https://btimes.jp/chiba/park/65500/"
"65374","津田沼7丁目月極駐車場","35.675552","140.021241","https://btimes.jp/chiba/park/65374/"
"661","船橋駿河台駐車場","35.701668","140.0075","https://btimes.jp/chiba/park/661/"
"31053","フラワーパーキング","35.677702","140.016022","https://btimes.jp/chiba/park/31053/"
"31061","パーキング605","35.677906","140.015467","https://btimes.jp/chiba/park/31061/"
"43973","サンシャインハイツ駐車場","35.69713","140.005119","https://btimes.jp/chiba/park/43973/"
"43974","シティウインドプラザ駐車場","35.696711","140.004647","https://btimes.jp/chiba/park/43974/"
"44026","谷津パークタウン壱番街","35.678925","140.011805","https://btimes.jp/chiba/park/44026/"
"64375","金杉３丁目駐車場","35.72776","140.008748","https://btimes.jp/chiba/park/64375/"
"64739","千種町166-19駐車場","35.671222","140.116903","https://btimes.jp/chiba/park/64739/"
"64374","金杉１丁目 駐車場","35.726363","140.0038","https://btimes.jp/chiba/park/64374/"
"3345","習志野台第３駐車場","35.710834","140.058058","https://btimes.jp/chiba/park/3345/"
"53444","メゾンジュネス駐車場","35.690511","140.062015","https://btimes.jp/chiba/park/53444/"
"26196","ノルド薬園台駐車場","35.699387","140.048432","https://btimes.jp/chiba/park/26196/"
"44941","タイムズ薬園台第３駐車場","35.709767","140.041946","https://btimes.jp/chiba/park/44941/"
"36647","あきの薬局駐車場","35.702509","140.092897","https://btimes.jp/chiba/park/36647/"
"39230","千葉大久保第４駐車場","35.684505","140.053573","https://btimes.jp/chiba/park/39230/"
"28093","ルミエール大久保駐車場","35.683414","140.05349","https://btimes.jp/chiba/park/28093/"
"54363","【バイク専用】クラシオ大久保幕張駐車場","35.680239","140.057716","https://btimes.jp/chiba/park/54363/"
"54456","【バイク専用】クラシオ大久保幕張駐車場","35.680239","140.057716","https://btimes.jp/chiba/park/54456/"
"54457","【バイク専用】クラシオ大久保幕張駐車場","35.680239","140.057716","https://btimes.jp/chiba/park/54457/"
"54458","【バイク専用】クラシオ大久保幕張駐車場","35.680239","140.057716","https://btimes.jp/chiba/park/54458/"
"39267","松が丘4丁目高根駐車場","35.729255","140.051175","https://btimes.jp/chiba/park/39267/"
"29869","アーネス津田沼駐車場","35.704553","140.031104","https://btimes.jp/chiba/park/29869/"
"41489","エムズ駐車場","35.687476","140.036982","https://btimes.jp/chiba/park/41489/"
"45002","本大久保3-3-14駐車場","35.679348","140.045744","https://btimes.jp/chiba/park/45002/"
"31065","藤崎駐車場","35.686521","140.035285","https://btimes.jp/chiba/park/31065/"
"31083","藤崎駐車場","35.686521","140.035285","https://btimes.jp/chiba/park/31083/"
"32140","キャロットミノル駐車場","35.715864","140.029502","https://btimes.jp/chiba/park/32140/"
"30703","GLP八千代駐車場","35.73408","140.08111","https://btimes.jp/chiba/park/30703/"
"30706","GLP八千代駐車場","35.73408","140.08111","https://btimes.jp/chiba/park/30706/"
"40703","スミィード・アネックス駐車場","35.7265","140.094809","https://btimes.jp/chiba/park/40703/"
"52934","幕張本郷７丁目メゾン駐車場","35.673364","140.053663","https://btimes.jp/chiba/park/52934/"
"49648","ミル・フェリース高根台駐車場","35.73203","140.040059","https://btimes.jp/chiba/park/49648/"
"35827","ソフィア鷺沼台駐車場","35.67697","140.041368","https://btimes.jp/chiba/park/35827/"
"33838","津田沼前原東第２駐車場","35.689983","140.027662","https://btimes.jp/chiba/park/33838/"
"32265","萱田町518-3駐車場","35.72787","140.097879","https://btimes.jp/chiba/park/32265/"
"57666","ソフィア本郷駐車場","35.673223","140.043774","https://btimes.jp/chiba/park/57666/"
"679","津田沼前原西駐車場","35.690508","140.02443","https://btimes.jp/chiba/park/679/"
"44451","ルピナス津田沼駐車場","35.68234","140.02811","https://btimes.jp/chiba/park/44451/"
"2128","津田沼前原西第２駐車場","35.690859","140.020845","https://btimes.jp/chiba/park/2128/"
"35954","大和田パーキング","35.712471","140.113295","https://btimes.jp/chiba/park/35954/"
"41565","シンフォライズ船橋駐車場","35.712634","140.017986","https://btimes.jp/chiba/park/41565/"
"42134","前原西駐車場","35.689751","140.018855","https://btimes.jp/chiba/park/42134/"
"28107","ププレ津田沼駐車場","35.691959","140.015168","https://btimes.jp/chiba/park/28107/"
"58344","ファミールアイ駐車場","35.730001","140.01957","https://btimes.jp/chiba/park/58344/"
"35333","スリール駐車場","35.694736","140.01121","https://btimes.jp/chiba/park/35333/"
"43975","ＣＡＬＥ駐車場","35.695759","140.008776","https://btimes.jp/chiba/park/43975/"
"53042","ステラ金杉駐車場","35.728543","140.014612","https://btimes.jp/chiba/park/53042/"
"43977","グランピリエ駐車場","35.695973","140.006639","https://btimes.jp/chiba/park/43977/"
"31057","パーキング605","35.677906","140.015467","https://btimes.jp/chiba/park/31057/"
"43976","青木第４駐車場","35.696098","140.006188","https://btimes.jp/chiba/park/43976/"
"1678","東船橋第６駐車場","35.694451","140.005843","https://btimes.jp/chiba/park/1678/"
"31659","船橋宮本駐車場","35.687681","140.005173","https://btimes.jp/chiba/park/31659/"
"42145","パナビレッジ二和駐車場","35.746755","140.020336","https://btimes.jp/chiba/park/42145/"
"39268","二和西5丁目駐車場","35.745638","140.016983","https://btimes.jp/chiba/park/39268/"
"57022","茜浜","35.668119","140.009614","https://btimes.jp/chiba/park/57022/"
"47203","サニーハウス駐車場（千葉）","35.743549","140.003707","https://btimes.jp/chiba/park/47203/"
"64631","千葉ニュータウン清水口駐車場","35.784198","140.039299","https://btimes.jp/chiba/park/64631/"
"30667","鎌ヶ谷第３パーキング","35.776339","140.030168","https://btimes.jp/chiba/park/30667/"
"2713","ハップス三咲店駐車場","35.753816","140.04316","https://btimes.jp/chiba/park/2713/"
"44435","ハイム二和駐車場","35.758335","140.031678","https://btimes.jp/chiba/park/44435/"
"35174","ニュータウンファーストアベニュー小倉台駐車場","35.803117","140.116969","https://btimes.jp/chiba/park/35174/"
"65979","二和向台駅前月極バイク駐車場","35.751287","140.025615","https://btimes.jp/chiba/park/65979/"
"46866","ビレッジハウス鎌ヶ谷駐車場","35.755799","140.004384","https://btimes.jp/chiba/park/46866/"
"7824","サンセリオ白井駐車場","35.763717","140.020811","https://btimes.jp/chiba/park/7824/"
"39597","西佐津間駐車場","35.800237","140.004834","https://btimes.jp/chiba/park/39597/"
"36508","中央一丁目駐車場","35.770554","140.005532","https://btimes.jp/chiba/park/36508/"
"50097","エイブルパーキング鎌ヶ谷３丁目駐車場","35.754897","140.015337","https://btimes.jp/chiba/park/50097/"
"55581","グランドコートII駐車場","35.827442","140.000433","https://btimes.jp/chiba/park/55581/"
"55580","グランドコート駐車場","35.827376","140.000267","https://btimes.jp/chiba/park/55580/"
"53291","我孫子市下ヶ戸534-1 中屋敷駐車場","35.867943","140.058658","https://btimes.jp/chiba/park/53291/"
"38218","下ケ戸509-2第1コーポソメヤ駐車場","35.867525","140.056836","https://btimes.jp/chiba/park/38218/"
"44436","グランドメゾン柴崎駐車場","35.870435","140.049245","https://btimes.jp/chiba/park/44436/"
"59545","グランドメゾン柴崎駐車場","35.870435","140.049245","https://btimes.jp/chiba/park/59545/"
"38237","ソメヤ第３駐車場","35.861722","140.048297","https://btimes.jp/chiba/park/38237/"
"32342","コナカ我孫子店駐車場","35.864985","140.029875","https://btimes.jp/chiba/park/32342/"
"41993","並木7-13-9駐車場","35.871649","140.024201","https://btimes.jp/chiba/park/41993/"
"38726","レイヴェルＶ駐車場","35.870811","140.017599","https://btimes.jp/chiba/park/38726/"
"46999","手賀の杜3-28-7駐車場","35.842661","140.028394","https://btimes.jp/chiba/park/46999/"
"60809","手賀の杜4-8-10駐車場","35.843211","140.026646","https://btimes.jp/chiba/park/60809/"
"65976","イーグルハイツＢ駐車場","35.882548","140.000053","https://btimes.jp/chiba/park/65976/"
"32503","湖北第２駐車場","35.863816","140.078719","https://btimes.jp/chiba/park/32503/"
"44744","タイムズ取手駅東口第２駐車場","35.890709","140.066291","https://btimes.jp/ibaraki/park/44744/"
"59386","FKサンライズ柴崎駐車場","35.875391","140.040369","https://btimes.jp/chiba/park/59386/"
"32719","マンスリータイムズ天王台４丁目駐車場","35.867228","140.039704","https://btimes.jp/chiba/park/32719/"
"53349","リバーストーンC駐車場","35.547114","140.183458","https://btimes.jp/chiba/park/53349/"
"58263","リバーストーンB棟駐車場","35.547175","140.183306","https://btimes.jp/chiba/park/58263/"
"61036","パセオ森田駐車場","35.549714","140.194984","https://btimes.jp/chiba/park/61036/"
"42265","誉田町1－958－14フォーアールTK駐車場","35.545011","140.209014","https://btimes.jp/chiba/park/42265/"
"64757","南生実町1181-41駐車場","35.554203","140.156244","https://btimes.jp/chiba/park/64757/"
"41755","ヒロズアパート駐車場","35.556976","140.1572","https://btimes.jp/chiba/park/41755/"
"65373","パーキング辰巳台第3","35.516956","140.153227","https://btimes.jp/chiba/park/65373/"
"55795","ウイング蘇我駐車場","35.563222","140.138076","https://btimes.jp/chiba/park/55795/"
"59007","セナリオコート駐車場","35.569175","140.139418","https://btimes.jp/chiba/park/59007/"
"25902","白旗台団地駐車場","35.574735","140.142103","https://btimes.jp/chiba/park/25902/"
"32644","白旗台団地駐車場","35.574524","140.141728","https://btimes.jp/chiba/park/32644/"
"54486","蘇我5-1-1駐車場","35.570311","140.137461","https://btimes.jp/chiba/park/54486/"
"32634","白旗台団地駐車場","35.575334","140.14068","https://btimes.jp/chiba/park/32634/"
"29326","今井3-10-1駐車場","35.574086","140.135128","https://btimes.jp/chiba/park/29326/"
"60545","【軽専用】My style 蘇我","35.57237","140.132788","https://btimes.jp/chiba/park/60545/"
"49237","リバーストーンA駐車場","35.54823","140.183271","https://btimes.jp/chiba/park/49237/"
"638","誉田駅南口駐車場","35.542501","140.21668","https://btimes.jp/chiba/park/638/"
"46068","マンスリータイムズ生浜駐車場","35.554862","140.135847","https://btimes.jp/chiba/park/46068/"
"52614","ドラッグセイムス八幡店駐車場","35.541498","140.128141","https://btimes.jp/chiba/park/52614/"
"579","蘇我駅東口駐車場","35.576971","140.136111","https://btimes.jp/chiba/park/579/"
"65418","ラフォンテＰ３パーキング","35.577882","140.131486","https://btimes.jp/chiba/park/65418/"
"64769","千城台北1-26-9稲葉ハイツ駐車場","35.623336","140.18738","https://btimes.jp/chiba/park/64769/"
"65564","千城台北1-26-10月極契約駐車場","35.623233","140.187275","https://btimes.jp/chiba/park/65564/"
"51544","千城台第１団地駐車場","35.624547","140.184833","https://btimes.jp/chiba/park/51544/"
"52613","ドラッグセイムス小倉町店駐車場","35.618709","140.178553","https://btimes.jp/chiba/park/52613/"
"58882","グランメール四番館駐車場","35.629397","140.171159","https://btimes.jp/chiba/park/58882/"
"58883","グランメール四番館駐車場","35.629397","140.171159","https://btimes.jp/chiba/park/58883/"
"54264","桜木町団地駐車場","35.618576","140.159416","https://btimes.jp/chiba/park/54264/"
"47826","CITY COSMO 16駐車場","35.611623","140.152068","https://btimes.jp/chiba/park/47826/"
"60431","CITY11駐車場","35.633985","140.150967","https://btimes.jp/chiba/park/60431/"
"56789","ファミール若葉駐車場","35.646011","140.156045","https://btimes.jp/chiba/park/56789/"
"54848","若松町駐車場","35.643401","140.148843","https://btimes.jp/chiba/park/54848/"
"64909","フォレストハイツ駐車場","35.660689","140.175529","https://btimes.jp/chiba/park/64909/"
"64559","ルミリア千葉City（旧：田中ハイツ）駐車場","35.598824","140.147442","https://btimes.jp/chiba/park/64559/"
"25632","千葉高品町第２駐車場","35.616674","140.137226","https://btimes.jp/chiba/park/25632/"
"44690","アミティエII駐車場","35.609221","140.132879","https://btimes.jp/chiba/park/44690/"
"551","千葉祐光第２駐車場","35.615015","140.131409","https://btimes.jp/chiba/park/551/"
"63632","山王町33-18駐車場","35.661233","140.151819","https://btimes.jp/chiba/park/63632/"
"31049","柳屋駐車場","35.606009","140.126268","https://btimes.jp/chiba/park/31049/"
"41567","コスモハイツ橘駐車場","35.634068","140.163302","https://btimes.jp/chiba/park/41567/"
"43536","コーポラスミホ桜木駐車場","35.628662","140.158558","https://btimes.jp/chiba/park/43536/"
"41337","都賀3丁目駐車場","35.632841","140.154757","https://btimes.jp/chiba/park/41337/"
"40434","四街道市和良比駐車場","35.649323","140.163451","https://btimes.jp/chiba/park/40434/"
"36028","都町駐車場","35.609139","140.149497","https://btimes.jp/chiba/park/36028/"
"31468","四街道第４駐車場","35.657609","140.169023","https://btimes.jp/chiba/park/31468/"
"31268","亀岡町9-18プランドール亀岡駐車場","35.603622","140.14","https://btimes.jp/chiba/park/31268/"
"36525","メゾンリヴィエール道場北駐車場","35.612338","140.133691","https://btimes.jp/chiba/park/36525/"
"60802","グランレガーメヴィラ駐車場","35.607754","140.133156","https://btimes.jp/chiba/park/60802/"
"53672","【東側】プロロジスパーク千葉１駐車場","35.653071","140.142278","https://btimes.jp/chiba/park/53672/"
"53674","【東側】プロロジスパーク千葉１大型車第2駐車場","35.653124","140.141934","https://btimes.jp/chiba/park/53674/"
"53673","【東側】プロロジスパーク千葉１大型車第1駐車場","35.653189","140.141624","https://btimes.jp/chiba/park/53673/"
"64788","シティハイム道場駐車場","35.608778","140.130259","https://btimes.jp/chiba/park/64788/"
"53675","【西側】プロロジスパーク千葉１駐車場","35.654448","140.140229","https://btimes.jp/chiba/park/53675/"
"53676","【西側】プロロジスパーク千葉１駐車場","35.654448","140.140229","https://btimes.jp/chiba/park/53676/"
"48050","タイムズマンスリー亥鼻１丁目駐車場","35.601727","140.13075","https://btimes.jp/chiba/park/48050/"
"51253","亥鼻駐車場","35.597968","140.130813","https://btimes.jp/chiba/park/51253/"
"57542","本千葉第２","35.595357","140.125686","https://btimes.jp/chiba/park/57542/"
"57547","末広第２","35.593607","140.126452","https://btimes.jp/chiba/park/57547/"
"57543","本千葉第４","35.592306","140.127102","https://btimes.jp/chiba/park/57543/"
"57544","本千葉第５","35.592203","140.12714","https://btimes.jp/chiba/park/57544/"
"57548","末広第６","35.591873","140.127306","https://btimes.jp/chiba/park/57548/"
"57549","末広第９","35.590839","140.127834","https://btimes.jp/chiba/park/57549/"
"57550","末広第１０","35.59041","140.128043","https://btimes.jp/chiba/park/57550/"
"57551","末広第１１","35.590302","140.128105","https://btimes.jp/chiba/park/57551/"
"57049","稲荷第２","35.585653","140.129835","https://btimes.jp/chiba/park/57049/"
"57050","稲荷第５","35.586906","140.127109","https://btimes.jp/chiba/park/57050/"
"52617","ドラッグセイムス佐倉王子台店駐車場","35.720406","140.182449","https://btimes.jp/chiba/park/52617/"
"63657","王子台5-38-12吉田月極駐車場駐車場","35.721691","140.175272","https://btimes.jp/chiba/park/63657/"
"53023","新谷駐車場","35.709813","140.158988","https://btimes.jp/chiba/park/53023/"
"41825","サンライズハイツII駐車場","35.709711","140.228454","https://btimes.jp/chiba/park/41825/"
"65247","メゾン大日駐車場","35.677426","140.169023","https://btimes.jp/chiba/park/65247/"
"31068","JA千葉みらい佐倉駐車場","35.70607","140.231655","https://btimes.jp/chiba/park/31068/"
"63921","SKマンションA棟駐車場","35.675539","140.167827","https://btimes.jp/chiba/park/63921/"
"64012","軽専用SKマンションA棟駐車場","35.675548","140.167776","https://btimes.jp/chiba/park/64012/"
"59899","プルーストレジデンス駐車場","35.709608","140.134017","https://btimes.jp/chiba/park/59899/"
"59732","TK八千代駐車場","35.71951","140.131347","https://btimes.jp/chiba/park/59732/"
"54696","タイムズマンスリー臼井駅前第２駐車場","35.725525","140.183998","https://btimes.jp/chiba/park/54696/"
"65656","大日セブンハイツ駐車場","35.676983","140.168805","https://btimes.jp/chiba/park/65656/"
"8037","原山1-21-3駐車場","35.799042","140.131842","https://btimes.jp/chiba/park/8037/"
"52612","ドラッグセイムス龍ヶ崎緑町店駐車場","35.90409","140.198768","https://btimes.jp/ibaraki/park/52612/"
"57555","木下第１","35.835843","140.152033","https://btimes.jp/chiba/park/57555/"
"57554","木下駅構内","35.835803","140.15104","https://btimes.jp/chiba/park/57554/"
"55733","中央3-28駐車場","35.974167","140.147524","https://btimes.jp/ibaraki/park/55733/"
"32920","牛久駅東口駐車場","35.970742","140.148217","https://btimes.jp/ibaraki/park/32920/"
"50960","プライムパーキング２６駐車場","35.447095","140.313372","https://btimes.jp/chiba/park/50960/"
"32385","コナカ茂原店駐車場","35.434217","140.291315","https://btimes.jp/chiba/park/32385/"
"57057","観音駐車場","35.425977","140.302952","https://btimes.jp/chiba/park/57057/"
"57186","観音駐車場","35.425977","140.302952","https://btimes.jp/chiba/park/57186/"
"52616","ドラッグセイムス茂原西店駐車場","35.421581","140.289212","https://btimes.jp/chiba/park/52616/"
"58418","緑ヶ丘１丁目第３駐車場","35.432493","140.265478","https://btimes.jp/chiba/park/58418/"
"57876","コメリパワー大網白里店駐車場","35.524783","140.332984","https://btimes.jp/chiba/park/57876/"
"60204","ダール・イマイ駐車場","35.517463","140.306768","https://btimes.jp/chiba/park/60204/"
"60205","D'art Imai2・3　駐車場","35.515585","140.307845","https://btimes.jp/chiba/park/60205/"
"1812","カーアシストジャパン　東金営業所駐車場","35.549399","140.355052","https://btimes.jp/chiba/park/1812/"
"54141","アパートシェーンブルン駐車場","35.518292","140.279322","https://btimes.jp/chiba/park/54141/"
"61602","グレースハイツ土気駐車場","35.524768","140.267804","https://btimes.jp/chiba/park/61602/"
"32334","コナカ土気店駐車場","35.528146","140.266478","https://btimes.jp/chiba/park/32334/"
"60206","ダールイマイV駐車場","35.515114","140.305682","https://btimes.jp/chiba/park/60206/"
"31051","グリーンパーキング土気","35.529947","140.272913","https://btimes.jp/chiba/park/31051/"
"58964","リリエ・ガーデン敷地外駐車場","35.508599","140.263404","https://btimes.jp/chiba/park/58964/"
"39837","八街ほ230駐車場","35.658522","140.320281","https://btimes.jp/chiba/park/39837/"
"57539","日向駅前","35.62528","140.365899","https://btimes.jp/chiba/park/57539/"
"42987","八街に53-69　戸建駐車場","35.659999","140.336566","https://btimes.jp/chiba/park/42987/"
"42114","成田クリサンス３駐車場","35.776499","140.317327","https://btimes.jp/chiba/park/42114/"
"42031","成田クリサンス２駐車場","35.775336","140.313753","https://btimes.jp/chiba/park/42031/"
"31050","成田団地駐車場","35.773538","140.299893","https://btimes.jp/chiba/park/31050/"
"27612","成田団地駐車場","35.77214","140.302086","https://btimes.jp/chiba/park/27612/"
"25903","成田団地駐車場","35.773273","140.29958","https://btimes.jp/chiba/park/25903/"
"46871","ビレッジハウス成田駐車場","35.78343","140.290153","https://btimes.jp/chiba/park/46871/"
"58751","ビレッジハウス成田吾妻","35.775906","140.289155","https://btimes.jp/chiba/park/58751/"
"55097","スペースハウス公津の杜駐車場","35.762464","140.301443","https://btimes.jp/chiba/park/55097/"
"2680","サンパーキング成田店","35.782851","140.3724","https://btimes.jp/chiba/park/2680/"
"48425","タイムズ成田花崎町駐車場","35.775157","140.31833","https://btimes.jp/chiba/park/48425/"
"32012","成田田町第２駐車場","35.782027","140.322643","https://btimes.jp/chiba/park/32012/"
"55840","タイムズ成田表参道駐車場","35.778018","140.319468","https://btimes.jp/chiba/park/55840/"
"46872","ビレッジハウス成田駐車場","35.78366","140.290667","https://btimes.jp/chiba/park/46872/"
"57056","滑河駅","35.874457","140.35184","https://btimes.jp/chiba/park/57056/"
"57184","滑河駅","35.874457","140.35184","https://btimes.jp/chiba/park/57184/"
"58783","アネルフットパーク千葉白子アリーナ駐車場","35.429375","140.392837","https://btimes.jp/chiba/park/58783/"
"30666","本須賀海岸駐車場","35.548743","140.470344","https://btimes.jp/chiba/park/30666/"
"31936","プロロジスパーク成田1-AB駐車場","35.733866","140.384211","https://btimes.jp/chiba/park/31936/"
"33535","コメリパワー旭店駐車場","35.711011","140.586814","https://btimes.jp/chiba/park/33535/"
"64427","ヤマワ牧野 コイン精米機脇駐車場","35.879944","140.50344","https://btimes.jp/chiba/park/64427/"
"32388","コナカ旭店駐車場","35.722793","140.660881","https://btimes.jp/chiba/park/32388/"
"48835","新生町1丁目42-1駐車場","35.730041","140.841414","https://btimes.jp/chiba/park/48835/"
"63521","140046エクセレントスクエア駐車場","34.791161","137.068998","https://btimes.jp/aichi/park/63521/"
"46821","ビレッジハウス治明駐車場","34.81899","137.017251","https://btimes.jp/aichi/park/46821/"
"46972","新渡場町大西51-2駐車場","34.882661","137.062098","https://btimes.jp/aichi/park/46972/"
"58971","ビレッジハウス家下駐車場","34.870067","137.001259","https://btimes.jp/aichi/park/58971/"
"63522","140347コンフォート西端駐車場","34.912988","137.016581","https://btimes.jp/aichi/park/63522/"
"63523","140355coeur FUJI駐車場","34.885043","137.000126","https://btimes.jp/aichi/park/63523/"
"63524","140355coeur FUJI駐車場","34.885043","137.000126","https://btimes.jp/aichi/park/63524/"
"54979","FK原崎町４丁目駐車場","34.998714","137.006615","https://btimes.jp/aichi/park/54979/"
"54489","FK刈谷駅南駐車場","34.986293","137.012117","https://btimes.jp/aichi/park/54489/"
"60655","FK神明町3丁目駐車場","34.992839","137.007161","https://btimes.jp/aichi/park/60655/"
"60725","FK矢場町5丁目駐車場","34.995445","137.003508","https://btimes.jp/aichi/park/60725/"
"58900","ビレッジハウス東郷駐車場","35.067162","137.046445","https://btimes.jp/aichi/park/58900/"
"57781","一ツ木町５丁目駐車場","35.010561","137.028853","https://btimes.jp/aichi/park/57781/"
"30328","二村台7-6-6二村台ハイツ駐車場","35.065297","137.013553","https://btimes.jp/aichi/park/30328/"
"58907","ビレッジハウス三好駐車場","35.072545","137.097218","https://btimes.jp/aichi/park/58907/"
"65228","ミニョンヴィラージュ駐車場","35.047158","137.013228","https://btimes.jp/aichi/park/65228/"
"65229","コートヴィレッジ駐車場","35.047473","137.008742","https://btimes.jp/aichi/park/65229/"
"51603","UR都市機構　押草団地駐車場","35.108716","137.057607","https://btimes.jp/aichi/park/51603/"
"52323","FK日進市浅田平子駐車場","35.113814","137.03666","https://btimes.jp/aichi/park/52323/"
"65543","浅田平子2-30ヒルズハイム153駐車場","35.115487","137.03279","https://btimes.jp/aichi/park/65543/"
"43590","パアチ三好ヶ丘駐車場","35.121425","137.113891","https://btimes.jp/aichi/park/43590/"
"41141","UR都市機構　プロムナード三好丘駐車場","35.118804","137.121692","https://btimes.jp/aichi/park/41141/"
"44854","新宿二丁目32番駐車場","35.149493","137.013405","https://btimes.jp/aichi/park/44854/"
"60423","BTA0020121_FK兵庫1丁目110駐車場","35.094597","137.012665","https://btimes.jp/aichi/park/60423/"
"55319","FK日進竹の山5丁目駐車場","35.144011","137.039745","https://btimes.jp/aichi/park/55319/"
"41408","レスポワール ノール駐車場","35.092424","137.078383","https://btimes.jp/aichi/park/41408/"
"47430","岩崎台４丁目駐車場","35.144763","137.029962","https://btimes.jp/aichi/park/47430/"
"51993","FK赤池３丁目駐車場","35.116224","137.018536","https://btimes.jp/aichi/park/51993/"
"51994","FK赤池３丁目駐車場","35.116224","137.018536","https://btimes.jp/aichi/park/51994/"
"43589","パアチ三好ヶ丘駐車場屋外","35.121335","137.113873","https://btimes.jp/aichi/park/43589/"
"25735","FK竹の山2丁目駐車場","35.15579","137.038313","https://btimes.jp/aichi/park/25735/"
"40906","アンジュ神ノ倉Ａ駐車場","35.103485","137.016344","https://btimes.jp/aichi/park/40906/"
"25723","FK新宿2丁目294駐車場","35.145656","137.016346","https://btimes.jp/aichi/park/25723/"
"40902","エルマーナ駐車場","35.162746","137.033237","https://btimes.jp/aichi/park/40902/"
"63787","FKパルモ高針台駐車場","35.155642","137.015371","https://btimes.jp/aichi/park/63787/"
"46493","タイムズ牧の里内駐車場","35.14811","137.008609","https://btimes.jp/aichi/park/46493/"
"45700","FK中平2丁目村瀬駐車場","35.116826","137.000335","https://btimes.jp/aichi/park/45700/"
"47637","亀が洞第一公園前駐車場1","35.089479","137.011617","https://btimes.jp/aichi/park/47637/"
"47638","亀が洞第一公園前駐車場2","35.089696","137.011425","https://btimes.jp/aichi/park/47638/"
"46463","タイムズ貴船内駐車場","35.164849","137.017423","https://btimes.jp/aichi/park/46463/"
"47636","ヒルズウォーク裏駐車場","35.092824","137.002813","https://btimes.jp/aichi/park/47636/"
"40897","フォレスト高間駐車場","35.156641","137.003121","https://btimes.jp/aichi/park/40897/"
"50902","140063SATELLITE徳重駐車場","35.084462","137.003486","https://btimes.jp/aichi/park/50902/"
"50633","長久手二番館駐車場","35.177322","137.037507","https://btimes.jp/aichi/park/50633/"
"52682","FK豊が丘2619駐車場","35.182202","137.018873","https://btimes.jp/aichi/park/52682/"
"57878","コメリパワー名古屋中志段味店駐車場","35.249114","137.031221","https://btimes.jp/aichi/park/57878/"
"47996","本地荘駐車場","35.19804","137.028624","https://btimes.jp/aichi/park/47996/"
"47992","本地荘駐車場","35.19624","137.028795","https://btimes.jp/aichi/park/47992/"
"50225","【35棟南】本地荘駐車場","35.197568","137.028268","https://btimes.jp/aichi/park/50225/"
"47956","本地荘駐車場","35.195506","137.02866","https://btimes.jp/aichi/park/47956/"
"47991","本地荘駐車場","35.19534","137.028479","https://btimes.jp/aichi/park/47991/"
"47987","本地荘駐車場","35.194382","137.028022","https://btimes.jp/aichi/park/47987/"
"47993","本地荘駐車場","35.197109","137.027015","https://btimes.jp/aichi/park/47993/"
"47990","本地荘駐車場","35.196506","137.026846","https://btimes.jp/aichi/park/47990/"
"47989","本地荘駐車場","35.195708","137.026988","https://btimes.jp/aichi/park/47989/"
"47995","本地荘駐車場","35.197897","137.026099","https://btimes.jp/aichi/park/47995/"
"47994","本地荘駐車場","35.197018","137.025929","https://btimes.jp/aichi/park/47994/"
"47988","本地荘駐車場","35.195534","137.025539","https://btimes.jp/aichi/park/47988/"
"54110","【９棟北】本地荘駐車場","35.195458","137.025333","https://btimes.jp/aichi/park/54110/"
"40896","アーバンヒルズ駐車場","35.179042","137.038155","https://btimes.jp/aichi/park/40896/"
"47986","本地荘駐車場","35.194353","137.024982","https://btimes.jp/aichi/park/47986/"
"40899","シュティーア駐車場","35.171435","137.049024","https://btimes.jp/aichi/park/40899/"
"40901","ストリーム氏神前駐車場","35.172753","137.041836","https://btimes.jp/aichi/park/40901/"
"42423","ＦＫ栄生２丁目２３０９駐車場","35.17547","137.02754","https://btimes.jp/aichi/park/42423/"
"42420","ＦＫバル・フローリー駐車場","35.175313","137.023575","https://btimes.jp/aichi/park/42420/"
"31134","FK飯田パーキング本郷","35.174598","137.017921","https://btimes.jp/aichi/park/31134/"
"47951","【６棟北】引山荘駐車場","35.189227","137.003932","https://btimes.jp/aichi/park/47951/"
"48007","引山荘駐車場","35.189796","137.003618","https://btimes.jp/aichi/park/48007/"
"48005","引山荘駐車場","35.190439","137.003253","https://btimes.jp/aichi/park/48005/"
"48006","引山荘駐車場","35.189534","137.002255","https://btimes.jp/aichi/park/48006/"
"48004","引山荘駐車場","35.190171","137.001864","https://btimes.jp/aichi/park/48004/"
"54109","【３棟北】引山荘駐車場","35.190876","137.001146","https://btimes.jp/aichi/park/54109/"
"48002","引山荘駐車場","35.191239","137.000817","https://btimes.jp/aichi/park/48002/"
"48003","引山荘駐車場","35.191129","137.000681","https://btimes.jp/aichi/park/48003/"
"42755","秀英予備校 中央台校駐車場","35.284679","137.058155","https://btimes.jp/aichi/park/42755/"
"50543","UR都市機構　高森台団地駐車場","35.285687","137.057373","https://btimes.jp/aichi/park/50543/"
"36878","UR都市機構　中央台団地駐車場","35.282731","137.051253","https://btimes.jp/aichi/park/36878/"
"36893","UR都市機構　藤山台団地駐車場","35.281608","137.049359","https://btimes.jp/aichi/park/36893/"
"42333","UR都市機構　岩成台団地駐車場","35.277063","137.050117","https://btimes.jp/aichi/park/42333/"
"42332","UR都市機構　岩成台団地駐車場","35.278276","137.04839","https://btimes.jp/aichi/park/42332/"
"42335","UR都市機構　岩成台団地駐車場","35.274722","137.050429","https://btimes.jp/aichi/park/42335/"
"36868","UR都市機構　藤山台団地駐車場","35.281511","137.043937","https://btimes.jp/aichi/park/36868/"
"51083","UR都市機構　藤山台団地駐車場","35.280305","137.043019","https://btimes.jp/aichi/park/51083/"
"39034","UR都市機構　藤山台団地駐車場","35.280172","137.042731","https://btimes.jp/aichi/park/39034/"
"36869","UR都市機構　藤山台団地駐車場","35.281053","137.042044","https://btimes.jp/aichi/park/36869/"
"36894","UR都市機構　藤山台団地駐車場","35.28209","137.04109","https://btimes.jp/aichi/park/36894/"
"42334","UR都市機構　岩成台団地駐車場","35.272847","137.047844","https://btimes.jp/aichi/park/42334/"
"50733","UR都市機構　岩成台西団地駐車場","35.275108","137.04239","https://btimes.jp/aichi/park/50733/"
"51084","UR都市機構　藤山台団地駐車場","35.279658","137.038267","https://btimes.jp/aichi/park/51084/"
"39032","UR都市機構　藤山台団地駐車場","35.279235","137.037853","https://btimes.jp/aichi/park/39032/"
"64372","UR都市機構　高座台団地駐車場","35.268609","137.047146","https://btimes.jp/aichi/park/64372/"
"36887","UR都市機構　高座台団地駐車場","35.268302","137.046776","https://btimes.jp/aichi/park/36887/"
"51085","UR都市機構　藤山台団地駐車場","35.278461","137.036065","https://btimes.jp/aichi/park/51085/"
"39033","UR都市機構　藤山台団地駐車場","35.277446","137.036132","https://btimes.jp/aichi/park/39033/"
"61705","【B】タイムズマンスリー高蔵寺駅前駐車場","35.260806","137.052949","https://btimes.jp/aichi/park/61705/"
"48442","ゆたか歯科クリニック駐車場","35.264622","137.014923","https://btimes.jp/aichi/park/48442/"
"48763","ゆたか歯科クリニック駐車場","35.264622","137.014923","https://btimes.jp/aichi/park/48763/"
"748","高蔵寺町駐車場","35.260864","137.053102","https://btimes.jp/aichi/park/748/"
"753","高蔵寺町駐車場","35.260864","137.053102","https://btimes.jp/aichi/park/753/"
"46170","ビレッジハウス幸田駐車場","34.849867","137.164009","https://btimes.jp/aichi/park/46170/"
"33677","HAIR ank BOLERO駐車場","34.893409","137.157406","https://btimes.jp/aichi/park/33677/"
"46820","ビレッジハウス美合駐車場","34.927884","137.186462","https://btimes.jp/aichi/park/46820/"
"65246","西野山駐車場","34.993083","137.135673","https://btimes.jp/aichi/park/65246/"
"50737","山之手公園前駐車場","35.049704","137.144607","https://btimes.jp/aichi/park/50737/"
"60850","常盤町駐車場","35.073994","137.158441","https://btimes.jp/aichi/park/60850/"
"59296","豊田市神田町駐車場","35.079393","137.157276","https://btimes.jp/aichi/park/59296/"
"41410","メルロウズプレイスＣ駐車場","35.043545","137.1671","https://btimes.jp/aichi/park/41410/"
"41407","ウッドフレンズ明和駐車場","35.039694","137.163757","https://btimes.jp/aichi/park/41407/"
"56532","FK三河豊田駅前駐車場","35.051703","137.153404","https://btimes.jp/aichi/park/56532/"
"56533","【軽車室】FK三河豊田駅前駐車場","35.051697","137.153344","https://btimes.jp/aichi/park/56533/"
"63830","FK豊田市小坂本町４丁目バイク駐車場","35.080809","137.156566","https://btimes.jp/aichi/park/63830/"
"50599","土橋公園前駐車場","35.055655","137.129859","https://btimes.jp/aichi/park/50599/"
"41402","シャトー上郷駐車場","35.011049","137.135353","https://btimes.jp/aichi/park/41402/"
"41405","エバーハイツＡ駐車場","35.081428","137.125611","https://btimes.jp/aichi/park/41405/"
"64576","昭和町2-43 グリーンハイツ 駐車場 (北側外部の通路奥)","35.088325","137.162223","https://btimes.jp/aichi/park/64576/"
"41404","サンクチュアリー日之出駐車場","35.08864","137.167675","https://btimes.jp/aichi/park/41404/"
"66463","豊田竹生町2丁目駐車場(おいでんまつり花火大会専用)","35.088159","137.16257","https://btimes.jp/aichi/park/66463/"
"41403","コンフィード浄水駐車場","35.125097","137.138484","https://btimes.jp/aichi/park/41403/"
"46822","ビレッジハウス針原駐車場","35.228107","137.13781","https://btimes.jp/aichi/park/46822/"
"59066","ビレッジハウス滝呂駐車場","35.316565","137.154193","https://btimes.jp/gifu/park/59066/"
"48305","多治見駅東月極駐車場","35.332504","137.125363","https://btimes.jp/gifu/park/48305/"
"62925","FK極楽寺駐車場","34.832077","137.327988","https://btimes.jp/aichi/park/62925/"
"41458","旭町旭186ー1駐車場","34.764778","137.405681","https://btimes.jp/aichi/park/41458/"
"59409","ビレッジハウス大村駐車場","34.786474","137.39036","https://btimes.jp/aichi/park/59409/"
"48287","石塚月極駐車場","34.763593","137.383621","https://btimes.jp/aichi/park/48287/"
"48279","花田町野黒月極駐車場","34.756613","137.385703","https://btimes.jp/aichi/park/48279/"
"48278","豊橋駅東月極駐車場","34.756684","137.385256","https://btimes.jp/aichi/park/48278/"
"42703","秀英予備校 富塚校駐車場","34.720495","137.700615","https://btimes.jp/shizuoka/park/42703/"
"43317","はりまハイツ駐車場","34.720751","137.716196","https://btimes.jp/shizuoka/park/43317/"
"43327","はりまハイツ駐車場","34.720751","137.716196","https://btimes.jp/shizuoka/park/43327/"
"54190","鹿谷町28-16駐車場","34.709983","137.723589","https://btimes.jp/shizuoka/park/54190/"
"28343","中山町111駐車場","34.703832","137.725992","https://btimes.jp/shizuoka/park/28343/"
"28346","高町144駐車場","34.705722","137.726031","https://btimes.jp/shizuoka/park/28346/"
"61974","タイムズマンスリー浜松東伊場駐車場","34.697134","137.725143","https://btimes.jp/shizuoka/park/61974/"
"61975","タイムズマンスリー浜松森田町駐車場","34.691322","137.722879","https://btimes.jp/shizuoka/park/61975/"
"29160","ミソノイサイクル元城店駐車場","34.706154","137.730728","https://btimes.jp/shizuoka/park/29160/"
"39401","浜松上浅田駐車場","34.694364","137.730035","https://btimes.jp/shizuoka/park/39401/"
"28379","林パーキング","34.709621","137.732729","https://btimes.jp/shizuoka/park/28379/"
"61180","【軽自動車限定】カーサ・オリエンテ駐車場","34.691947","137.732197","https://btimes.jp/shizuoka/park/61180/"
"61171","カーサ・オリエンテ駐車場","34.691952","137.732369","https://btimes.jp/shizuoka/park/61171/"
"40420","浜松上浅田第３駐車場","34.690449","137.734655","https://btimes.jp/shizuoka/park/40420/"
"58506","カーサ・エスタシオン駐車場","34.690781","137.735561","https://btimes.jp/shizuoka/park/58506/"
"3765","エムテック砂山パーキング","34.698873","137.738389","https://btimes.jp/shizuoka/park/3765/"
"43798","ArtForce八幡駅前駐車場","34.715117","137.740757","https://btimes.jp/shizuoka/park/43798/"
"28354","遠州西濃運輸月極駐車場","34.707276","137.74319","https://btimes.jp/shizuoka/park/28354/"
"28376","高貴神社前駐車場","34.740281","137.748017","https://btimes.jp/shizuoka/park/28376/"
"28377","上島5丁目駐車場","34.741558","137.748903","https://btimes.jp/shizuoka/park/28377/"
"28348","亀山自治会月極駐車場","34.71137","137.723444","https://btimes.jp/shizuoka/park/28348/"
"28352","鹿谷の坂月極駐車場","34.71234","137.725762","https://btimes.jp/shizuoka/park/28352/"
"28349","クアトロ駐車場","34.712577","137.726628","https://btimes.jp/shizuoka/park/28349/"
"45462","クレール浜松2駐車場","34.692639","137.726518","https://btimes.jp/shizuoka/park/45462/"
"29072","ウィステリアピーク元城町駐車場","34.705648","137.730296","https://btimes.jp/shizuoka/park/29072/"
"28355","大西月極駐車場","34.707279","137.742762","https://btimes.jp/shizuoka/park/28355/"
"28356","TERZO／テルツォ駐車場","34.693911","137.742064","https://btimes.jp/shizuoka/park/28356/"
"42877","遠鉄上島駅　東パーキング","34.738039","137.748714","https://btimes.jp/shizuoka/park/42877/"
"42553","浜松東三方町エイ・エム・シー駐車場","34.771039","137.728746","https://btimes.jp/shizuoka/park/42553/"
"43170","浜松東三方町エイ・エム・シー駐車場","34.771039","137.728746","https://btimes.jp/shizuoka/park/43170/"
"42711","秀英予備校 初生校駐車場","34.761178","137.722857","https://btimes.jp/shizuoka/park/42711/"
"46818","ビレッジハウス竜洋駐車場","34.681405","137.814068","https://btimes.jp/shizuoka/park/46818/"
"54878","中泉ロジュマン","34.704907","137.851587","https://btimes.jp/shizuoka/park/54878/"
"65732","千手堂1064－4駐車場","34.689653","137.846731","https://btimes.jp/shizuoka/park/65732/"
"65809","千手堂1064－4駐車場","34.689653","137.846731","https://btimes.jp/shizuoka/park/65809/"
"65870","千手堂1064－4駐車場","34.689653","137.846731","https://btimes.jp/shizuoka/park/65870/"
"65731","千手堂1064－4駐車場","34.689614","137.846744","https://btimes.jp/shizuoka/park/65731/"
"29794","下岡田553-2下岡田発電所駐車場","34.682807","137.854011","https://btimes.jp/shizuoka/park/29794/"
"30256","浜松文明堂駐車場","34.712117","137.76499","https://btimes.jp/shizuoka/park/30256/"
"42706","秀英予備校 南陽校駐車場","34.692456","137.763427","https://btimes.jp/shizuoka/park/42706/"
"59407","ビレッジハウス見付駐車場","34.731797","137.863916","https://btimes.jp/shizuoka/park/59407/"
"39140","北島町629駐車場","34.726888","137.784236","https://btimes.jp/shizuoka/park/39140/"
"30283","浜松文明堂駐車場","34.712117","137.76499","https://btimes.jp/shizuoka/park/30283/"
"43156","遠鉄自動車学校前駅　西第２パーキング","34.744841","137.754143","https://btimes.jp/shizuoka/park/43156/"
"32986","遠鉄自動車学校前駅　西パーキング","34.745011","137.754181","https://btimes.jp/shizuoka/park/32986/"
"42710","秀英予備校 浜北校駐車場","34.789843","137.78721","https://btimes.jp/shizuoka/park/42710/"
"38478","遠鉄芝本駅東第２パーキング","34.820417","137.801982","https://btimes.jp/shizuoka/park/38478/"
"27061","遠鉄西ヶ崎駅（西Ａ）パーキング","34.773495","137.77662","https://btimes.jp/shizuoka/park/27061/"
"62908","大瀬町1894-2駐車場","34.757788","137.780442","https://btimes.jp/shizuoka/park/62908/"
"27064","遠鉄岩水寺駅　於呂パーキング","34.830456","137.80281","https://btimes.jp/shizuoka/park/27064/"
"42961","遠鉄岩水寺駅前パーキング","34.831808","137.804027","https://btimes.jp/shizuoka/park/42961/"
"27060","遠鉄さぎの宮駅前パーキング","34.754525","137.760509","https://btimes.jp/shizuoka/park/27060/"
"27062","遠鉄小林駅前パーキング","34.805013","137.797514","https://btimes.jp/shizuoka/park/27062/"
"42962","遠鉄積志駅　西パーキング","34.76434","137.765051","https://btimes.jp/shizuoka/park/42962/"
"39775","遠鉄西鹿島駅東第２パーキング（遠州鉄道）","34.843159","137.811343","https://btimes.jp/shizuoka/park/39775/"
"47640","袋井泉屋駐車場","34.698525","137.935865","https://btimes.jp/shizuoka/park/47640/"
"35329","エコパ近隣第1駐車場","34.745942","137.967846","https://btimes.jp/shizuoka/park/35329/"
"58541","エコパ近隣第２駐車場","34.745896","137.96796","https://btimes.jp/shizuoka/park/58541/"
"54046","エコパ近隣第５駐車場","34.746204","137.967743","https://btimes.jp/shizuoka/park/54046/"
"53052","愛野南4丁目10-16駐車場","34.744844","137.970678","https://btimes.jp/shizuoka/park/53052/"
"58020","梅橋46-3駐車場","34.749041","137.970086","https://btimes.jp/shizuoka/park/58020/"
"35419","エコパ近隣第３駐車場","34.745942","137.967846","https://btimes.jp/shizuoka/park/35419/"
"35420","エコパ近隣第４駐車場","34.745942","137.967846","https://btimes.jp/shizuoka/park/35420/"
"59199","袋井上山梨駐車場","34.788794","137.905418","https://btimes.jp/shizuoka/park/59199/"
"40451","袋井駐車場","34.766089","137.903303","https://btimes.jp/shizuoka/park/40451/"
"46807","ビレッジハウス国分駐車場","34.02704","133.022881","https://btimes.jp/ehime/park/46807/"
"42889","東鳥生町2-1-37モンテウノレジデンス　P１駐車場","34.051189","133.018622","https://btimes.jp/ehime/park/42889/"
"59287","黄金町二丁目２番地駐車場","34.061775","133.005708","https://btimes.jp/ehime/park/59287/"
"51610","ミヤハル駐車場","34.061092","133.003364","https://btimes.jp/ehime/park/51610/"
"41891","東鳥生町2-1-38駐車場","34.051189","133.018622","https://btimes.jp/ehime/park/41891/"
"54481","東鳥生町2-1-37モンテウノレジデンス駐車場","34.051189","133.018622","https://btimes.jp/ehime/park/54481/"
"51611","ミヤハル駐車場","34.061092","133.003364","https://btimes.jp/ehime/park/51611/"
"65622","グランテージ学園南 南側駐車場 ８－20時","34.389693","133.064242","https://btimes.jp/hiroshima/park/65622/"
"65624","グランテージ学園南 南側駐車場 (夜間宿泊用20時ー翌8時)","34.389701","133.064232","https://btimes.jp/hiroshima/park/65624/"
"65625","グランテージ学園南 南側駐車場 (夜間宿泊用20時ー翌8時)","34.389701","133.064232","https://btimes.jp/hiroshima/park/65625/"
"65623","グランテージ学園 南駐車場 ８－20時","34.389715","133.064205","https://btimes.jp/hiroshima/park/65623/"
"65392","グランテージ学園南 北側駐車場  (夜間宿泊用20時ー翌8時)","34.389959","133.064076","https://btimes.jp/hiroshima/park/65392/"
"65383","グランテージ学園南 北側駐車場 ８－20時","34.389966","133.064078","https://btimes.jp/hiroshima/park/65383/"
"58914","ビレッジハウス三原筆影駐車場","34.387202","133.077938","https://btimes.jp/hiroshima/park/58914/"
"43936","イエローハット三原宮浦店駐車場","34.395399","133.063241","https://btimes.jp/hiroshima/park/43936/"
"65081","宮浦2丁目7-5-1EXCELLAGE 1駐車場　8時ー20時","34.397672","133.073421","https://btimes.jp/hiroshima/park/65081/"
"65099","宮浦2丁目7-5-1EXCELLAGE 1 (夜間宿泊用20時ー翌8時)駐車場","34.397681","133.073431","https://btimes.jp/hiroshima/park/65099/"
"48101","城町1丁目5駐車場","34.395058","133.085467","https://btimes.jp/hiroshima/park/48101/"
"30502","糸崎4丁目　文化堂写真館駐車場","34.3896","133.105459","https://btimes.jp/hiroshima/park/30502/"
"53986","新倉1-6-18駐車場","34.388572","133.057061","https://btimes.jp/hiroshima/park/53986/"
"48108","糸崎3丁目タカハシ駐車場","34.394304","133.104392","https://btimes.jp/hiroshima/park/48108/"
"59120","マイパーク因島土生商店街(下段)","34.282237","133.181308","https://btimes.jp/hiroshima/park/59120/"
"35404","向島駐車場","34.357324","133.195226","https://btimes.jp/hiroshima/park/35404/"
"25915","向島町横山月極駐車場","34.396002","133.203785","https://btimes.jp/hiroshima/park/25915/"
"25908","古浜町貸駐車場","34.397088","133.1781","https://btimes.jp/hiroshima/park/25908/"
"58048","マイパーク手崎町駐車場","34.397992","133.175512","https://btimes.jp/hiroshima/park/58048/"
"33666","天満町4-17駐車場","34.401249","133.191498","https://btimes.jp/hiroshima/park/33666/"
"46347","ちいさなクリの木 パーキング","34.396504","133.209822","https://btimes.jp/hiroshima/park/46347/"
"52362","ちいさなクリの木 パーキング","34.396504","133.209822","https://btimes.jp/hiroshima/park/52362/"
"55972","向島町　宮本本店駐車場","34.399009","133.206649","https://btimes.jp/hiroshima/park/55972/"
"55977","向島町　宮本本店駐車場","34.399009","133.206649","https://btimes.jp/hiroshima/park/55977/"
"54937","向東町１４７０３駐車場","34.400073","133.207639","https://btimes.jp/hiroshima/park/54937/"
"54938","向東町１４７０３駐車場","34.400073","133.207639","https://btimes.jp/hiroshima/park/54938/"
"65662","尾道土堂小学校前駐車場 西土堂町３−２","34.403102","133.197723","https://btimes.jp/hiroshima/park/65662/"
"65664","尾道土堂小学校前駐車場 西土堂町３−２","34.40314","133.197718","https://btimes.jp/hiroshima/park/65664/"
"65661","三軒家町２２-１８千光寺天狗松駐車場","34.405133","133.196565","https://btimes.jp/hiroshima/park/65661/"
"30939","尾道商工会議所駐車場","34.404743","133.205131","https://btimes.jp/hiroshima/park/30939/"
"30940","尾道商工会議所駐車場","34.404743","133.205131","https://btimes.jp/hiroshima/park/30940/"
"30941","尾道商工会議所駐車場","34.404743","133.205131","https://btimes.jp/hiroshima/park/30941/"
"30946","尾道商工会議所駐車場","34.404743","133.205131","https://btimes.jp/hiroshima/park/30946/"
"54978","久保2-7-7駐車場","34.408326","133.20872","https://btimes.jp/hiroshima/park/54978/"
"58480","千光寺コーポ駐車場","34.411039","133.198781","https://btimes.jp/hiroshima/park/58480/"
"65660","西久保町 尾道れんが坂南駐車場 3.2kwEV充電器コンセント付き","34.409366","133.207209","https://btimes.jp/hiroshima/park/65660/"
"65663","浄土寺なみうちぎわ駐車場","34.407645","133.213476","https://btimes.jp/hiroshima/park/65663/"
"51290","山波町ＯＨＫＵＲＡ駐車場","34.414021","133.233395","https://btimes.jp/hiroshima/park/51290/"
"25906","マルキューパーキング","34.396763","133.182379","https://btimes.jp/hiroshima/park/25906/"
"44967","尾道土堂小学校前駐車場  西土堂町３－２","34.403155","133.197701","https://btimes.jp/hiroshima/park/44967/"
"53358","尾道土堂小学校前駐車場 西土堂町３－２","34.403155","133.197701","https://btimes.jp/hiroshima/park/53358/"
"53630","ポチ＆たまハウス久保駐車場","34.408497","133.207484","https://btimes.jp/hiroshima/park/53630/"
"65659","尾道れんが坂南","34.409366","133.207209","https://btimes.jp/hiroshima/park/65659/"
"54449","栗原町　奥元アパート駐車場","34.421555","133.193535","https://btimes.jp/hiroshima/park/54449/"
"46346","門田町18 駐車場","34.416859","133.186328","https://btimes.jp/hiroshima/park/46346/"
"29798","横路田岡田駐車場","34.42473","133.229244","https://btimes.jp/hiroshima/park/29798/"
"25907","黒飛パーキング","34.420602","133.194992","https://btimes.jp/hiroshima/park/25907/"
"51289","コーポ高須駐車場","34.42309","133.231878","https://btimes.jp/hiroshima/park/51289/"
"25914","東新涯パーキング","34.432216","133.239994","https://btimes.jp/hiroshima/park/25914/"
"41479","タカハシ第２パーキング","34.425198","133.239299","https://btimes.jp/hiroshima/park/41479/"
"25912","東洋電熱工業パーキング","34.426622","133.243361","https://btimes.jp/hiroshima/park/25912/"
"40867","府川町駐車場","34.566758","133.238065","https://btimes.jp/hiroshima/park/40867/"
"40121","広島府中駅前駐車場","34.565382","133.242013","https://btimes.jp/hiroshima/park/40121/"
"40864","桜が丘１丁目駐車場","34.576685","133.246314","https://btimes.jp/hiroshima/park/40864/"
"40124","ヒロボーライブファクトリー駐車場","34.577812","133.248564","https://btimes.jp/hiroshima/park/40124/"
"41067","ヒロボー第10駐車場 ","34.58939","133.249595","https://btimes.jp/hiroshima/park/41067/"
"56414","草戸町　松井パーキング","34.468092","133.365933","https://btimes.jp/hiroshima/park/56414/"
"38818","地吹駐車場","34.478038","133.360555","https://btimes.jp/hiroshima/park/38818/"
"48545","進物の大進 福山店駐車場","34.482495","133.359279","https://btimes.jp/hiroshima/park/48545/"
"56412","松永町5丁目6番　駐車場","34.439898","133.262257","https://btimes.jp/hiroshima/park/56412/"
"30625","今津町３丁目岡田駐車場","34.450264","133.258236","https://btimes.jp/hiroshima/park/30625/"
"57920","紅葉町３駐車場","34.481407","133.362919","https://btimes.jp/hiroshima/park/57920/"
"35341","今津町5丁目駐車場","34.447065","133.254088","https://btimes.jp/hiroshima/park/35341/"
"58236","今津町4丁目駐車場","34.445836","133.252733","https://btimes.jp/hiroshima/park/58236/"
"56413","霞町2丁目 駐車場","34.479861","133.366612","https://btimes.jp/hiroshima/park/56413/"
"50729","タイムズ福山丸之内第３","34.489864","133.365391","https://btimes.jp/hiroshima/park/50729/"
"56068","タイムズ御船町駐車場","34.484554","133.372053","https://btimes.jp/hiroshima/park/56068/"
"50731","タイムズ福山寺町","34.488004","133.374303","https://btimes.jp/hiroshima/park/50731/"
"55446","TSUTAYA駅家店駐車場","34.539099","133.322094","https://btimes.jp/hiroshima/park/55446/"
"40868","弥生ヶ丘南駐車場","34.544229","133.309031","https://btimes.jp/hiroshima/park/40868/"
"40866","弥生が丘東駐車場","34.54798","133.311367","https://btimes.jp/hiroshima/park/40866/"
"47345","ビレッジハウス駅家駐車場","34.542694","133.34109","https://btimes.jp/hiroshima/park/47345/"
"52935","サンシャイン千葉　駐車場","34.541152","133.272244","https://btimes.jp/hiroshima/park/52935/"
"41829","プランドール1駐車場","34.535344","133.361238","https://btimes.jp/hiroshima/park/41829/"
"65939","神辺町十九軒屋300-17駐車場","34.545261","133.361639","https://btimes.jp/hiroshima/park/65939/"
"35692","みゆきガーデン駐車場","34.527747","133.363827","https://btimes.jp/hiroshima/park/35692/"
"29322","横尾町1-14月極駐車場","34.517847","133.366663","https://btimes.jp/hiroshima/park/29322/"
"53196","中須グラウンド東駐車場","34.550406","133.258083","https://btimes.jp/hiroshima/park/53196/"
"53197","中須グラウンド西駐車場","34.551254","133.256025","https://btimes.jp/hiroshima/park/53197/"
"55087","万能倉駅前駐車場","34.547957","133.340633","https://btimes.jp/hiroshima/park/55087/"
"54439","鞆の浦駐車場","34.382269","133.385465","https://btimes.jp/hiroshima/park/54439/"
"54484","鞆の浦駐車場","34.382269","133.385465","https://btimes.jp/hiroshima/park/54484/"
"52468","福山コロナワールド駐車場","34.462483","133.408293","https://btimes.jp/hiroshima/park/52468/"
"46796","ビレッジハウス大門駐車場","34.488135","133.453089","https://btimes.jp/hiroshima/park/46796/"
"55430","TSUTAYA新涯店駐車場","34.457818","133.397012","https://btimes.jp/hiroshima/park/55430/"
"41781","アイリス駐車場","34.495725","133.44164","https://btimes.jp/hiroshima/park/41781/"
"54828","西深津５丁目駐車場","34.497911","133.383494","https://btimes.jp/hiroshima/park/54828/"
"54829","西深津５丁目駐車場","34.497911","133.383494","https://btimes.jp/hiroshima/park/54829/"
"38821","若葉公園裏駐車場","34.483057","133.386551","https://btimes.jp/hiroshima/park/38821/"
"29259","タイムズカー福山蔵王店駐車場","34.499028","133.400072","https://btimes.jp/hiroshima/park/29259/"
"38824","三吉町3丁目駐車場","34.490129","133.379972","https://btimes.jp/hiroshima/park/38824/"
"46179","ビレッジハウス能島駐車場","34.510172","133.426255","https://btimes.jp/hiroshima/park/46179/"
"55461","TSUTAYA井原店駐車場","34.575875","133.436891","https://btimes.jp/okayama/park/55461/"
"46797","ビレッジハウス神辺第二駐車場","34.543103","133.387449","https://btimes.jp/hiroshima/park/46797/"
"63958","福山東インターパーキング","34.511301","133.396001","https://btimes.jp/hiroshima/park/63958/"
"58924","ビレッジハウス旭ヶ丘駐車場","34.50913","133.483349","https://btimes.jp/okayama/park/58924/"
"38829","幕山台駐車場（北側）","34.505829","133.441746","https://btimes.jp/hiroshima/park/38829/"
"38825","幕山台駐車場（中央）","34.505768","133.441676","https://btimes.jp/hiroshima/park/38825/"
"38817","幕山台駐車場（南側）","34.505698","133.44159","https://btimes.jp/hiroshima/park/38817/"
"40075","日吉台2丁目駐車場","34.510765","133.406041","https://btimes.jp/hiroshima/park/40075/"
"38823","蔵王町5丁目駐車場","34.504047","133.40016","https://btimes.jp/hiroshima/park/38823/"
"43412","松井駐車場","34.504069","133.4","https://btimes.jp/hiroshima/park/43412/"
"58930","ビレッジハウス木之子駐車場","34.589362","133.496682","https://btimes.jp/okayama/park/58930/"
"58925","ビレッジハウス美の浜駐車場","34.486572","133.520656","https://btimes.jp/okayama/park/58925/"
"47452","ビレッジハウス富岡第二駐車場","34.490654","133.523325","https://btimes.jp/okayama/park/47452/"
"35521","玉島中央町駐車場","34.540348","133.675175","https://btimes.jp/okayama/park/35521/"
"46177","ビレッジハウス上成駐車場","34.559408","133.69484","https://btimes.jp/okayama/park/46177/"
"58915","ビレッジハウス玉島駐車場","34.526938","133.658499","https://btimes.jp/okayama/park/58915/"
"46795","ビレッジハウス水島駐車場","34.528972","133.729682","https://btimes.jp/okayama/park/46795/"
"38275","コメリ真備店駐車場","34.633077","133.713521","https://btimes.jp/okayama/park/38275/"
"50482","ビレッジハウス真壁駐車場","34.666421","133.746271","https://btimes.jp/okayama/park/50482/"
"45177","マンスリー丸亀市城東町駐車場","34.283976","133.808745","https://btimes.jp/kagawa/park/45177/"
"33501","コメリパワー坂出店駐車場","34.319518","133.858011","https://btimes.jp/kagawa/park/33501/"
"45175","マンスリー香川労災病院前駐車場","34.284416","133.807056","https://btimes.jp/kagawa/park/45175/"
"54216","マンスリー丸亀城東町駐車場","34.284633","133.806887","https://btimes.jp/kagawa/park/54216/"
"38596","葭町駐車場","34.288998","133.800814","https://btimes.jp/kagawa/park/38596/"
"38617","葭町駐車場","34.288998","133.800814","https://btimes.jp/kagawa/park/38617/"
"38595","富屋町駐車場","34.287141","133.796959","https://btimes.jp/kagawa/park/38595/"
"58918","ビレッジハウス塩生駐車場","34.466948","133.775512","https://btimes.jp/okayama/park/58918/"
"47453","ビレッジハウス林駐車場","34.528085","133.820121","https://btimes.jp/okayama/park/47453/"
"46178","ビレッジハウス福田駐車場","34.524408","133.762344","https://btimes.jp/okayama/park/46178/"
"26050","モントーレ堀南駐車場","34.564685","133.761254","https://btimes.jp/okayama/park/26050/"
"63634","岡山県倉敷市下庄619-2 太陽の時代 中庄店駐車場","34.635704","133.82598","https://btimes.jp/okayama/park/63634/"
"51568","難波東町パーキング","34.594285","133.779491","https://btimes.jp/okayama/park/51568/"
"53809","いがらしゆみこ美術館駐車場","34.592323","133.776512","https://btimes.jp/okayama/park/53809/"
"35698","シティコーポ延友駐車場","34.641126","133.868319","https://btimes.jp/okayama/park/35698/"
"35699","今保駐車場","34.637421","133.873056","https://btimes.jp/okayama/park/35699/"
"56540","こがねちゃん弁当。倉商前店駐車場","34.586064","133.771058","https://btimes.jp/okayama/park/56540/"
"36290","倉敷市中央1丁目駐車場","34.589695","133.774435","https://btimes.jp/okayama/park/36290/"
"54917","玉野１丁目駐車場","34.455097","133.933968","https://btimes.jp/okayama/park/54917/"
"54918","玉野２丁目駐車場","34.45199","133.934495","https://btimes.jp/okayama/park/54918/"
"65221","宇野3丁目36-2駐車場","34.482947","133.94441","https://btimes.jp/okayama/park/65221/"
"46793","ビレッジハウス槌ヶ原駐車場","34.520433","133.907156","https://btimes.jp/okayama/park/46793/"
"35670","ハイマートラント藤駐車場","34.6193","133.948703","https://btimes.jp/okayama/park/35670/"
"64712","倉田駐車場","34.628101","133.958785","https://btimes.jp/okayama/park/64712/"
"61337","神田町2-8-12駐車場","34.635781","133.925386","https://btimes.jp/okayama/park/61337/"
"43286","あかり薬局富田店第2駐車場","34.636955","133.916066","https://btimes.jp/okayama/park/43286/"
"43177","あかり薬局富田店駐車場","34.636992","133.915675","https://btimes.jp/okayama/park/43177/"
"35870","東古松駐車場","34.642011","133.920965","https://btimes.jp/okayama/park/35870/"
"45847","アジュール下中野駐車場","34.632657","133.907209","https://btimes.jp/okayama/park/45847/"
"41783","大元駅前３駐車場","34.643538","133.914712","https://btimes.jp/okayama/park/41783/"
"46007","あかり薬局中納言店駐車場","34.655477","133.941281","https://btimes.jp/okayama/park/46007/"
"55996","山崎 駐車場","34.647161","133.967672","https://btimes.jp/okayama/park/55996/"
"38985","円山駐車場 ","34.649712","133.971159","https://btimes.jp/okayama/park/38985/"
"43185","アルフィーネ今Ｄ棟駐車場","34.638266","133.898343","https://btimes.jp/okayama/park/43185/"
"46064","MEGAMI円山店駐車場","34.650623","133.972194","https://btimes.jp/okayama/park/46064/"
"25699","岡山駅前ビル駐車場","34.660597","133.922207","https://btimes.jp/okayama/park/25699/"
"30913","岡山駅前ビル駐車場","34.660597","133.922207","https://btimes.jp/okayama/park/30913/"
"39217","富田町1丁目駐車場","34.665474","133.926012","https://btimes.jp/okayama/park/39217/"
"35863","奉還町3丁目駐車場","34.665326","133.914808","https://btimes.jp/okayama/park/35863/"
"46065","hair aterier te'te駐車場","34.631586","133.932112","https://btimes.jp/okayama/park/46065/"
"45458","アジュール下中野駐車場","34.632676","133.907714","https://btimes.jp/okayama/park/45458/"
"57703","東古松2-4-8レガリストN駐車場","34.646495","133.918745","https://btimes.jp/okayama/park/57703/"
"43171","内山下2丁目駐車場","34.657957","133.935714","https://btimes.jp/okayama/park/43171/"
"51241","岡山住吉町駐車場","34.663278","133.942343","https://btimes.jp/okayama/park/51241/"
"64194","弓ノ町駐車場","34.666448","133.930868","https://btimes.jp/okayama/park/64194/"
"43542","世界中のwaku waku集めました　本店駐車場","34.643845","133.87593","https://btimes.jp/okayama/park/43542/"
"48206","小樽住吉町駐車場","43.18704","141.011809","https://btimes.jp/hokkaido/park/48206/"
"59292","ボンボンパーキング　入船１丁目９－２０キャンピングカー駐車場","43.184556","141.005919","https://btimes.jp/hokkaido/park/59292/"
"49288","小樽住吉町11駐車場","43.183869","141.01287","https://btimes.jp/hokkaido/park/49288/"
"46377","ウェルリー前田７条駐車場","43.135165","141.245713","https://btimes.jp/hokkaido/park/46377/"
"46378","ウェルリー前田５条駐車場","43.127033","141.249289","https://btimes.jp/hokkaido/park/46378/"
"44139","ハイヴィレッジ2駐車場","43.132453","141.235597","https://btimes.jp/hokkaido/park/44139/"
"49690","手稲本町１－２パーキング","43.115466","141.248726","https://btimes.jp/hokkaido/park/49690/"
"49693","手稲本町１－２パーキング２","43.115613","141.249145","https://btimes.jp/hokkaido/park/49693/"
"1058","簾舞四条２丁目７－５駐車場","42.956642","141.276872","https://btimes.jp/hokkaido/park/1058/"
"62346","真駒内緑町2丁目1-23丸子家駐車場","42.99231","141.355456","https://btimes.jp/hokkaido/park/62346/"
"44150","VARIATION駐車場","42.943586","141.350662","https://btimes.jp/hokkaido/park/44150/"
"35157","minna house 真駒内駐車場","42.99618","141.357094","https://btimes.jp/hokkaido/park/35157/"
"35171","minna house 真駒内駐車場","42.99618","141.357094","https://btimes.jp/hokkaido/park/35171/"
"44995","真駒内上町パーキング","42.995151","141.360496","https://btimes.jp/hokkaido/park/44995/"
"44136","マリーン澄川駐車場","42.997304","141.372327","https://btimes.jp/hokkaido/park/44136/"
"36402","ノースランド真駒内駐車場","43.001089","141.350397","https://btimes.jp/hokkaido/park/36402/"
"29319","澄川五条６丁目駐車場","43.004892","141.373604","https://btimes.jp/hokkaido/park/29319/"
"45022","澄川２条３丁目パーキング","43.012376","141.36771","https://btimes.jp/hokkaido/park/45022/"
"33755","サルート駐車場","43.016191","141.37169","https://btimes.jp/hokkaido/park/33755/"
"44149","澄川天神マンション駐車場","43.016475","141.369197","https://btimes.jp/hokkaido/park/44149/"
"44144","アーバンポエム澄川駐車場","43.01445","141.365246","https://btimes.jp/hokkaido/park/44144/"
"44261","ヴィラージュ澄川1駐車場","43.01654","141.364648","https://btimes.jp/hokkaido/park/44261/"
"1661","南２５西１１駐車場","43.02278","141.348889","https://btimes.jp/hokkaido/park/1661/"
"33758","エルカミノヴィラ駐車場","43.018391","141.373281","https://btimes.jp/hokkaido/park/33758/"
"42239","ル・ヴラージュ山鼻駐車場","43.026532","141.351266","https://btimes.jp/hokkaido/park/42239/"
"33766","アイアール中の島I駐車場","43.031381","141.36144","https://btimes.jp/hokkaido/park/33766/"
"48613","第２川崎ビル駐車場","43.026244","141.369544","https://btimes.jp/hokkaido/park/48613/"
"52731","第5川崎マンション駐車場","43.026084","141.369506","https://btimes.jp/hokkaido/park/52731/"
"40996","アートアベニュー駐車場","43.029833","141.372284","https://btimes.jp/hokkaido/park/40996/"
"36422","グランステージ伏見駐車場","43.033836","141.330694","https://btimes.jp/hokkaido/park/36422/"
"35928","南１４西９駐車場","43.038804","141.34946","https://btimes.jp/hokkaido/park/35928/"
"54364","南１５西１０駐車場","43.037194","141.348608","https://btimes.jp/hokkaido/park/54364/"
"44263","ルナサッポロ駐車場","43.036288","141.341886","https://btimes.jp/hokkaido/park/44263/"
"44268","Dolce Fushimi駐車場","43.035835","141.341089","https://btimes.jp/hokkaido/park/44268/"
"44019","Lumiere178駐車場","43.034816","141.351299","https://btimes.jp/hokkaido/park/44019/"
"31078","札幌市中央区南14条西8丁目　クリオ行啓通壱番館駐車場","43.038451","141.35268","https://btimes.jp/hokkaido/park/31078/"
"36903","ステージ中島公園駐車場","43.040297","141.354821","https://btimes.jp/hokkaido/park/36903/"
"43947","ブルースカイ水車町駐車場","43.039892","141.365133","https://btimes.jp/hokkaido/park/43947/"
"38282","ノース・ソニア・イーストピロティ駐車場","43.033941","141.371883","https://btimes.jp/hokkaido/park/38282/"
"38417","インデックス中の島駐車場","43.03464","141.36262","https://btimes.jp/hokkaido/park/38417/"
"33785","中央区宮の森1条15丁目　クイーンパレス宮の森駐車場","43.045405","141.300836","https://btimes.jp/hokkaido/park/33785/"
"39822","(株)リーゲル企画月極駐車場","43.04234","141.324288","https://btimes.jp/hokkaido/park/39822/"
"40620","グレイス円山駐車場","43.048024","141.336479","https://btimes.jp/hokkaido/park/40620/"
"44264","インフィニティ南円山駐車場","43.047798","141.330637","https://btimes.jp/hokkaido/park/44264/"
"46285","フォートレスコア１８駐車場","43.0498","141.332061","https://btimes.jp/hokkaido/park/46285/"
"50192","南１０西１４市電通月極駐車場","43.042983","141.340112","https://btimes.jp/hokkaido/park/50192/"
"63697","南五条西14丁目4-22ひふみマンション駐車場","43.049742","141.339146","https://btimes.jp/hokkaido/park/63697/"
"44277","Saint-Julien駐車場","43.044691","141.342855","https://btimes.jp/hokkaido/park/44277/"
"33756","CORE　S10B駐車場","43.043506","141.342189","https://btimes.jp/hokkaido/park/33756/"
"46296","モンシャトー７駐車場","43.047553","141.343382","https://btimes.jp/hokkaido/park/46296/"
"46309","プチパレ駐車場","43.04963","141.343569","https://btimes.jp/hokkaido/park/46309/"
"35017","ビューエル513バードランド駐車場","43.049938","141.340414","https://btimes.jp/hokkaido/park/35017/"
"35032","ビューエル513バードランド駐車場","43.049938","141.340414","https://btimes.jp/hokkaido/park/35032/"
"56771","ホテルライフォート札幌駐車場","43.044484","141.36031","https://btimes.jp/hokkaido/park/56771/"
"57692","南８西２バス駐車場","43.048795","141.361508","https://btimes.jp/hokkaido/park/57692/"
"33381","南9西3　エムラインシステム駐車場","43.046854","141.358911","https://btimes.jp/hokkaido/park/33381/"
"44279","カブトビル駐車場","43.048481","141.354469","https://btimes.jp/hokkaido/park/44279/"
"58820","旭町5丁目1-20　ピアコート学園前駐車場","43.043214","141.370708","https://btimes.jp/hokkaido/park/58820/"
"61596","豊平八条9丁目1-29　３番(ピアノース学園前）","43.041833","141.374458","https://btimes.jp/hokkaido/park/61596/"
"65805","【きたえーるまで徒歩9分】豊平8条9丁目1-29　2番(ピアノース学園前)","43.041833","141.374458","https://btimes.jp/hokkaido/park/65805/"
"58724","旭町3丁目駐車場","43.044552","141.370375","https://btimes.jp/hokkaido/park/58724/"
"44138","六本木ヒルズ１７水車町駐車場","43.047771","141.368342","https://btimes.jp/hokkaido/park/44138/"
"59332","北四条西三十丁目1-7プライムハウス宮の森弍番館駐車場","43.058233","141.31505","https://btimes.jp/hokkaido/park/59332/"
"30564","アルファスクエア大通西１７　ピロティ車庫駐車場","43.056172","141.334986","https://btimes.jp/hokkaido/park/30564/"
"44904","セントラル22パーキング駐車場","43.05461","141.326854","https://btimes.jp/hokkaido/park/44904/"
"53719","ユニエトワール札幌大通駐車場","43.055841","141.339078","https://btimes.jp/hokkaido/park/53719/"
"41084","タイムズ大通西15駐車場","43.055071","141.338329","https://btimes.jp/hokkaido/park/41084/"
"53720","ユニエトワール札幌大通ピロティ駐車場","43.055833","141.338933","https://btimes.jp/hokkaido/park/53720/"
"34885","南6条西2丁目　ティーダ南6条駐車場","43.051147","141.359695","https://btimes.jp/hokkaido/park/34885/"
"41037","セントポーリア参番館駐車場","43.050977","141.371002","https://btimes.jp/hokkaido/park/41037/"
"52860","タイムズ南２東５駐車場","43.057201","141.3672","https://btimes.jp/hokkaido/park/52860/"
"36413","フレール山の手駐車場","43.064827","141.298356","https://btimes.jp/hokkaido/park/36413/"
"36414","フレール山の手駐車場","43.064827","141.298356","https://btimes.jp/hokkaido/park/36414/"
"44412","シルエーラ山の手駐車場","43.063278","141.305484","https://btimes.jp/hokkaido/park/44412/"
"44905","グランピア山の手駐車場","43.064382","141.301245","https://btimes.jp/hokkaido/park/44905/"
"31991","アルファスクエア山の手駐車場","43.063712","141.300505","https://btimes.jp/hokkaido/park/31991/"
"46440","タイムズ北４西２３駐車場","43.059319","141.324165","https://btimes.jp/hokkaido/park/46440/"
"43762","北円山ビル駐車場","43.05979","141.320244","https://btimes.jp/hokkaido/park/43762/"
"50193","宮の森２-４パーキング","43.059845","141.313756","https://btimes.jp/hokkaido/park/50193/"
"50194","宮の森２-４パーキング","43.059845","141.313756","https://btimes.jp/hokkaido/park/50194/"
"3352","エナパーク北6条西17丁目駐車場","43.062675","141.332612","https://btimes.jp/hokkaido/park/3352/"
"35009","プレゼンスN9　D棟駐車場","43.066343","141.330669","https://btimes.jp/hokkaido/park/35009/"
"35010","プレゼンスN9　D棟駐車場","43.066343","141.330669","https://btimes.jp/hokkaido/park/35010/"
"35028","プレゼンスN9　C棟駐車場","43.066341","141.330545","https://btimes.jp/hokkaido/park/35028/"
"35039","プレゼンスN9　C棟駐車場","43.066341","141.330545","https://btimes.jp/hokkaido/park/35039/"
"49692","北４条西１３丁目駐車場","43.061496","141.33966","https://btimes.jp/hokkaido/park/49692/"
"32646","さっぽろ創世スクエア バイク置場","43.060565","141.359945","https://btimes.jp/hokkaido/park/32646/"
"36627","札幌サンメモリアパーキング","43.0629","141.358568","https://btimes.jp/hokkaido/park/36627/"
"54093","札幌サンメモリアパーキング","43.0629","141.358568","https://btimes.jp/hokkaido/park/54093/"
"2181","さっけんビル駐車場","43.063043","141.357582","https://btimes.jp/hokkaido/park/2181/"
"2200","さっけんビル駐車場","43.063043","141.357582","https://btimes.jp/hokkaido/park/2200/"
"47556","さっけんビル駐車場","43.063043","141.357582","https://btimes.jp/hokkaido/park/47556/"
"54124","札幌ノースプラザ駐車場","43.059926","141.354907","https://btimes.jp/hokkaido/park/54124/"
"35033","JAパーキング【立駐】","43.064129","141.357778","https://btimes.jp/hokkaido/park/35033/"
"2199","大樹生命札幌共同ビル駐車場","43.063373","141.352464","https://btimes.jp/hokkaido/park/2199/"
"54092","大樹生命札幌共同ビル駐車場","43.063373","141.352464","https://btimes.jp/hokkaido/park/54092/"
"54187","ソラリア西鉄ホテル札幌駐車場（4時間パック）","43.063097","141.352226","https://btimes.jp/hokkaido/park/54187/"
"44262","フォーシーズン大通２駐車場","43.061014","141.373206","https://btimes.jp/hokkaido/park/44262/"
"50175","アーツ琴似駐車場","43.069989","141.310318","https://btimes.jp/hokkaido/park/50175/"
"33702","HH24駐車場","43.071647","141.311633","https://btimes.jp/hokkaido/park/33702/"
"36074","クリエイト琴似壱番館 駐車場","43.070046","141.305411","https://btimes.jp/hokkaido/park/36074/"
"46303","メゾン３０７駐車場","43.067727","141.300061","https://btimes.jp/hokkaido/park/46303/"
"38290","グリーンテラス24C駐車場","43.06916","141.316059","https://btimes.jp/hokkaido/park/38290/"
"38401","グリーンテラス24A駐車場","43.069379","141.316076","https://btimes.jp/hokkaido/park/38401/"
"38379","グリーンテラス24B駐車場","43.069331","141.316027","https://btimes.jp/hokkaido/park/38379/"
"48790","ノースリヴ駐車場","43.074448","141.333554","https://btimes.jp/hokkaido/park/48790/"
"54094","日本生命札幌北口ビル駐車場","43.067516","141.352478","https://btimes.jp/hokkaido/park/54094/"
"62865","北海道大学　南門入構駐車場　","43.069865","141.35065","https://btimes.jp/hokkaido/park/62865/"
"35025","トトロの杜1駐車場","43.069792","141.370538","https://btimes.jp/hokkaido/park/35025/"
"46305","ウィングコート札幌１駐車場","43.068886","141.366761","https://btimes.jp/hokkaido/park/46305/"
"46306","ウィングコート札幌２駐車場","43.068865","141.36665","https://btimes.jp/hokkaido/park/46306/"
"36451","エルクレスト駐車場","43.073215","141.372469","https://btimes.jp/hokkaido/park/36451/"
"36634","エルクレストピロティ駐車場","43.073289","141.372337","https://btimes.jp/hokkaido/park/36634/"
"46299","大蔵ハウスB駐車場","43.073677","141.365611","https://btimes.jp/hokkaido/park/46299/"
"50110","メニーズコート駐車場","43.072525","141.363356","https://btimes.jp/hokkaido/park/50110/"
"44266","アリコベール宮の沢駐車場","43.081807","141.279193","https://btimes.jp/hokkaido/park/44266/"
"46301","club premier発寒駐車場","43.079849","141.295555","https://btimes.jp/hokkaido/park/46301/"
"36158","アメニティ発寒駐車場","43.082736","141.298476","https://btimes.jp/hokkaido/park/36158/"
"36167","アメニティ発寒駐車場","43.082736","141.298476","https://btimes.jp/hokkaido/park/36167/"
"43326","アミーナ発寒南駐車場","43.08174","141.292387","https://btimes.jp/hokkaido/park/43326/"
"27557","発寒４－５駐車場","43.082185","141.293202","https://btimes.jp/hokkaido/park/27557/"
"55557","タイムズマンスリー琴似３・１駐車場","43.080126","141.30941","https://btimes.jp/hokkaido/park/55557/"
"36095","タイムズ琴似３・２第２駐車場","43.078341","141.307492","https://btimes.jp/hokkaido/park/36095/"
"55553","タイムズマンスリー琴似３・１駐車場","43.080126","141.30941","https://btimes.jp/hokkaido/park/55553/"
"30202","八軒１西１　ラウンドウォール２１駐車場","43.080185","141.311692","https://btimes.jp/hokkaido/park/30202/"
"55552","タイムズマンスリー琴似４・１駐車場","43.081162","141.307846","https://btimes.jp/hokkaido/park/55552/"
"55556","タイムズマンスリー琴似４・１駐車場","43.081162","141.307846","https://btimes.jp/hokkaido/park/55556/"
"45071","タイムズ二十四軒３・１駐車場","43.075773","141.317949","https://btimes.jp/hokkaido/park/45071/"
"45072","タイムズ二十四軒４・１駐車場","43.076543","141.316142","https://btimes.jp/hokkaido/park/45072/"
"49486","大塚眼科専用駐車場","43.07778","141.347962","https://btimes.jp/hokkaido/park/49486/"
"60424","ブルースカイ北２０駐車場","43.082974","141.34818","https://btimes.jp/hokkaido/park/60424/"
"54453","ユニエトワール北大前駐車場","43.07654","141.348638","https://btimes.jp/hokkaido/park/54453/"
"44386","GIULIA197駐車場","43.080794","141.345086","https://btimes.jp/hokkaido/park/44386/"
"44385","GIULIA196駐車場","43.081408","141.346278","https://btimes.jp/hokkaido/park/44385/"
"46300","Casa Sorriso駐車場","43.076303","141.352071","https://btimes.jp/hokkaido/park/46300/"
"27538","北１８東９パーキング","43.081932","141.369601","https://btimes.jp/hokkaido/park/27538/"
"65745","新琴似５－１３パーキング","43.116247","141.313935","https://btimes.jp/hokkaido/park/65745/"
"43429","新川六条15丁目1-5駐車場","43.112801","141.30542","https://btimes.jp/hokkaido/park/43429/"
"41941","北日本自動車共販駐車場","43.111965","141.358617","https://btimes.jp/hokkaido/park/41941/"
"55044","花川南１・２駐車場","43.154352","141.303386","https://btimes.jp/hokkaido/park/55044/"
"58927","ビレッジハウス発寒駐車場","43.094136","141.290939","https://btimes.jp/hokkaido/park/58927/"
"57880","コメリパワー札幌発寒店駐車場","43.102133","141.278976","https://btimes.jp/hokkaido/park/57880/"
"49688","八軒６条東２丁目パーキング","43.083922","141.321364","https://btimes.jp/hokkaido/park/49688/"
"55423","発寒65パーキング","43.086981","141.294606","https://btimes.jp/hokkaido/park/55423/"
"58936","ビレッジハウス琴似第二駐車場","43.084707","141.302345","https://btimes.jp/hokkaido/park/58936/"
"45073","タイムズマンスリー稲積公園駐車場","43.109998","141.25996","https://btimes.jp/hokkaido/park/45073/"
"58974","ビレッジハウス富丘駐車場","43.109655","141.259546","https://btimes.jp/hokkaido/park/58974/"
"62718","西宮の沢小学校　近隣駐車場","43.102539","141.2633","https://btimes.jp/hokkaido/park/62718/"
"46291","ハジームーン駐車場","43.116836","141.315597","https://btimes.jp/hokkaido/park/46291/"
"46308","ハイム屯田駐車場","43.12423","141.330925","https://btimes.jp/hokkaido/park/46308/"
"43193","トークス９１駐車場","43.109567","141.339527","https://btimes.jp/hokkaido/park/43193/"
"44183","シーゲルハイムNo.2駐車場","43.104755","141.338922","https://btimes.jp/hokkaido/park/44183/"
"3236","新川五条３丁目３－７駐車場","43.098894","141.325147","https://btimes.jp/hokkaido/park/3236/"
"42839","秀英予備校 石狩花川校駐車場","43.145925","141.296506","https://btimes.jp/hokkaido/park/42839/"
"36391","ディアクオーレ４２駐車場","43.108116","141.35038","https://btimes.jp/hokkaido/park/36391/"
"36418","サンコーポ駐車場","43.099591","141.34294","https://btimes.jp/hokkaido/park/36418/"
"56289","北３５西５パーキング","43.099187","141.34311","https://btimes.jp/hokkaido/park/56289/"
"44273","レジデンスフェリーチェ駐車場","43.093667","141.332995","https://btimes.jp/hokkaido/park/44273/"
"33683","AnotherSky発寒駐車場","43.096121","141.292507","https://btimes.jp/hokkaido/park/33683/"
"44141","メゾンM３６駐車場","43.102155","141.353165","https://btimes.jp/hokkaido/park/44141/"
"44695","シャトーウヤマ駐車場","43.089172","141.326651","https://btimes.jp/hokkaido/park/44695/"
"36399","ビューシャトー駐車場","43.088462","141.321004","https://btimes.jp/hokkaido/park/36399/"
"58321","発寒１１-３パーキング","43.089538","141.298774","https://btimes.jp/hokkaido/park/58321/"
"44134","N32クラブハウスB棟駐車場","43.09729","141.350151","https://btimes.jp/hokkaido/park/44134/"
"44276","Casa Latina駐車場","43.092132","141.343459","https://btimes.jp/hokkaido/park/44276/"
"56266","FKアリビラ24駐車場","43.086946","141.328815","https://btimes.jp/hokkaido/park/56266/"
"35043","AMS北大通駐車場","43.09245","141.346414","https://btimes.jp/hokkaido/park/35043/"
"35351","JPコート稲積公園駐車場","43.118994","141.264229","https://btimes.jp/hokkaido/park/35351/"
"35363","JPコート稲積公園駐車場","43.118994","141.264229","https://btimes.jp/hokkaido/park/35363/"
"46290","スカイパーク宮の沢駐車場","43.087289","141.286493","https://btimes.jp/hokkaido/park/46290/"
"46297","エクシード６駐車場","43.096068","141.360483","https://btimes.jp/hokkaido/park/46297/"
"40862","アーバンコート藤井駐車場","43.084741","141.341293","https://btimes.jp/hokkaido/park/40862/"
"48737","ヘリテージＮ42駐車場","43.11202","141.373306","https://btimes.jp/hokkaido/park/48737/"
"58320","堀江パーキング","43.088113","141.351849","https://btimes.jp/hokkaido/park/58320/"
"44258","Prendore M北２５条駐車場","43.091141","141.357474","https://btimes.jp/hokkaido/park/44258/"
"46315","コーポアベニュー駐車場","43.108772","141.374779","https://btimes.jp/hokkaido/park/46315/"
"44260","ハイデンス２５駐車場","43.091767","141.362811","https://btimes.jp/hokkaido/park/44260/"
"44257","フロム・ザ・２５駐車場","43.092203","141.363698","https://btimes.jp/hokkaido/park/44257/"
"43694","北２０条東４丁目パーキング駐車場","43.083895","141.360026","https://btimes.jp/hokkaido/park/43694/"
"43597","コートスプリングス元町駐車場","43.087907","141.368688","https://btimes.jp/hokkaido/park/43597/"
"61138","Ｎ２１Ｅ１３パーキング","43.08749","141.372477","https://btimes.jp/hokkaido/park/61138/"
"49687","大曲幸町２丁目パーキング","42.96984","141.475147","https://btimes.jp/hokkaido/park/49687/"
"63831","真栄１－２パーキング","42.99289","141.445558","https://btimes.jp/hokkaido/park/63831/"
"45893","福住三条12丁目駐車場","42.995237","141.391581","https://btimes.jp/hokkaido/park/45893/"
"55299","西岡３・１３駐車場","42.993932","141.379366","https://btimes.jp/hokkaido/park/55299/"
"44275","アイコート真栄駐車場","42.983561","141.448908","https://btimes.jp/hokkaido/park/44275/"
"46293","ハイセレール喜寿A・B駐車場","42.986894","141.436928","https://btimes.jp/hokkaido/park/46293/"
"46304","プロスパーR３６駐車場","42.989578","141.451095","https://btimes.jp/hokkaido/park/46304/"
"63763","大谷地西６丁目パーキング","43.019146","141.460202","https://btimes.jp/hokkaido/park/63763/"
"58324","生駒第３駐車場","43.045501","141.406967","https://btimes.jp/hokkaido/park/58324/"
"56181","本通１丁目南パーキング","43.04747","141.407173","https://btimes.jp/hokkaido/park/56181/"
"48796","クラージュ月寒A駐車場","43.013056","141.423949","https://btimes.jp/hokkaido/park/48796/"
"58861","札幌ドーム北口前駐車場","43.013703","141.417888","https://btimes.jp/hokkaido/park/58861/"
"47454","ビレッジハウス東月寒駐車場","43.01883","141.407711","https://btimes.jp/hokkaido/park/47454/"
"38604","株式会社二十四時間駐車場","43.065685","141.412516","https://btimes.jp/hokkaido/park/38604/"
"49614","厚別北３条５丁目駐車場","43.059211","141.482099","https://btimes.jp/hokkaido/park/49614/"
"57881","コメリパワー北野店駐車場","43.002905","141.448309","https://btimes.jp/hokkaido/park/57881/"
"52333","ユニカ清田3・1","43.000426","141.429506","https://btimes.jp/hokkaido/park/52333/"
"3202","清田三条1-7-10NOVA31駐車場","43.000092","141.430481","https://btimes.jp/hokkaido/park/3202/"
"53352","平岸６－１３駐車場","43.023611","141.384728","https://btimes.jp/hokkaido/park/53352/"
"41033","平岸パールハイム北側駐車場","43.023369","141.384742","https://btimes.jp/hokkaido/park/41033/"
"39456","平岸パールハイム南側駐車場","43.023032","141.383812","https://btimes.jp/hokkaido/park/39456/"
"61659","平岸６１２パーキング","43.025218","141.382701","https://btimes.jp/hokkaido/park/61659/"
"3234","KDXレジデンス豊平公園駐車場","43.037153","141.379148","https://btimes.jp/hokkaido/park/3234/"
"39461","第2パールハイム南側駐車場","43.023269","141.382582","https://btimes.jp/hokkaido/park/39461/"
"39455","第2パールハイム駐車場","43.023417","141.382402","https://btimes.jp/hokkaido/park/39455/"
"55385","ドコモショップ豊平店駐車場（店休時間のみ利用可！）","43.047167","141.378699","https://btimes.jp/hokkaido/park/55385/"
"38866","T.freres駐車場","43.070395","141.378843","https://btimes.jp/hokkaido/park/38866/"
"48756","北７東１３駐車場","43.070566","141.378814","https://btimes.jp/hokkaido/park/48756/"
"44259","JPコート南郷B駐車場","43.031981","141.433218","https://btimes.jp/hokkaido/park/44259/"
"44269","司マンション駐車場","43.037581","141.425837","https://btimes.jp/hokkaido/park/44269/"
"32994","ベルシティ20駐車場","43.027437","141.444831","https://btimes.jp/hokkaido/park/32994/"
"44135","レスポアール55駐車場","43.051382","141.447635","https://btimes.jp/hokkaido/park/44135/"
"59229","本郷通12丁目南１駐車場","43.035024","141.423705","https://btimes.jp/hokkaido/park/59229/"
"40863","ラ・メゾン・トロワ・ソレイユ駐車場","43.033337","141.424302","https://btimes.jp/hokkaido/park/40863/"
"49588","ラ・メゾン・トロワ・ソレイユ駐車場","43.033337","141.424302","https://btimes.jp/hokkaido/park/49588/"
"52348","栄通１８パーキング","43.024319","141.436466","https://btimes.jp/hokkaido/park/52348/"
"35398","プリマベーラ北郷２駐車場","43.051563","141.427185","https://btimes.jp/hokkaido/park/35398/"
"35414","プリマベーラ北郷２駐車場","43.051563","141.427185","https://btimes.jp/hokkaido/park/35414/"
"699","厚別中央４・２第２駐車場","43.035555","141.465295","https://btimes.jp/hokkaido/park/699/"
"33817","フローレスト本通駐車場","43.045283","141.417515","https://btimes.jp/hokkaido/park/33817/"
"36452","ハイツジンタ駐車場","43.047978","141.463399","https://btimes.jp/hokkaido/park/36452/"
"44147","シーゲルハイムNo.1駐車場","43.033145","141.416859","https://btimes.jp/hokkaido/park/44147/"
"36427","PLAZA IN 厚別駐車場","43.042194","141.468409","https://btimes.jp/hokkaido/park/36427/"
"35014","A-ZONE札幌駐車場","43.033342","141.41393","https://btimes.jp/hokkaido/park/35014/"
"44272","フェリーチェひばりが丘駐車場","43.033523","141.468764","https://btimes.jp/hokkaido/park/44272/"
"44278","ヴィラキューブ新サッポロ駐車場","43.038854","141.47004","https://btimes.jp/hokkaido/park/44278/"
"33691","ビッグバーンズマンション北郷3B駐車場","43.054407","141.418686","https://btimes.jp/hokkaido/park/33691/"
"33690","ビッグバーンズマンション北郷3A駐車場","43.054515","141.418806","https://btimes.jp/hokkaido/park/33690/"
"65744","平和通り２丁目南パーキング","43.050348","141.413125","https://btimes.jp/hokkaido/park/65744/"
"36883","サンライトマンション駐車場","43.057923","141.421604","https://btimes.jp/hokkaido/park/36883/"
"36435","第51松井ビル駐車場","43.052365","141.468709","https://btimes.jp/hokkaido/park/36435/"
"63764","大谷地西６丁目パーキング","43.019146","141.460202","https://btimes.jp/hokkaido/park/63764/"
"58322","生駒第１駐車場","43.045233","141.407398","https://btimes.jp/hokkaido/park/58322/"
"58323","生駒第２駐車場","43.045127","141.406957","https://btimes.jp/hokkaido/park/58323/"
"46292","バロンズコート駐車場","43.030444","141.476694","https://btimes.jp/hokkaido/park/46292/"
"48138","ノルフィーノテラス駐車場","43.063785","141.422389","https://btimes.jp/hokkaido/park/48138/"
"52943","メゾンド北郷２駐車場","43.065763","141.423319","https://btimes.jp/hokkaido/park/52943/"
"44148","ノースカントリー２２駐車場","43.05912","141.411155","https://btimes.jp/hokkaido/park/44148/"
"40861","DOME COURT駐車場","43.016475","141.41355","https://btimes.jp/hokkaido/park/40861/"
"44145","ピュアハウス駐車場","43.038537","141.399599","https://btimes.jp/hokkaido/park/44145/"
"56180","月寒東１−１１パーキング","43.023329","141.4053","https://btimes.jp/hokkaido/park/56180/"
"36909","コンフォートC34駐車場","43.056411","141.404037","https://btimes.jp/hokkaido/park/36909/"
"36910","コンフォートC34駐車場","43.056411","141.404037","https://btimes.jp/hokkaido/park/36910/"
"42819","秀英予備校 福住校駐車場","43.020602","141.404906","https://btimes.jp/hokkaido/park/42819/"
"43041","アミーナ月寒中央駐車場","43.027825","141.399142","https://btimes.jp/hokkaido/park/43041/"
"38324","Giulia駐車場","43.050271","141.393363","https://btimes.jp/hokkaido/park/38324/"
"43200","たけだマンション駐車場","43.048879","141.390492","https://btimes.jp/hokkaido/park/43200/"
"47073","アミーナ美園駐車場","43.033762","141.386571","https://btimes.jp/hokkaido/park/47073/"
"35166","ビアンエステート美園駐車場","43.037105","141.385295","https://btimes.jp/hokkaido/park/35166/"
"38986","インフィニト福住駐車場","43.009493","141.398739","https://btimes.jp/hokkaido/park/38986/"
"44274","クリスタルリバー米里２駐車場","43.08206","141.429673","https://btimes.jp/hokkaido/park/44274/"
"46284","エスポアール平岸駐車場","43.03206","141.381883","https://btimes.jp/hokkaido/park/46284/"
"54470","平岸６ー１３駐車場","43.023611","141.384728","https://btimes.jp/hokkaido/park/54470/"
"39457","平岸パールハイム北側駐車場","43.023369","141.384742","https://btimes.jp/hokkaido/park/39457/"
"39458","平岸パールハイム車庫","43.023338","141.384402","https://btimes.jp/hokkaido/park/39458/"
"39459","第2パールハイム駐車場","43.023417","141.382402","https://btimes.jp/hokkaido/park/39459/"
"39460","第2パールハイム駐車場","43.023417","141.382402","https://btimes.jp/hokkaido/park/39460/"
"38333","Berlinetta east駐車場","43.031049","141.377209","https://btimes.jp/hokkaido/park/38333/"
"38400","Berlinetta east駐車場","43.031049","141.377209","https://btimes.jp/hokkaido/park/38400/"
"38293","Berlinetta west駐車場","43.031039","141.376869","https://btimes.jp/hokkaido/park/38293/"
"38364","Berlinetta west駐車場","43.031039","141.376869","https://btimes.jp/hokkaido/park/38364/"
"52471","コンフォート１８駐車場（平面）","43.047012","141.376191","https://btimes.jp/hokkaido/park/52471/"
"33778","メゾンドシャルム駐車場","43.031379","141.375551","https://btimes.jp/hokkaido/park/33778/"
"33789","メゾンドシャルム駐車場","43.031379","141.375551","https://btimes.jp/hokkaido/park/33789/"
"36530","ウイングコート学園前駐車場","43.04686","141.375066","https://btimes.jp/hokkaido/park/36530/"
"43763","グレイスII駐車場","43.073259","141.391683","https://btimes.jp/hokkaido/park/43763/"
"38304","フローレンス菊水駐車場","43.059425","141.378983","https://btimes.jp/hokkaido/park/38304/"
"38323","フローレンス菊水駐車場","43.059425","141.378983","https://btimes.jp/hokkaido/park/38323/"
"44265","グレイス本町駐車場","43.075174","141.393297","https://btimes.jp/hokkaido/park/44265/"
"44143","North Pole駐車場","43.058176","141.37611","https://btimes.jp/hokkaido/park/44143/"
"46289","ワールド伏古駐車場","43.079388","141.395798","https://btimes.jp/hokkaido/park/46289/"
"44999","本町2条4丁目駐車場","43.076644","141.390763","https://btimes.jp/hokkaido/park/44999/"
"35148","本町2条1丁目パーキング","43.078796","141.384884","https://btimes.jp/hokkaido/park/35148/"
"46316","ガーデンハイム西尾駐車場","43.078935","141.385018","https://btimes.jp/hokkaido/park/46316/"
"43596","グランステージ北１３条駐車場","43.077412","141.375789","https://btimes.jp/hokkaido/park/43596/"
"43756","タイムズ北１５東１５駐車場","43.079969","141.376819","https://btimes.jp/hokkaido/park/43756/"
"44137","GRANDWOOD ACO駐車場","43.080365","141.375426","https://btimes.jp/hokkaido/park/44137/"
"55193","東苗穂８-２パーキング","43.094104","141.417155","https://btimes.jp/hokkaido/park/55193/"
"53079","あいの里２条６丁目ヴァンベール駐車場","43.156744","141.403404","https://btimes.jp/hokkaido/park/53079/"
"44280","東苗穂６条２丁目第１駐車場","43.08924","141.414042","https://btimes.jp/hokkaido/park/44280/"
"46295","スカイコート駐車場","43.101982","141.388941","https://btimes.jp/hokkaido/park/46295/"
"35383","伏古7条2丁目パーキング","43.087926","141.395964","https://btimes.jp/hokkaido/park/35383/"
"30118","フットサルスタジアム蹴駐車場","43.112359","141.376802","https://btimes.jp/hokkaido/park/30118/"
"35176","ユニハウス壱番館駐車場","43.147079","141.382379","https://btimes.jp/hokkaido/park/35176/"
"35134","ユニハウス弐番館駐車場","43.147499","141.382435","https://btimes.jp/hokkaido/park/35134/"
"44267","オムニコート駐車場","43.098317","141.376594","https://btimes.jp/hokkaido/park/44267/"
"43042","アミーナ北２５東１６駐車場","43.093212","141.37686","https://btimes.jp/hokkaido/park/43042/"
"33710","ロアールＮ21駐車場","43.08867","141.379374","https://btimes.jp/hokkaido/park/33710/"
"35384","グランパレ駐車場","43.084635","141.376295","https://btimes.jp/hokkaido/park/35384/"
"54991","やわらぎ斎場北広島駐車場","42.973662","141.571185","https://btimes.jp/hokkaido/park/54991/"
"59237","北広島市稲穂町西４丁目２-２駐車場","42.979447","141.572231","https://btimes.jp/hokkaido/park/59237/"
"54389","稲穂町西3丁目駐車場","42.979741","141.57227","https://btimes.jp/hokkaido/park/54389/"
"55495","稲穂町西3丁目駐車場","42.979741","141.57227","https://btimes.jp/hokkaido/park/55495/"
"61454","稲穂町西3丁目1-15駐車場","42.979909","141.572424","https://btimes.jp/hokkaido/park/61454/"
"61456","稲穂町西3丁目1-15駐車場","42.979909","141.572424","https://btimes.jp/hokkaido/park/61456/"
"58547","北広島市稲穂町西6丁目2-12駐車場","42.980157","141.570506","https://btimes.jp/hokkaido/park/58547/"
"66085","北広島美沢5丁目第２","42.980374","141.558778","https://btimes.jp/hokkaido/park/66085/"
"64978","北広島美沢５丁目駐車場","42.980265","141.557899","https://btimes.jp/hokkaido/park/64978/"
"54610","北広島美沢駐車場","42.982853","141.561714","https://btimes.jp/hokkaido/park/54610/"
"54620","北広島美沢駐車場","42.982853","141.561714","https://btimes.jp/hokkaido/park/54620/"
"54621","北広島美沢駐車場","42.982853","141.561714","https://btimes.jp/hokkaido/park/54621/"
"61238","美沢1丁目4-7駐車場","42.982981","141.561961","https://btimes.jp/hokkaido/park/61238/"
"58211","北広島市美沢1丁目4番地1駐車場","42.983156","141.561931","https://btimes.jp/hokkaido/park/58211/"
"61249","美沢1丁目9番地6駐車場","42.984675","141.563839","https://btimes.jp/hokkaido/park/61249/"
"62377","セントラルパレス北広島駐車場","42.984548","141.570936","https://btimes.jp/hokkaido/park/62377/"
"59908","北広島美沢1丁目9-7駐車場","42.984772","141.563767","https://btimes.jp/hokkaido/park/59908/"
"60186","北広島良寿し駐車場","42.987616","141.567147","https://btimes.jp/hokkaido/park/60186/"
"59267","北広島市共栄町２丁目５−６駐車場","42.988583","141.562789","https://btimes.jp/hokkaido/park/59267/"
"63566","共栄町3丁目1番地10駐車場","42.988631","141.561892","https://btimes.jp/hokkaido/park/63566/"
"65566","共栄町３丁目1-2駐車場","42.988836","141.562158","https://btimes.jp/hokkaido/park/65566/"
"59109","タイムズ北広島美沢ショッピングセンター駐車場","42.979863","141.55898","https://btimes.jp/hokkaido/park/59109/"
"48870","北広島新富町西駐車場","42.968168","141.572851","https://btimes.jp/hokkaido/park/48870/"
"52942","テクノパークハイツ駐車場","43.037763","141.500032","https://btimes.jp/hokkaido/park/52942/"
"44142","ルミエール上江別駐車場","43.104618","141.560899","https://btimes.jp/hokkaido/park/44142/"
"30643","千歳市千代田町６丁目　駿河専用駐車場","42.824806","141.654431","https://btimes.jp/hokkaido/park/30643/"
"31828","タイムズ千歳駅前駐車場","42.825145","141.656549","https://btimes.jp/hokkaido/park/31828/"
"31827","タイムズ千歳駅前第2駐車場","42.826581","141.654767","https://btimes.jp/hokkaido/park/31827/"
"36573","スカイヒルズ栄町４駐車場","42.825133","141.648775","https://btimes.jp/hokkaido/park/36573/"
"38314","コメリ栗山店駐車場","43.04729","141.806386","https://btimes.jp/hokkaido/park/38314/"
"38384","コメリパワー岩見沢店駐車場","43.213075","141.787312","https://btimes.jp/hokkaido/park/38384/"
"58975","ビレッジハウス美園駐車場","43.247477","141.890121","https://btimes.jp/hokkaido/park/58975/"
"42662","秀英予備校 矢部校駐車場","34.994264","138.484763","https://btimes.jp/shizuoka/park/42662/"
"47248","清水区旭町駐車場","35.013307","138.492207","https://btimes.jp/shizuoka/park/47248/"
"38496","【車室番号１２】清水駒越中２丁目駐車場","34.976987","138.498411","https://btimes.jp/shizuoka/park/38496/"
"47934","清水区青葉町13-19駐車場","35.003338","138.478406","https://btimes.jp/shizuoka/park/47934/"
"64242","吉川177-8T-style上原駐車場","35.008122","138.459339","https://btimes.jp/shizuoka/park/64242/"
"42661","秀英予備校 興津駅前校駐車場","35.04947","138.525925","https://btimes.jp/shizuoka/park/42661/"
"40371","タイムズ静岡黒金町駐車場","34.970814","138.395633","https://btimes.jp/shizuoka/park/40371/"
"53470","鷹匠20-17駐車場","34.974998","138.393161","https://btimes.jp/shizuoka/park/53470/"
"48641","パークワン静岡駐車場","34.971293","138.392087","https://btimes.jp/shizuoka/park/48641/"
"48642","NPD松坂屋前パーキング","34.970442","138.391869","https://btimes.jp/shizuoka/park/48642/"
"2722","静岡大岩本町第２駐車場","34.984471","138.380564","https://btimes.jp/shizuoka/park/2722/"
"48640","静岡呉服町スクエア駐車場","34.972967","138.382288","https://btimes.jp/shizuoka/park/48640/"
"50738","静岡インター(東名静岡)駐車場","34.945379","138.394359","https://btimes.jp/shizuoka/park/50738/"
"47416","エスプリ・ド・ナチュール駐車場","34.952597","138.388901","https://btimes.jp/shizuoka/park/47416/"
"52824","宇津ノ谷峠駐車場","34.933578","138.31227","https://btimes.jp/shizuoka/park/52824/"
"32817","川成島697付近ヘアサロンタムラとなり駐車場","35.13579","138.664799","https://btimes.jp/shizuoka/park/32817/"
"56640","川成島599-5駐車場","35.136668","138.66649","https://btimes.jp/shizuoka/park/56640/"
"40464","住まいるNet駐車場","35.150976","138.651162","https://btimes.jp/shizuoka/park/40464/"
"42676","秀英予備校 中島校駐車場","35.163404","138.652455","https://btimes.jp/shizuoka/park/42676/"
"65150","焼津市小川公園裏駐車場","34.847154","138.317204","https://btimes.jp/shizuoka/park/65150/"
"58972","ビレッジハウス藤岡駐車場","34.879825","138.270085","https://btimes.jp/shizuoka/park/58972/"
"54871","小屋敷386-3駐車場 車室2","34.857381","138.287897","https://btimes.jp/shizuoka/park/54871/"
"55698","小屋敷386-3駐車場 車室3","34.857381","138.287897","https://btimes.jp/shizuoka/park/55698/"
"54566","小屋敷386-3駐車場","34.857261","138.287903","https://btimes.jp/shizuoka/park/54566/"
"58973","ビレッジハウス惣右エ門駐車場","34.812991","138.322096","https://btimes.jp/shizuoka/park/58973/"
"43808","比奈駅前駐車場","35.158675","138.71705","https://btimes.jp/shizuoka/park/43808/"
"42678","秀英予備校 富士宮駅前校駐車場","35.221058","138.613306","https://btimes.jp/shizuoka/park/42678/"
"36348","貴船町724-15駐車場","35.225635","138.603527","https://btimes.jp/shizuoka/park/36348/"
"45043","富士宮市豊町駐車場","35.225591","138.615096","https://btimes.jp/shizuoka/park/45043/"
"49200","沼津市原183駐車場","35.120041","138.802084","https://btimes.jp/shizuoka/park/49200/"
"58976","ビレッジハウス大井川駐車場","34.813072","138.251457","https://btimes.jp/shizuoka/park/58976/"
"55577","マンスリー沼津大塚","35.117666","138.809942","https://btimes.jp/shizuoka/park/55577/"
"58956","ビレッジハウス原駐車場","35.12492","138.807672","https://btimes.jp/shizuoka/park/58956/"
"44489","沼津市大諏訪駐車場","35.108412","138.832278","https://btimes.jp/shizuoka/park/44489/"
"65545","大諏訪線北駐車場","35.111994","138.836977","https://btimes.jp/shizuoka/park/65545/"
"38385","コメリパワー吉田店駐車場","34.759708","138.274913","https://btimes.jp/shizuoka/park/38385/"
"58993","ビレッジハウス道下駐車場","34.837978","138.189996","https://btimes.jp/shizuoka/park/58993/"
"31882","下河原第２駐車場","35.086336","138.859709","https://btimes.jp/shizuoka/park/31882/"
"31872","下河原第１駐車場","35.086908","138.859949","https://btimes.jp/shizuoka/park/31872/"
"27958","下香貫牛臥3038-1駐車場","35.074107","138.868642","https://btimes.jp/shizuoka/park/27958/"
"51292","山王台駐車場","35.101384","138.871903","https://btimes.jp/shizuoka/park/51292/"
"54835","大岡1543-2あるふへいむ駐車場","35.098197","138.874967","https://btimes.jp/shizuoka/park/54835/"
"43278","大岡第２駐車場","35.103321","138.883079","https://btimes.jp/shizuoka/park/43278/"
"60767","岡宮1225-8駐車場","35.129125","138.875744","https://btimes.jp/shizuoka/park/60767/"
"58716","岡一色シティー城北駐車場","35.122511","138.880281","https://btimes.jp/shizuoka/park/58716/"
"31868","三島駅南口西駐車場","35.122098","138.911704","https://btimes.jp/shizuoka/park/31868/"
"54954","三島大場バス停駐車場","35.090839","138.938631","https://btimes.jp/shizuoka/park/54954/"
"42668","秀英予備校 裾野駅前校駐車場","35.169506","138.910355","https://btimes.jp/shizuoka/park/42668/"
"45077","ふじさんあおぞらパーク","35.100924","138.972441","https://btimes.jp/shizuoka/park/45077/"
"52186","三ツ谷新田字横引駐車場","35.140649","138.975095","https://btimes.jp/shizuoka/park/52186/"
"60398","加茂4703ゆめまる駐車場","34.747017","138.084794","https://btimes.jp/shizuoka/park/60398/"
"47639","菊川御在所駐車場","34.745355","138.084702","https://btimes.jp/shizuoka/park/47639/"
"41989","北門135番地3駐車場","34.774812","138.019258","https://btimes.jp/shizuoka/park/41989/"
"56527","くらの坊　駐車場","34.753218","138.986028","https://btimes.jp/shizuoka/park/56527/"
"59231","湖尻林間駐車場","35.23609","138.995423","https://btimes.jp/kanagawa/park/59231/"
"54239","浜１４６－２相沢パーキング駐車場","34.743984","138.998342","https://btimes.jp/shizuoka/park/54239/"
"66227","渡邉駐車場","34.676717","138.947933","https://btimes.jp/shizuoka/park/66227/"
"45116","三島セントラル駐車場","35.116389","138.917574","https://btimes.jp/shizuoka/park/45116/"
"58466","松井町13-4駐車場","35.000659","138.49357","https://btimes.jp/shizuoka/park/58466/"
"708","清水旭町第２駐車場","35.011951","138.491961","https://btimes.jp/shizuoka/park/708/"
"32568","ＪＲ静岡駅南口駐車場","34.969025","138.394448","https://btimes.jp/shizuoka/park/32568/"
"54082","安西寺第３駐車場","34.982427","138.379477","https://btimes.jp/shizuoka/park/54082/"
"56562","安西寺第２駐車場","34.982145","138.379441","https://btimes.jp/shizuoka/park/56562/"
"760","葵区吉野町2駐車場","34.963501","138.38214","https://btimes.jp/shizuoka/park/760/"
"40398","タイムズ静岡茶町第２駐車場","34.975041","138.377181","https://btimes.jp/shizuoka/park/40398/"
"42359","タイムズ富士川駅東口駐車場","35.137994","138.622565","https://btimes.jp/shizuoka/park/42359/"
"53257","厚原６４７－２ ヒルビレッジ駐車場","35.181653","138.661248","https://btimes.jp/shizuoka/park/53257/"
"36438","今沢団地駐車場","35.116489","138.818901","https://btimes.jp/shizuoka/park/36438/"
"36454","小諏訪駐車場","35.105436","138.84104","https://btimes.jp/shizuoka/park/36454/"
"50741","マンスリー沼津高沢町駐車場","35.101012","138.858286","https://btimes.jp/shizuoka/park/50741/"
"60511","【温泉特典付きプラン】ご当地くるま旅 in 川根本町 お得な車中泊キャンペーン特設駐車場","35.103822","138.139317","https://btimes.jp/shizuoka/park/60511/"
"31857","大岡第１駐車場","35.104085","138.882985","https://btimes.jp/shizuoka/park/31857/"
"32593","マンスリー三島駅南口西駐車場","35.122157","138.911758","https://btimes.jp/shizuoka/park/32593/"
"51065","YR駐車場A","35.117528","138.927403","https://btimes.jp/shizuoka/park/51065/"
"42721","秀英予備校 菊川駅前校駐車場","34.757418","138.087256","https://btimes.jp/shizuoka/park/42721/"
"3030","藤生駐車場","34.10909","132.201295","https://btimes.jp/yamaguchi/park/3030/"
"64681","立戸4-1-28駐車場","34.221461","132.224219","https://btimes.jp/hiroshima/park/64681/"
"33421","コメリパワー大竹店駐車場","34.236953","132.227796","https://btimes.jp/hiroshima/park/33421/"
"42213","麻里布町6-11大開駐車場","34.167086","132.221558","https://btimes.jp/yamaguchi/park/42213/"
"51381","タイムズ大竹駅前第2","34.21266","132.225045","https://btimes.jp/hiroshima/park/51381/"
"36116","タイムズJR宮島口駅前駐車場","34.306958","132.307017","https://btimes.jp/hiroshima/park/36116/"
"60056","宮島口西臨時駐車場（普通車）","34.302201","132.299724","https://btimes.jp/hiroshima/park/60056/"
"60055","宮島口西臨時駐車場（バス専用）","34.302251","132.299769","https://btimes.jp/hiroshima/park/60055/"
"55335","阿品3丁目駐車場","34.316005","132.316182","https://btimes.jp/hiroshima/park/55335/"
"31912","城内２－８－１０駐車場","34.357399","132.339934","https://btimes.jp/hiroshima/park/31912/"
"38649","佐方4-6-48駐車場","34.362151","132.344494","https://btimes.jp/hiroshima/park/38649/"
"33027","坪井1丁目２８番３ー２駐車場","34.371206","132.352631","https://btimes.jp/hiroshima/park/33027/"
"44111","薬局ドラッグスソウ北口店駐車場","34.366769","132.36915","https://btimes.jp/hiroshima/park/44111/"
"44960","薬局ドラッグスソウ 南口店駐車場","34.362678","132.370782","https://btimes.jp/hiroshima/park/44960/"
"50725","タイムズ宮内串戸駅前第2駐車場","34.343641","132.325871","https://btimes.jp/hiroshima/park/50725/"
"39212","薬師が丘3丁目16駐車場","34.39234","132.352389","https://btimes.jp/hiroshima/park/39212/"
"57971","江波東2丁目3駐車場","34.366153","132.440567","https://btimes.jp/hiroshima/park/57971/"
"41341","吉島西1丁目6駐車場","34.373002","132.449129","https://btimes.jp/hiroshima/park/41341/"
"3526","南観音2-3-40駐車場　No.13","34.38284","132.433931","https://btimes.jp/hiroshima/park/3526/"
"47414","福島町２丁目１４-４駐車場","34.389439","132.436327","https://btimes.jp/hiroshima/park/47414/"
"30135","プレスパーキング","34.38906","132.45024","https://btimes.jp/hiroshima/park/30135/"
"3522","南竹屋町5-3駐車場","34.378578","132.463458","https://btimes.jp/hiroshima/park/3522/"
"26660","上天満町10-21駐車場","34.394353","132.442558","https://btimes.jp/hiroshima/park/26660/"
"41830","ルネススターツ榎町駐車場","34.393931","132.446607","https://btimes.jp/hiroshima/park/41830/"
"60344","アイパーキング","34.386189","132.462719","https://btimes.jp/hiroshima/park/60344/"
"65547","宇品御幸２丁目バイク専用(原付限定)","34.361028","132.466188","https://btimes.jp/hiroshima/park/65547/"
"66172","ＳＡＫＵＲＡ　ＭＡＩＳＯＮ駐車場","34.380079","132.411333","https://btimes.jp/hiroshima/park/66172/"
"30137","ヒロシマパーキング","34.387028","132.465549","https://btimes.jp/hiroshima/park/30137/"
"31171","広島セントラルパーキング","34.387024","132.465796","https://btimes.jp/hiroshima/park/31171/"
"31494","グランドパーキング２１","34.390016","132.463244","https://btimes.jp/hiroshima/park/31494/"
"55049","基町クレドパーキング","34.39345","132.459675","https://btimes.jp/hiroshima/park/55049/"
"52023","アスティー広島本社駐車場","34.36912","132.403017","https://btimes.jp/hiroshima/park/52023/"
"52182","ビレッジハウス広島草津駐車場","34.370707","132.400671","https://btimes.jp/hiroshima/park/52182/"
"62507","的場町１丁目駐車場","34.390089","132.476734","https://btimes.jp/hiroshima/park/62507/"
"35732","段原4-12-16駐車場","34.384992","132.482092","https://btimes.jp/hiroshima/park/35732/"
"36204","段原4-12-16駐車場","34.384992","132.482092","https://btimes.jp/hiroshima/park/36204/"
"43592","ベッセルイン広島駅前駐車場","34.390156","132.48075","https://btimes.jp/hiroshima/park/43592/"
"49489","東霞町奥野パーキング","34.375645","132.486843","https://btimes.jp/hiroshima/park/49489/"
"39214","アーデル西蟹屋駐車場","34.388399","132.483211","https://btimes.jp/hiroshima/park/39214/"
"41651","西蟹屋2丁目7-9-2駐車場","34.389826","132.482406","https://btimes.jp/hiroshima/park/41651/"
"46143","西蟹屋2丁目7-9-2駐車場","34.389826","132.482406","https://btimes.jp/hiroshima/park/46143/"
"53446","西蟹屋４丁目５駐車場","34.387874","132.48369","https://btimes.jp/hiroshima/park/53446/"
"53447","西蟹屋４丁目５駐車場","34.387874","132.48369","https://btimes.jp/hiroshima/park/53447/"
"49424","西蟹屋2丁目5駐車場","34.389945","132.482869","https://btimes.jp/hiroshima/park/49424/"
"59922","西蟹屋三丁目１２－２３駐車場","34.388572","132.483881","https://btimes.jp/hiroshima/park/59922/"
"66211","マツダスタジアム徒歩3分　軽自動車専用　西蟹屋駐車場","34.389111","132.483698","https://btimes.jp/hiroshima/park/66211/"
"46903","東雲本町３丁目６ー１２駐車場","34.374769","132.489211","https://btimes.jp/hiroshima/park/46903/"
"65973","エキキタ第１　B専用駐車場","34.396367","132.479785","https://btimes.jp/hiroshima/park/65973/"
"65974","エキキタ第２　B専用駐車場","34.397144","132.47985","https://btimes.jp/hiroshima/park/65974/"
"65691","東蟹屋駐車場","34.391818","132.484137","https://btimes.jp/hiroshima/park/65691/"
"57765","大州１丁目９駐車場","34.384823","132.489389","https://btimes.jp/hiroshima/park/57765/"
"58301","【軽専用】大州１丁目９駐車場","34.384823","132.489389","https://btimes.jp/hiroshima/park/58301/"
"63932","大州１丁目９駐車場","34.384823","132.489389","https://btimes.jp/hiroshima/park/63932/"
"35785","光が丘15フレンド駐車場","34.399384","132.481785","https://btimes.jp/hiroshima/park/35785/"
"36113","フレンド駐車場","34.399222","132.481944","https://btimes.jp/hiroshima/park/36113/"
"46800","ビレッジハウス井口駐車場","34.36473","132.385838","https://btimes.jp/hiroshima/park/46800/"
"62353","メディカルシステム1階駐車場","34.363389","132.380964","https://btimes.jp/hiroshima/park/62353/"
"62457","メディカルシステム1階駐車場","34.363389","132.380964","https://btimes.jp/hiroshima/park/62457/"
"43982","ベルエール南観音駐車場","34.377994","132.433386","https://btimes.jp/hiroshima/park/43982/"
"41340","吉島東1丁目13駐車場","34.371627","132.452018","https://btimes.jp/hiroshima/park/41340/"
"41678","メゾン山中駐車場","34.367381","132.452535","https://btimes.jp/hiroshima/park/41678/"
"31767","広島市中区住吉町　月極駐車場","34.380167","132.451458","https://btimes.jp/hiroshima/park/31767/"
"56067","タイムズ吉島新町駐車場","34.364699","132.452856","https://btimes.jp/hiroshima/park/56067/"
"56065","タイムズ南観音町第5駐車場","34.383897","132.434498","https://btimes.jp/hiroshima/park/56065/"
"53967","第一ビルサービス駐車場","34.381222","132.453552","https://btimes.jp/hiroshima/park/53967/"
"47415","福島町２丁目１４-４駐車場","34.389439","132.436327","https://btimes.jp/hiroshima/park/47415/"
"36291","朝日ガレージ","34.383541","132.418742","https://btimes.jp/hiroshima/park/36291/"
"36060","岩本ガレージ","34.383914","132.415783","https://btimes.jp/hiroshima/park/36060/"
"36507","アロフト本社ビル駐車場（地下1階）","34.380983","132.468696","https://btimes.jp/hiroshima/park/36507/"
"36536","ブーランジェリ カフェ アロフト本店駐車場","34.380821","132.469062","https://btimes.jp/hiroshima/park/36536/"
"28401","沖興産駐車場","34.384779","132.474103","https://btimes.jp/hiroshima/park/28401/"
"30138","サニーパーキング","34.394558","132.466331","https://btimes.jp/hiroshima/park/30138/"
"42635","橋本町４駐車場","34.391989","132.471675","https://btimes.jp/hiroshima/park/42635/"
"62446","上幟町4駐車場","34.39544","132.469289","https://btimes.jp/hiroshima/park/62446/"
"40987","横川新町第３駐車場","34.406049","132.450705","https://btimes.jp/hiroshima/park/40987/"
"52334","リオン霞駐車場","34.375657","132.483348","https://btimes.jp/hiroshima/park/52334/"
"41683","なでしこマンション（屋根下）駐車場","34.374348","132.489887","https://btimes.jp/hiroshima/park/41683/"
"39760","三篠町3丁目駐車場","34.413641","132.455527","https://btimes.jp/hiroshima/park/39760/"
"26204","大州1丁目11駐車場","34.383705","132.492961","https://btimes.jp/hiroshima/park/26204/"
"26202","大州1丁目2駐車場","34.38387","132.493316","https://btimes.jp/hiroshima/park/26202/"
"46798","ビレッジハウス安古市駐車場","34.466462","132.460873","https://btimes.jp/hiroshima/park/46798/"
"48539","進物の大進 大町店駐車場","34.462179","132.468018","https://btimes.jp/hiroshima/park/48539/"
"36069","オフィスコーポレーション駐車場","34.465368","132.470823","https://btimes.jp/hiroshima/park/36069/"
"35193","FOODS&BAR GUSH駐車場","34.438187","132.477282","https://btimes.jp/hiroshima/park/35193/"
"45495","FOODS&BAR GUSH駐車場","34.438187","132.477282","https://btimes.jp/hiroshima/park/45495/"
"53508","マンスリー安芸長束駅東駐車場 ","34.423763","132.45954","https://btimes.jp/hiroshima/park/53508/"
"53533","緑井７丁目駐車場","34.469066","132.479904","https://btimes.jp/hiroshima/park/53533/"
"31983","クルマックス駐車場","34.470962","132.489327","https://btimes.jp/hiroshima/park/31983/"
"31984","クルマックス駐車場","34.470962","132.489327","https://btimes.jp/hiroshima/park/31984/"
"51639","FK呉市警固屋4丁目駐車場","34.208491","132.548755","https://btimes.jp/hiroshima/park/51639/"
"53215","グリーンベル海岸通り駐車場","34.243873","132.547977","https://btimes.jp/hiroshima/park/53215/"
"39035","本通7-11-6駐車場","34.247391","132.580425","https://btimes.jp/hiroshima/park/39035/"
"33172","ロサンジュ西中央駐車場","34.248606","132.564531","https://btimes.jp/hiroshima/park/33172/"
"40698","ロサンジュ西中央駐車場","34.248606","132.564531","https://btimes.jp/hiroshima/park/40698/"
"46801","ビレッジハウス宮ヶ迫駐車場","34.298751","132.551892","https://btimes.jp/hiroshima/park/46801/"
"35199","焼山泉ケ丘2-9駐車場","34.306429","132.559681","https://btimes.jp/hiroshima/park/35199/"
"3029","天応駅駐車場（西方）","34.279547","132.521937","https://btimes.jp/hiroshima/park/3029/"
"46662","高山ガレージ（国信）","34.374293","132.555196","https://btimes.jp/hiroshima/park/46662/"
"46657","児玉ガレージ","34.367092","132.548858","https://btimes.jp/hiroshima/park/46657/"
"46579","幸町ガレージ","34.366264","132.54533","https://btimes.jp/hiroshima/park/46579/"
"46559","樹野ガレージ","34.366469","132.545224","https://btimes.jp/hiroshima/park/46559/"
"46571","光戸ガレージ","34.366561","132.544919","https://btimes.jp/hiroshima/park/46571/"
"46572","光戸ガレージ","34.366561","132.544919","https://btimes.jp/hiroshima/park/46572/"
"46570","冨永ガレージ(1601)","34.366852","132.543623","https://btimes.jp/hiroshima/park/46570/"
"46693","佐々木ガレージ（東昭和町）","34.367321","132.542857","https://btimes.jp/hiroshima/park/46693/"
"46568","花みずきパーキング","34.361559","132.5458","https://btimes.jp/hiroshima/park/46568/"
"46569","花みずきパーキング","34.361559","132.5458","https://btimes.jp/hiroshima/park/46569/"
"46590","曙ガレージ","34.364901","132.543224","https://btimes.jp/hiroshima/park/46590/"
"46591","曙ガレージ","34.364901","132.543224","https://btimes.jp/hiroshima/park/46591/"
"46640","大上ガレージ（下の段）","34.38947","132.578709","https://btimes.jp/hiroshima/park/46640/"
"46641","大上ガレージ（下の段）","34.38947","132.578709","https://btimes.jp/hiroshima/park/46641/"
"46630","さくらＰａｒｋｉｎｇ","34.389304","132.579118","https://btimes.jp/hiroshima/park/46630/"
"46639","大上ガレージ（上の段）","34.389532","132.579118","https://btimes.jp/hiroshima/park/46639/"
"46587","戸田ガレージ","34.36981","132.539339","https://btimes.jp/hiroshima/park/46587/"
"46562","畑賀第一駐車場　","34.390271","132.551218","https://btimes.jp/hiroshima/park/46562/"
"46593","千柄ガレージ","34.36904","132.535798","https://btimes.jp/hiroshima/park/46593/"
"46597","大正町ガレージ","34.365928","132.535624","https://btimes.jp/hiroshima/park/46597/"
"46554","稲荷町ガレージ","34.369763","132.534748","https://btimes.jp/hiroshima/park/46554/"
"46690","佐々木ガレージ　","34.369625","132.534015","https://btimes.jp/hiroshima/park/46690/"
"46613","黒川ガレージ","34.361538","132.535083","https://btimes.jp/hiroshima/park/46613/"
"60340","JR海田市駅北口駐車場","34.369076","132.532663","https://btimes.jp/hiroshima/park/60340/"
"46574","安芸ガレージ","34.367422","132.531684","https://btimes.jp/hiroshima/park/46574/"
"46799","ビレッジハウス中野駐車場","34.39815","132.581598","https://btimes.jp/hiroshima/park/46799/"
"46628","池田ガレージ","34.365518","132.529106","https://btimes.jp/hiroshima/park/46628/"
"46604","河村ガレージ","34.345941","132.540384","https://btimes.jp/hiroshima/park/46604/"
"46580","住田ガレージ","34.399625","132.589284","https://btimes.jp/hiroshima/park/46580/"
"46592","岩本ガレージ","34.342777","132.54082","https://btimes.jp/hiroshima/park/46592/"
"58397","山田4丁目7-6駐車場","34.390358","132.522525","https://btimes.jp/hiroshima/park/58397/"
"35941","中溝1-7-1駐車場","34.333463","132.589116","https://btimes.jp/hiroshima/park/35941/"
"30498","Cafe Studio Kissaco駐車場","34.394614","132.509551","https://btimes.jp/hiroshima/park/30498/"
"29263","坂町平成ヶ浜4-2-20駐車場","34.343438","132.509586","https://btimes.jp/hiroshima/park/29263/"
"36698","矢賀６丁目１－３８　第1駐車場","34.400528","132.504176","https://btimes.jp/hiroshima/park/36698/"
"36699","矢賀６丁目１－３８　第2駐車場","34.40051","132.50416","https://btimes.jp/hiroshima/park/36699/"
"46581","木村ガレージ","34.377502","132.562276","https://btimes.jp/hiroshima/park/46581/"
"46601","中野ガレージ","34.381177","132.561699","https://btimes.jp/hiroshima/park/46601/"
"46674","幸町パーキング","34.367269","132.546395","https://btimes.jp/hiroshima/park/46674/"
"46600","Ｓガレージ","34.36545","132.546424","https://btimes.jp/hiroshima/park/46600/"
"46560","樹野ガレージ-2","34.366469","132.545224","https://btimes.jp/hiroshima/park/46560/"
"46582","昭和中町ガレージ","34.366649","132.541538","https://btimes.jp/hiroshima/park/46582/"
"46583","富永昭和中町ガレージ","34.366564","132.541316","https://btimes.jp/hiroshima/park/46583/"
"46631","さくらＰａｒｋｉｎｇ","34.389304","132.579118","https://btimes.jp/hiroshima/park/46631/"
"46567","為数ガレージ","34.364127","132.541205","https://btimes.jp/hiroshima/park/46567/"
"46586","戸田ガレージ","34.36981","132.539339","https://btimes.jp/hiroshima/park/46586/"
"46561","畑賀第一駐車場","34.390271","132.551218","https://btimes.jp/hiroshima/park/46561/"
"46555","井場ガレージ","34.361158","132.541984","https://btimes.jp/hiroshima/park/46555/"
"46619","井川ガレージ","34.393037","132.571535","https://btimes.jp/hiroshima/park/46619/"
"46557","桑原ガレージ","34.358973","132.541236","https://btimes.jp/hiroshima/park/46557/"
"46682","大正町小沢ガレージ","34.36636","132.536705","https://btimes.jp/hiroshima/park/46682/"
"46594","千柄ガレージ","34.369123","132.535715","https://btimes.jp/hiroshima/park/46594/"
"46607","南大正町ガレージ","34.362676","132.537434","https://btimes.jp/hiroshima/park/46607/"
"46608","南大正町ガレージ","34.362676","132.537434","https://btimes.jp/hiroshima/park/46608/"
"46621","坂井ガレージ","34.357542","132.540344","https://btimes.jp/hiroshima/park/46621/"
"46573","高橋ガレージ","34.363323","132.535305","https://btimes.jp/hiroshima/park/46573/"
"46551","吉田ガレージ","34.363815","132.534554","https://btimes.jp/hiroshima/park/46551/"
"46622","月見町ガレージ","34.356184","132.538687","https://btimes.jp/hiroshima/park/46622/"
"46598","府中本町５丁目ガレージ","34.39415","132.506107","https://btimes.jp/hiroshima/park/46598/"
"46599","府中本町５丁目ガレージ","34.39415","132.506107","https://btimes.jp/hiroshima/park/46599/"
"56066","タイムズ天神川駅前第２","34.386244","132.50171","https://btimes.jp/hiroshima/park/56066/"
"50728","タイムズ坂駅前","34.334912","132.512768","https://btimes.jp/hiroshima/park/50728/"
"35340","原田駐車場（東）","34.451129","132.558071","https://btimes.jp/hiroshima/park/35340/"
"35379","原田駐車場（西）","34.451038","132.557684","https://btimes.jp/hiroshima/park/35379/"
"35378","甲田駐車場","34.449509","132.544998","https://btimes.jp/hiroshima/park/35378/"
"53374","馬木７丁目駐車場","34.435254","132.537552","https://btimes.jp/hiroshima/park/53374/"
"35371","前田駐車場","34.435825","132.534761","https://btimes.jp/hiroshima/park/35371/"
"35405","福田八丁目駐車場","34.451454","132.559234","https://btimes.jp/hiroshima/park/35405/"
"35387","山縣駐車場","34.449021","132.545858","https://btimes.jp/hiroshima/park/35387/"
"35370","清水駐車場","34.449906","132.545169","https://btimes.jp/hiroshima/park/35370/"
"2386","マンスリータイムズ瀬野駅前第３駐車場","34.418354","132.598345","https://btimes.jp/hiroshima/park/2386/"
"46180","ビレッジハウス可部駐車場","34.530499","132.534201","https://btimes.jp/hiroshima/park/46180/"
"45237","マスモト駐車場","34.226872","132.629042","https://btimes.jp/hiroshima/park/45237/"
"45238","マスモト駐車場","34.226872","132.629042","https://btimes.jp/hiroshima/park/45238/"
"54044","西条HAKUWAホテル第2駐車場","34.404115","132.714199","https://btimes.jp/hiroshima/park/54044/"
"3026","八本松東駐車場","34.44263","132.691177","https://btimes.jp/hiroshima/park/3026/"
"3027","八本松南駐車場","34.442212","132.691387","https://btimes.jp/hiroshima/park/3027/"
"58922","ビレッジハウス八本松駐車場","34.447297","132.715276","https://btimes.jp/hiroshima/park/58922/"
"57835","ビレッジハウス高美が丘タワー駐車場","34.457412","132.792741","https://btimes.jp/hiroshima/park/57835/"
"46239","TPパーク高屋","34.442994","132.795539","https://btimes.jp/hiroshima/park/46239/"
"48542","進物の大進 東広島店駐車場","34.423278","132.759102","https://btimes.jp/hiroshima/park/48542/"
"55038","セジュール北日吉/月極駐車場","34.056231","132.988246","https://btimes.jp/ehime/park/55038/"
"58919","ビレッジハウス本郷なしわ駐車場","34.404943","132.963513","https://btimes.jp/hiroshima/park/58919/"
"33270","忠海学園前駐車場","34.334261","132.998672","https://btimes.jp/hiroshima/park/33270/"
"33569","コメリ長井店駐車場","38.088112","140.042585","https://btimes.jp/yamagata/park/33569/"
"33451","コメリパワー上山店駐車場","38.148413","140.292851","https://btimes.jp/yamagata/park/33451/"
"58796","ビレッジハウス吉原駐車場","38.224344","140.315003","https://btimes.jp/yamagata/park/58796/"
"32366","コナカ山形南店駐車場","38.225548","140.306968","https://btimes.jp/yamagata/park/32366/"
"53978","十日町４丁目駐車場","38.24157","140.337089","https://btimes.jp/yamagata/park/53978/"
"53979","蔵オビハチ裏駐車場","38.242232","140.338924","https://btimes.jp/yamagata/park/53979/"
"53980","蔵オビハチ隣駐車場","38.242232","140.338924","https://btimes.jp/yamagata/park/53980/"
"47631","十日町駐車場","38.24342","140.339685","https://btimes.jp/yamagata/park/47631/"
"29405","山形眼科駐車場","38.245009","140.335424","https://btimes.jp/yamagata/park/29405/"
"38653","緑町4-5-25駐車場","38.247771","140.353547","https://btimes.jp/yamagata/park/38653/"
"30358","緑町駐車場","38.249393","140.354219","https://btimes.jp/yamagata/park/30358/"
"53977","小嶋商事前駐車場","38.242418","140.33825","https://btimes.jp/yamagata/park/53977/"
"2096","山形総合事務所前駐車場","38.247162","140.33265","https://btimes.jp/yamagata/park/2096/"
"46223","山形市嶋南3－9－5駐車場","38.277458","140.321028","https://btimes.jp/yamagata/park/46223/"
"2098","北山形西(B)-西口(二)駐車場","38.262533","140.335218","https://btimes.jp/yamagata/park/2098/"
"2099","北山形駅東口駐車場","38.262747","140.33639","https://btimes.jp/yamagata/park/2099/"
"35131","旅篭町1丁目　月極駐車場","38.250846","140.339583","https://btimes.jp/yamagata/park/35131/"
"2719","山形旅篭町駐車場","38.252222","140.340566","https://btimes.jp/yamagata/park/2719/"
"33532","コメリパワー東根店駐車場","38.428322","140.398385","https://btimes.jp/yamagata/park/33532/"
"32365","コナカ東根店駐車場","38.422928","140.396268","https://btimes.jp/yamagata/park/32365/"
"58794","ビレッジハウス大河原駐車場","38.040133","140.72517","https://btimes.jp/miyagi/park/58794/"
"38433","西町大内駐車場","38.048502","140.737509","https://btimes.jp/miyagi/park/38433/"
"60757","甲子町駐車場","38.041917","140.741103","https://btimes.jp/miyagi/park/60757/"
"41613","字町駐車場","38.051797","140.740146","https://btimes.jp/miyagi/park/41613/"
"36791","大河原駅前駐車場","38.044322","140.742969","https://btimes.jp/miyagi/park/36791/"
"38947","ランドマーク不動産　駐車場","38.053173","140.74207","https://btimes.jp/miyagi/park/38947/"
"36792","幸町大内駐車場","38.044835","140.744709","https://btimes.jp/miyagi/park/36792/"
"36793","幸町鈴木駐車場","38.043988","140.745099","https://btimes.jp/miyagi/park/36793/"
"54651","エスペランサ駐車場","38.050194","140.744292","https://btimes.jp/miyagi/park/54651/"
"38466","新桜町山田駐車場","38.057116","140.7421","https://btimes.jp/miyagi/park/38466/"
"36788","新桜町４－２駐車場","38.056698","140.74254","https://btimes.jp/miyagi/park/36788/"
"55109","南桜町3-5駐車場","38.053822","140.744756","https://btimes.jp/miyagi/park/55109/"
"55171","南桜町3-5駐車場","38.053822","140.744756","https://btimes.jp/miyagi/park/55171/"
"38441","新桜鈴木駐車場","38.057547","140.74307","https://btimes.jp/miyagi/park/38441/"
"53209","小島駐車場","38.064687","140.738452","https://btimes.jp/miyagi/park/53209/"
"36763","新小谷地駐車場","38.066441","140.74044","https://btimes.jp/miyagi/park/36763/"
"38432","新東鈴木駐車場 ","38.053997","140.739199","https://btimes.jp/miyagi/park/38432/"
"52550","ドラッグセイムス村田小泉店駐車場","38.104454","140.728413","https://btimes.jp/miyagi/park/52550/"
"52951","船岡新生町駐車場","38.060318","140.772555","https://btimes.jp/miyagi/park/52951/"
"34887","船岡中央一丁目　月極駐車場","38.054513","140.770582","https://btimes.jp/miyagi/park/34887/"
"46997","土ケ崎４ウエスタンキャッスル駐車場","38.110725","140.859743","https://btimes.jp/miyagi/park/46997/"
"51246","岩沼第3駐車場","38.110443","140.864411","https://btimes.jp/miyagi/park/51246/"
"48792","岩沼第2駐車場","38.109434","140.864127","https://btimes.jp/miyagi/park/48792/"
"48791","岩沼第1駐車場","38.109916","140.864586","https://btimes.jp/miyagi/park/48791/"
"40807","セジュールヤハタ駐車場","38.214185","140.855666","https://btimes.jp/miyagi/park/40807/"
"35252","タイヤワールド館ベスト　西多賀店駐車場","38.219691","140.866818","https://btimes.jp/miyagi/park/35252/"
"45459","ジョバンニI駐車場","38.237492","140.852278","https://btimes.jp/miyagi/park/45459/"
"44510","ジョバンニII駐車場","38.237483","140.852374","https://btimes.jp/miyagi/park/44510/"
"60821","富沢南一丁目25－4ピースフルライフ駐車場","38.210439","140.872656","https://btimes.jp/miyagi/park/60821/"
"43498","向山駐車場","38.241639","140.872013","https://btimes.jp/miyagi/park/43498/"
"39093","タイムズ八木山本町第2 駐車場","38.238175","140.846037","https://btimes.jp/miyagi/park/39093/"
"40812","シュガーハイツ駐車場","38.23331","140.853807","https://btimes.jp/miyagi/park/40812/"
"43191","タイムズマンスリー仙台柳生駐車場","38.192536","140.873366","https://btimes.jp/miyagi/park/43191/"
"38601","米ケ袋駐車場","38.247719","140.873429","https://btimes.jp/miyagi/park/38601/"
"56252","クレセントハイツパーキング","38.287935","140.82526","https://btimes.jp/miyagi/park/56252/"
"39407","双葉ビル駐車場","38.295974","140.827449","https://btimes.jp/miyagi/park/39407/"
"66091","グランドゥールE・W駐車場","38.299112","140.837494","https://btimes.jp/miyagi/park/66091/"
"61518","Plaire駐車場","38.296566","140.839822","https://btimes.jp/miyagi/park/61518/"
"2062","葛岡駐車場","38.265464","140.821126","https://btimes.jp/miyagi/park/2062/"
"51190","山手町ルナパレス山の手Ａ駐車場","38.283268","140.850273","https://btimes.jp/miyagi/park/51190/"
"55386","サンパルテ駐車場","38.278687","140.849737","https://btimes.jp/miyagi/park/55386/"
"43601","コンフォートヒルズ駐車場","38.276349","140.849334","https://btimes.jp/miyagi/park/43601/"
"35797","桜ケ丘ファルメールＳ駐車場","38.298378","140.851031","https://btimes.jp/miyagi/park/35797/"
"60599","【仙山線北山駅すぐ目の前】グリーンハイツ北山駅前駐車場","38.282193","140.853724","https://btimes.jp/miyagi/park/60599/"
"56274","長命ケ丘5丁目6-16サンプラザ泉駐車場","38.312309","140.840764","https://btimes.jp/miyagi/park/56274/"
"32367","コナカ仙台愛子店駐車場","38.262584","140.79443","https://btimes.jp/miyagi/park/32367/"
"25960","千代田町3番1号駐車場","38.277828","140.853172","https://btimes.jp/miyagi/park/25960/"
"55387","北山パーキング","38.279582","140.854152","https://btimes.jp/miyagi/park/55387/"
"45584","子平町4-24駐車場","38.272789","140.852219","https://btimes.jp/miyagi/park/45584/"
"65955","N-プラッツ駐車場","38.274433","140.855241","https://btimes.jp/miyagi/park/65955/"
"47632","マンスリー荒巻本沢3丁目駐車場","38.289069","140.859299","https://btimes.jp/miyagi/park/47632/"
"39430","アーバンヒルズＭＡＳＡ３駐車場","38.264662","140.849119","https://btimes.jp/miyagi/park/39430/"
"54237","水の森三丁目10-23駐車場","38.290694","140.861367","https://btimes.jp/miyagi/park/54237/"
"36709","柏木3丁目駐車場","38.272417","140.859699","https://btimes.jp/miyagi/park/36709/"
"58103","仙台市柏木市民センター前　柏木２丁目駐車場","38.272288","140.859947","https://btimes.jp/miyagi/park/58103/"
"33115","愛子中央1丁目　砂利駐車場","38.268106","140.76623","https://btimes.jp/miyagi/park/33115/"
"65580","葉山アヴェニュー駐車場","38.280378","140.871512","https://btimes.jp/miyagi/park/65580/"
"42844","秀英予備校 仙台本部校駐車場","38.274029","140.871487","https://btimes.jp/miyagi/park/42844/"
"54513","パレ・ロワイヤル駐車場","38.276001","140.87351","https://btimes.jp/miyagi/park/54513/"
"54514","テアトル・フランセ駐車場","38.276014","140.873616","https://btimes.jp/miyagi/park/54514/"
"29665","青葉区国分町２丁目　JPパーキング　","38.262557","140.872832","https://btimes.jp/miyagi/park/29665/"
"29678","青葉区国分町２丁目　JPパーキング　","38.262557","140.872832","https://btimes.jp/miyagi/park/29678/"
"63654","フレール花壇駐車場【入出庫口を写真にて確認ください東側から出入り不可】","38.252779","140.86581","https://btimes.jp/miyagi/park/63654/"
"2182","NPD仙台一番町パーキング","38.256081","140.874663","https://btimes.jp/miyagi/park/2182/"
"32479","将監西パーキング","38.331122","140.872082","https://btimes.jp/miyagi/park/32479/"
"47686","ベルパーク南吉成H駐車場","38.279685","140.821028","https://btimes.jp/miyagi/park/47686/"
"33837","落合5丁目駐車場第2","38.267655","140.791825","https://btimes.jp/miyagi/park/33837/"
"645","仙台山手町第２駐車場","38.283354","140.852223","https://btimes.jp/miyagi/park/645/"
"53457","【入居者様向け】マロンハイツ駐車場","38.262471","140.795503","https://btimes.jp/miyagi/park/53457/"
"38190","メゾン・ポンム駐車場","38.259847","140.800474","https://btimes.jp/miyagi/park/38190/"
"31988","青葉区荒巻神明町　リッツコート北仙台駐車場","38.284038","140.865914","https://btimes.jp/miyagi/park/31988/"
"43321","タイムズ仙台木町第３駐車場","38.27677","140.864148","https://btimes.jp/miyagi/park/43321/"
"39280","セジュール通り町駐車場","38.277595","140.86922","https://btimes.jp/miyagi/park/39280/"
"58799","軽専用　通町２丁目","38.278184","140.869599","https://btimes.jp/miyagi/park/58799/"
"50553","タイムズ愛子駅前駐車場","38.269371","140.764651","https://btimes.jp/miyagi/park/50553/"
"46479","タイムズ愛子駅前第2駐車場","38.268971","140.764505","https://btimes.jp/miyagi/park/46479/"
"54083","二日町駐車場","38.266535","140.87046","https://btimes.jp/miyagi/park/54083/"
"62219","NPD仙台一番町パーキング（平面）","38.256093","140.874687","https://btimes.jp/miyagi/park/62219/"
"38278","コメリ亘理店駐車場","38.039438","140.882401","https://btimes.jp/miyagi/park/38278/"
"29324","杜せきのした駅舎下駐車場","38.162282","140.899653","https://btimes.jp/miyagi/park/29324/"
"39316","名取が丘2丁目14番駐車場","38.153307","140.88175","https://btimes.jp/miyagi/park/39316/"
"43812","飯野坂高架下駐車場","38.163942","140.887385","https://btimes.jp/miyagi/park/43812/"
"39391","タイムズ仙台空港前駐車場","38.130905","140.933259","https://btimes.jp/miyagi/park/39391/"
"29325","美田園駅舎下駐車場","38.156373","140.922376","https://btimes.jp/miyagi/park/29325/"
"52353","ARUMO駐車場","38.110091","140.875844","https://btimes.jp/miyagi/park/52353/"
"48172","上飯田一丁目貸家駐車場","38.218562","140.91826","https://btimes.jp/miyagi/park/48172/"
"48173","上飯田一丁目貸家駐車場","38.218562","140.91826","https://btimes.jp/miyagi/park/48173/"
"51643","ジュエ・ド・ボヌール駐車場","38.229243","140.906723","https://btimes.jp/miyagi/park/51643/"
"60285","若林3丁目駐車場(西)","38.228488","140.90471","https://btimes.jp/miyagi/park/60285/"
"38735","蒲町駐車場","38.242162","140.930004","https://btimes.jp/miyagi/park/38735/"
"58940","中田4丁目駐車場","38.196142","140.894211","https://btimes.jp/miyagi/park/58940/"
"60552","郡山7丁目駐車場","38.212353","140.891396","https://btimes.jp/miyagi/park/60552/"
"40470","ハイツ橋間AB駐車場","38.230637","140.899991","https://btimes.jp/miyagi/park/40470/"
"40931","プロヌーブT＆T駐車場","38.212059","140.887859","https://btimes.jp/miyagi/park/40931/"
"40930","シャーメゾン太子堂駐車場","38.211807","140.887749","https://btimes.jp/miyagi/park/40930/"
"43422","リアルディール駐車場","38.246998","140.930114","https://btimes.jp/miyagi/park/43422/"
"42495","リバーサイドfleur駐車場","38.230286","140.896862","https://btimes.jp/miyagi/park/42495/"
"50178","リバーサイドI駐車場","38.230467","140.896675","https://btimes.jp/miyagi/park/50178/"
"48208","リバーサイドII駐車場","38.230479","140.896594","https://btimes.jp/miyagi/park/48208/"
"62750","若林2-2-29リヴィエール駐車場","38.230494","140.896456","https://btimes.jp/miyagi/park/62750/"
"52925","若林二丁目駐車場","38.230618","140.896339","https://btimes.jp/miyagi/park/52925/"
"40929","シャーメゾン長町南駐車場","38.215413","140.885999","https://btimes.jp/miyagi/park/40929/"
"33662","太白区中田6丁目　セジュール館駐車場","38.189093","140.888172","https://btimes.jp/miyagi/park/33662/"
"47050","翠明パーキング","38.249141","140.952087","https://btimes.jp/miyagi/park/47050/"
"33660","太白区中田6丁目　砂利駐車場","38.189463","140.887813","https://btimes.jp/miyagi/park/33660/"
"33659","太白区中田6丁目　セレクトA・B駐車場","38.189375","140.887607","https://btimes.jp/miyagi/park/33659/"
"45100","サンコート・まとば駐車場","38.24715","140.918908","https://btimes.jp/miyagi/park/45100/"
"43741","カーサ　ブレッザ駐車場","38.238262","140.90113","https://btimes.jp/miyagi/park/43741/"
"45001","河原町駐車場","38.234169","140.896242","https://btimes.jp/miyagi/park/45001/"
"35652","西中田６丁目セジュール1駐車場","38.189602","140.886458","https://btimes.jp/miyagi/park/35652/"
"36583","長町南　駐車場","38.215936","140.883529","https://btimes.jp/miyagi/park/36583/"
"47364","新弓ノ町81番地駐車場","38.238446","140.895169","https://btimes.jp/miyagi/park/47364/"
"41324","椌木通駐車場","38.245556","140.902733","https://btimes.jp/miyagi/park/41324/"
"40810","CRECIA駐車場","38.219155","140.877838","https://btimes.jp/miyagi/park/40810/"
"54259","ＥａｕＶｅｒｔ駐車場","38.243068","140.894557","https://btimes.jp/miyagi/park/54259/"
"55607","土樋一丁目１１ー７駐車場","38.244194","140.884179","https://btimes.jp/miyagi/park/55607/"
"44942","セジュール青葉駐車場","38.201122","140.912066","https://btimes.jp/miyagi/park/44942/"
"48143","マンスリー荒井駐車場","38.240272","140.951696","https://btimes.jp/miyagi/park/48143/"
"49467","ラヴィナ駐車場","38.242687","140.937615","https://btimes.jp/miyagi/park/49467/"
"53966","中田5丁目壹岐駐車場","38.193455","140.890575","https://btimes.jp/miyagi/park/53966/"
"2036","太子堂駐車場","38.209342","140.886203","https://btimes.jp/miyagi/park/2036/"
"2037","太子堂駐車場(B)","38.210173","140.886198","https://btimes.jp/miyagi/park/2037/"
"2045","太子堂駅北部駐車場","38.215617","140.887013","https://btimes.jp/miyagi/park/2045/"
"2046","太子堂駅南部高架下駐車場","38.214658","140.886562","https://btimes.jp/miyagi/park/2046/"
"30536","長町南部駐車場（６）","38.218418","140.887563","https://btimes.jp/miyagi/park/30536/"
"30535","長町南部駐車場（５）","38.219217","140.887777","https://btimes.jp/miyagi/park/30535/"
"30569","長町南部駐車場（４）","38.220628","140.888153","https://btimes.jp/miyagi/park/30569/"
"50593","タイムズ仙台卸町駐車場","38.248924","140.927814","https://btimes.jp/miyagi/park/50593/"
"48752","マンスリー長町駐車場","38.222812","140.886603","https://btimes.jp/miyagi/park/48752/"
"2039","長町駅北部高架下駐車場代替(2)","38.228793","140.890257","https://btimes.jp/miyagi/park/2039/"
"2034","西中田三丁目駐車場","38.194242","140.88388","https://btimes.jp/miyagi/park/2034/"
"47319","タイムズ仙台長町第５駐車場","38.223134","140.886002","https://btimes.jp/miyagi/park/47319/"
"2033","西中田五丁目駐車場(A-1)","38.19235","140.883366","https://btimes.jp/miyagi/park/2033/"
"31038","仙台市若林区木ノ下5丁目　シャーロットタウン駐車場","38.246627","140.907945","https://btimes.jp/miyagi/park/31038/"
"46359","フォレスト南染師駐車場","38.240913","140.897497","https://btimes.jp/miyagi/park/46359/"
"40808","コーポカスピア駐車場","38.219135","140.877548","https://btimes.jp/miyagi/park/40808/"
"52092","マンスリー仙台南材木町駐車場","38.241045","140.892295","https://btimes.jp/miyagi/park/52092/"
"52183","マンスリー仙台南材木町駐車場","38.241045","140.892295","https://btimes.jp/miyagi/park/52183/"
"33637","名取市田高　ジュネス参号館駐車場","38.177766","140.880447","https://btimes.jp/miyagi/park/33637/"
"43248","ラ・テール荒町駐車場","38.245734","140.88836","https://btimes.jp/miyagi/park/43248/"
"33104","タイムズ五橋第５駐車場","38.249015","140.881461","https://btimes.jp/miyagi/park/33104/"
"2184","三丸ビルパーキング","38.256984","140.880128","https://btimes.jp/miyagi/park/2184/"
"39429","ル・オール榴岡軽専用駐車場","38.255732","140.896782","https://btimes.jp/miyagi/park/39429/"
"44794","The One Five Sendai駐車場 【ハイルーフ】		","38.254666","140.889819","https://btimes.jp/miyagi/park/44794/"
"44796","The One Five Sendai 駐車場【ロールーフ】	","38.254666","140.889819","https://btimes.jp/miyagi/park/44796/"
"53999","ル・オール榴岡駐車場","38.255691","140.89678","https://btimes.jp/miyagi/park/53999/"
"28005","タイムズ宮城野駐車場","38.25541","140.899552","https://btimes.jp/miyagi/park/28005/"
"48252","ジェイアールバス東北駐車場","38.255681","140.905349","https://btimes.jp/miyagi/park/48252/"
"53275","ジェイアールバス東北仙台支店駐車場","38.255865","140.904951","https://btimes.jp/miyagi/park/53275/"
"52206","宮城野1丁目駐車場","38.2549","140.901594","https://btimes.jp/miyagi/park/52206/"
"54688","宮城野1-12-26駐車場","38.254911","140.901214","https://btimes.jp/miyagi/park/54688/"
"29857","芳賀ビル駐車場","38.250568","140.904808","https://btimes.jp/miyagi/park/29857/"
"54556","【ナイトゲーム・軽自動車用】そば処あおば駐車場","38.250648","140.904585","https://btimes.jp/miyagi/park/54556/"
"54554","【ナイトゲーム・普通車可】そば処あおば駐車場","38.250648","140.904537","https://btimes.jp/miyagi/park/54554/"
"59080","そば処あおば駐車場","38.251093","140.90414","https://btimes.jp/miyagi/park/59080/"
"46467","タイムズ宮城野第4駐車場","38.254757","140.901806","https://btimes.jp/miyagi/park/46467/"
"47948","フォースクエア仙台萩野町駐車場","38.256585","140.916185","https://btimes.jp/miyagi/park/47948/"
"47646","フォースクエア仙台萩野町駐車場","38.25677","140.915884","https://btimes.jp/miyagi/park/47646/"
"52931","【土日祝限定】【3階部分のみ】フォースクエア仙台萩野町駐車場","38.256929","140.916091","https://btimes.jp/miyagi/park/52931/"
"52932","【土日祝限定】【3階部分のみ】フォースクエア仙台萩野町駐車場","38.256929","140.916091","https://btimes.jp/miyagi/park/52932/"
"56060","マンスリー萩野町駐車場","38.256015","140.916005","https://btimes.jp/miyagi/park/56060/"
"1387","宮千代1丁目16樋口駐車場","38.252114","140.912925","https://btimes.jp/miyagi/park/1387/"
"59584","リッチモンドホテル仙台駐車場","38.26205","140.885476","https://btimes.jp/miyagi/park/59584/"
"59585","リッチモンドホテル仙台駐車場【ハイルーフ】","38.262064","140.885508","https://btimes.jp/miyagi/park/59585/"
"3413","カウベルパーキング駐車場","38.259435","140.880712","https://btimes.jp/miyagi/park/3413/"
"33057","仙台明芳ビル駐車場","38.259647","140.880072","https://btimes.jp/miyagi/park/33057/"
"33079","仙台明芳ビル駐車場","38.259647","140.880072","https://btimes.jp/miyagi/park/33079/"
"62842","ラ・リューシュ駐車場","38.261921","140.877454","https://btimes.jp/miyagi/park/62842/"
"55737","小田原一丁目駐車場","38.26258","140.893692","https://btimes.jp/miyagi/park/55737/"
"52792","ルミエール仙台駐車場","38.258791","140.891278","https://btimes.jp/miyagi/park/52792/"
"48251","花京院駐車場","38.263129","140.890498","https://btimes.jp/miyagi/park/48251/"
"66239","元寺小路304番2駐車場","38.260672","140.88791","https://btimes.jp/miyagi/park/66239/"
"2185","広瀬通りSEビル駐車場","38.259579","140.887676","https://btimes.jp/miyagi/park/2185/"
"2186","広瀬通りSEビル駐車場","38.259579","140.887676","https://btimes.jp/miyagi/park/2186/"
"56285","小田原一丁目駐車場","38.26258","140.893692","https://btimes.jp/miyagi/park/56285/"
"46160","メイプルテラス駐車場","38.265845","140.892036","https://btimes.jp/miyagi/park/46160/"
"36584","カーサ小田原駐車場","38.265774","140.890382","https://btimes.jp/miyagi/park/36584/"
"53120","五輪２丁目駐車場","38.259962","140.908673","https://btimes.jp/miyagi/park/53120/"
"30105","杜のひろば・宮城野駐車場","38.258595","140.903609","https://btimes.jp/miyagi/park/30105/"
"30106","杜のひろば・宮城野駐車場","38.258595","140.903609","https://btimes.jp/miyagi/park/30106/"
"47725","原町二丁目1-24-5駐車場","38.262817","140.904931","https://btimes.jp/miyagi/park/47725/"
"39076","清水沼駐車場","38.261903","140.901116","https://btimes.jp/miyagi/park/39076/"
"2053","原町四丁目駐車場(B)","38.266523","140.903228","https://btimes.jp/miyagi/park/2053/"
"48434","小田原駐車場","38.266535","140.900623","https://btimes.jp/miyagi/park/48434/"
"39281","アメニティー宮城野駐車場","38.261601","140.912943","https://btimes.jp/miyagi/park/39281/"
"34905","宮城野区福田町2丁目　砂押駐車場","38.263896","140.968549","https://btimes.jp/miyagi/park/34905/"
"55325","マンスリー宮町第２駐車場","38.271498","140.884667","https://btimes.jp/miyagi/park/55325/"
"65502","上杉5丁目2番1号VincentHouse上杉駐車場","38.271022","140.881589","https://btimes.jp/miyagi/park/65502/"
"43417","タイムズマンスリー宮町駐車場","38.268357","140.886553","https://btimes.jp/miyagi/park/43417/"
"25624","宮町第４駐車場","38.268615","140.886678","https://btimes.jp/miyagi/park/25624/"
"43114","ウイング上杉駐車場","38.270359","140.884368","https://btimes.jp/miyagi/park/43114/"
"53429","マンスリー宮町第２","38.271638","140.884636","https://btimes.jp/miyagi/park/53429/"
"59564","小田原５丁目2-37-2駐車場","38.266724","140.89095","https://btimes.jp/miyagi/park/59564/"
"58491","青葉区小田原6丁目駐車場","38.268768","140.888712","https://btimes.jp/miyagi/park/58491/"
"36372","中江　駐車場","38.270334","140.897883","https://btimes.jp/miyagi/park/36372/"
"54803","原町５丁目高架下駐車場","38.267644","140.912367","https://btimes.jp/miyagi/park/54803/"
"36243","ガーデンスクエア駐車場","38.269317","140.912254","https://btimes.jp/miyagi/park/36243/"
"2060","大梶駐車場","38.267807","140.913472","https://btimes.jp/miyagi/park/2060/"
"35749","陸前高砂駅前　月極駐車場","38.270011","140.971497","https://btimes.jp/miyagi/park/35749/"
"41966","ハイムTAKEO駐車場","38.28066","140.877678","https://btimes.jp/miyagi/park/41966/"
"39096","タイムズ小松島第4駐車場","38.280953","140.891312","https://btimes.jp/miyagi/park/39096/"
"47321","タイムズ小松島第３","38.279471","140.890852","https://btimes.jp/miyagi/park/47321/"
"38624","枡江駐車場","38.276628","140.908654","https://btimes.jp/miyagi/park/38624/"
"34908","宮城野区　福室7丁目駐車場","38.280871","140.977743","https://btimes.jp/miyagi/park/34908/"
"60661","出花3-22-37駐車場","38.276513","140.993213","https://btimes.jp/miyagi/park/60661/"
"35275","タイヤワールド館ベスト　多賀城店駐車場","38.28051","140.99624","https://btimes.jp/miyagi/park/35275/"
"50939","鷺ヶ森駐車場","38.28913","140.876203","https://btimes.jp/miyagi/park/50939/"
"50940","鷺ヶ森駐車場","38.28913","140.876203","https://btimes.jp/miyagi/park/50940/"
"64796","サヤヒロハイツ駐車場","38.288331","140.896704","https://btimes.jp/miyagi/park/64796/"
"36311","ビレッジハウス仙台鶴ケ谷二丁目　K地区駐車場","38.285285","140.91643","https://btimes.jp/miyagi/park/36311/"
"36295","ビレッジハウス仙台鶴ケ谷二丁目　A地区駐車場","38.285615","140.915564","https://btimes.jp/miyagi/park/36295/"
"36300","ビレッジハウス仙台鶴ケ谷二丁目　I地区駐車場","38.28587","140.917421","https://btimes.jp/miyagi/park/36300/"
"36289","ビレッジハウス仙台鶴ケ谷二丁目　H地区駐車場","38.286317","140.917453","https://btimes.jp/miyagi/park/36289/"
"36323","ビレッジハウス仙台鶴ケ谷二丁目　J地区駐車場","38.285556","140.917051","https://btimes.jp/miyagi/park/36323/"
"36288","ビレッジハウス仙台鶴ケ谷二丁目　F地区・G地区駐車場","38.286701","140.917671","https://btimes.jp/miyagi/park/36288/"
"36301","ビレッジハウス仙台鶴ケ谷二丁目　E地区駐車場","38.287382","140.916495","https://btimes.jp/miyagi/park/36301/"
"36287","ビレッジハウス仙台鶴ケ谷二丁目　D地区駐車場","38.286978","140.916164","https://btimes.jp/miyagi/park/36287/"
"36296","ビレッジハウス仙台鶴ケ谷五丁目　A地区駐車場","38.289638","140.920118","https://btimes.jp/miyagi/park/36296/"
"36316","ビレッジハウス仙台鶴ケ谷五丁目　G地区駐車場","38.289568","140.919563","https://btimes.jp/miyagi/park/36316/"
"36310","ビレッジハウス仙台鶴ケ谷五丁目　B地区駐車場","38.290008","140.920125","https://btimes.jp/miyagi/park/36310/"
"36318","ビレッジハウス仙台鶴ケ谷二丁目　C地区駐車場","38.286548","140.915332","https://btimes.jp/miyagi/park/36318/"
"36322","ビレッジハウス仙台鶴ケ谷二丁目　B地区駐車場","38.286388","140.91479","https://btimes.jp/miyagi/park/36322/"
"36329","ビレッジハウス仙台鶴ケ谷五丁目　C地区駐車場","38.290466","140.919702","https://btimes.jp/miyagi/park/36329/"
"36298","ビレッジハウス仙台鶴ケ谷五丁目　F地区駐車場","38.290168","140.918018","https://btimes.jp/miyagi/park/36298/"
"36317","ビレッジハウス仙台鶴ケ谷五丁目　E地区駐車場","38.29046","140.918236","https://btimes.jp/miyagi/park/36317/"
"36297","ビレッジハウス仙台鶴ケ谷五丁目　D地区駐車場","38.290807","140.918477","https://btimes.jp/miyagi/park/36297/"
"42272","燕沢東3丁目2-30駐車場","38.284853","140.930067","https://btimes.jp/miyagi/park/42272/"
"43778","燕沢東3丁目2-30駐車場","38.284853","140.930067","https://btimes.jp/miyagi/park/43778/"
"39185","旭ケ丘3-4-1パディントンハウス駐車場","38.292046","140.891748","https://btimes.jp/miyagi/park/39185/"
"36232","高秀館旭ヶ丘エリア駐車場【隣地月極駐車場へ間違え駐車が多発しておりますのでご注意願います】","38.297552","140.891563","https://btimes.jp/miyagi/park/36232/"
"55967","コンフォール旭ヶ丘駐車場","38.291839","140.891812","https://btimes.jp/miyagi/park/55967/"
"38951","南光台駐車場","38.297827","140.894724","https://btimes.jp/miyagi/park/38951/"
"51978","タイムズ南光台","38.295269","140.904145","https://btimes.jp/miyagi/park/51978/"
"35746","多賀城市城南1丁目　月極駐車場","38.295739","140.993633","https://btimes.jp/miyagi/park/35746/"
"44962","コンフォート駐車場","38.302494","140.887352","https://btimes.jp/miyagi/park/44962/"
"47893","なりかわ内科・脳神経内科クリニック駐車場","38.317251","140.875052","https://btimes.jp/miyagi/park/47893/"
"36188","鳥井原パーキング","38.322083","140.897135","https://btimes.jp/miyagi/park/36188/"
"40991","シェモア泉中央駐車場","38.323234","140.887894","https://btimes.jp/miyagi/park/40991/"
"55933","サーカスタウン駐車場","38.321882","140.897284","https://btimes.jp/miyagi/park/55933/"
"39800","鳥井原パーキング","38.322083","140.897135","https://btimes.jp/miyagi/park/39800/"
"42846","秀英予備校 泉中央校駐車場","38.319624","140.891085","https://btimes.jp/miyagi/park/42846/"
"36184","パーク441(第1)駐車場","38.322686","140.894815","https://btimes.jp/miyagi/park/36184/"
"61297","ガーデンハウス弐番館","38.320553","140.909947","https://btimes.jp/miyagi/park/61297/"
"49307","メゾンプラネットD駐車場","38.320494","140.910829","https://btimes.jp/miyagi/park/49307/"
"49283","仙都ヒルズ駐車場","38.317672","140.903","https://btimes.jp/miyagi/park/49283/"
"36279","幸コーポ　駐車場","38.327021","140.876973","https://btimes.jp/miyagi/park/36279/"
"44199","ラフィーネ駐車場","38.32749","140.890407","https://btimes.jp/miyagi/park/44199/"
"44684","第2月極駐車場","38.325873","140.908747","https://btimes.jp/miyagi/park/44684/"
"65348","永和台第4駐車場","38.325161","140.909127","https://btimes.jp/miyagi/park/65348/"
"61471","菅谷台４丁目35-2駐車場","38.329692","140.958467","https://btimes.jp/miyagi/park/61471/"
"50562","菅谷台佐々木邸駐車場","38.329867","140.958485","https://btimes.jp/miyagi/park/50562/"
"52422","菅谷台三丁目駐車場","38.329206","140.956225","https://btimes.jp/miyagi/park/52422/"
"57698","菅谷台３丁目（cafeソノヒノキブン）駐車場","38.328728","140.955058","https://btimes.jp/miyagi/park/57698/"
"55381","菅谷台３丁目（cafeソノヒノキブン）駐車場","38.328728","140.955058","https://btimes.jp/miyagi/park/55381/"
"54332","利府青山駐車場","38.34712","140.974199","https://btimes.jp/miyagi/park/54332/"
"41862","コンフォート太子堂駐車場","38.411726","140.896231","https://btimes.jp/miyagi/park/41862/"
"60140","仙塩利府病院","38.33651","140.967217","https://btimes.jp/miyagi/park/60140/"
"41998","TOGO TOWN AOYAMA駐車場【1日貸し】　","38.335204","140.96938","https://btimes.jp/miyagi/park/41998/"
"56058","タイムズ向陽台駐車場","38.335851","140.901417","https://btimes.jp/miyagi/park/56058/"
"66192","αNEXT宮城第二A棟駐車場","38.56227","140.962582","https://btimes.jp/miyagi/park/66192/"
"66193","αNEXT宮城第二B棟駐車場駐車場","38.562618","140.962335","https://btimes.jp/miyagi/park/66193/"
"32336","コナカ古川駅東店駐車場","38.5693","140.977741","https://btimes.jp/miyagi/park/32336/"
"50426","JRバス古川駐車場","38.57469","140.972651","https://btimes.jp/miyagi/park/50426/"
"2094","幸町一丁目駐車場(3)","38.571207","140.972159","https://btimes.jp/miyagi/park/2094/"
"63662","ソレイユ・ルヴァン宇都駐車場","32.840002","130.0401","https://btimes.jp/nagasaki/park/63662/"
"29692","ほんだ小児・矯正歯科医院駐車場 ","32.846192","130.027957","https://btimes.jp/nagasaki/park/29692/"
"45661","栗面町278-33パーキングNII(エヌ・ツー)駐車場","32.833737","130.038202","https://btimes.jp/nagasaki/park/45661/"
"33346","コメリ武雄店駐車場","33.197449","130.039963","https://btimes.jp/saga/park/33346/"
"46816","ビレッジハウス愛野駐車場","32.813834","130.153607","https://btimes.jp/nagasaki/park/46816/"
"53636","フェスタ森山店駐車場","32.818297","130.151159","https://btimes.jp/nagasaki/park/53636/"
"31530","ひだまりパーキング","33.214646","130.159704","https://btimes.jp/saga/park/31530/"
"53771","フェスタ島原店駐車場","32.806371","130.361859","https://btimes.jp/nagasaki/park/53771/"
"28389","本庄町袋363-20駐車場","33.236647","130.305925","https://btimes.jp/saga/park/28389/"
"63736","スモールウッズタウンTOMO４　駐車場","33.246325","130.314038","https://btimes.jp/saga/park/63736/"
"35628","パークジン(八丁畷町月極P仁)","33.270513","130.2975","https://btimes.jp/saga/park/35628/"
"57771","兵庫北東中野駐車場 第５","33.265143","130.318957","https://btimes.jp/saga/park/57771/"
"57772","兵庫北東中野駐車場 第５（未舗装）","33.265143","130.318957","https://btimes.jp/saga/park/57772/"
"57773","兵庫北東中野駐車場 第５（バス）","33.265143","130.318957","https://btimes.jp/saga/park/57773/"
"59721","八丁畷町３ー７駐車場","33.268664","130.298786","https://btimes.jp/saga/park/59721/"
"44097","大和町尼寺2556-2駐車場","33.307003","130.282923","https://btimes.jp/saga/park/44097/"
"63800","ジュネス大財駐車場","33.255214","130.305197","https://btimes.jp/saga/park/63800/"
"38793","エスタシオン鍋島駐車場","33.256509","130.26845","https://btimes.jp/saga/park/38793/"
"57770","兵庫北東中野駐車場 第４","33.264835","130.319505","https://btimes.jp/saga/park/57770/"
"57769","兵庫北東中野駐車場 第２","33.264706","130.318951","https://btimes.jp/saga/park/57769/"
"59652","新栄町駅第3駐車場","33.034596","130.45161","https://btimes.jp/fukuoka/park/59652/"
"33345","コメリパワー大牟田店駐車場","33.026728","130.427128","https://btimes.jp/fukuoka/park/33345/"
"59633","大牟田駅駐車場（軽）","33.026984","130.445678","https://btimes.jp/fukuoka/park/59633/"
"59634","大牟田駅駐車場","33.026984","130.445678","https://btimes.jp/fukuoka/park/59634/"
"59642","倉永駅駐車場","33.069168","130.46627","https://btimes.jp/fukuoka/park/59642/"
"59659","江の浦駅駐車場","33.106042","130.448934","https://btimes.jp/fukuoka/park/59659/"
"65766","瀬高町上庄588-1 フォルクレア駐車場","33.153409","130.466775","https://btimes.jp/fukuoka/park/65766/"
"59619","柳川駅第2駐車場","33.163154","130.421146","https://btimes.jp/fukuoka/park/59619/"
"56525","筑紫町169-5 T-Regno筑紫町駐車場","33.165444","130.403153","https://btimes.jp/fukuoka/park/56525/"
"45814","郷原217-1-1駐車場","33.203178","130.393656","https://btimes.jp/fukuoka/park/45814/"
"59621","矢加部駅駐車場","33.170233","130.418095","https://btimes.jp/fukuoka/park/59621/"
"29446","大善寺町宮本1514-6駐車場","33.269357","130.476675","https://btimes.jp/fukuoka/park/29446/"
"33620","コメリみやき店駐車場","33.325324","130.473375","https://btimes.jp/saga/park/33620/"
"26781","久留米レッカー駐車場","33.302718","130.496121","https://btimes.jp/fukuoka/park/26781/"
"43626","大善寺町宮本2158-2駐車場","33.267614","130.475479","https://btimes.jp/fukuoka/park/43626/"
"59665","安武駅駐車場","33.282938","130.491205","https://btimes.jp/fukuoka/park/59665/"
"50162","吉野ヶ里公園駅前駐車場","33.321165","130.402183","https://btimes.jp/saga/park/50162/"
"44407","八女グリーンホテル駐車場","33.207074","130.562199","https://btimes.jp/fukuoka/park/44407/"
"53918","テンガイ八女店駐車場","33.213824","130.567077","https://btimes.jp/fukuoka/park/53918/"
"53180","フタタ八女店駐車場","33.213876","130.54858","https://btimes.jp/fukuoka/park/53180/"
"33503","コメリパワー筑後店駐車場","33.212805","130.516235","https://btimes.jp/fukuoka/park/33503/"
"47334","羽犬塚センターガレージ","33.207412","130.501036","https://btimes.jp/fukuoka/park/47334/"
"47332","久留米市東櫛原町駐車場","33.321259","130.523027","https://btimes.jp/fukuoka/park/47332/"
"821","タイムズカー久留米西鉄駅前店駐車場","33.308977","130.525429","https://btimes.jp/fukuoka/park/821/"
"59649","西鉄久留米高架下第3駐車場（西向き）","33.311917","130.52585","https://btimes.jp/fukuoka/park/59649/"
"59650","西鉄久留米高架下第3駐車場","33.311917","130.52585","https://btimes.jp/fukuoka/park/59650/"
"59661","宮の陣駅駐車場","33.325414","130.53305","https://btimes.jp/fukuoka/park/59661/"
"32800","文化街第２駐車場","33.313934","130.513573","https://btimes.jp/fukuoka/park/32800/"
"59631","津福駅駐車場","33.293585","130.500362","https://btimes.jp/fukuoka/park/59631/"
"51028","スペランザ駐車場","32.707146","130.677979","https://btimes.jp/kumamoto/park/51028/"
"62810","ベージャフロール駐車場","32.709206","130.674079","https://btimes.jp/kumamoto/park/62810/"
"59220","LIBTH富合駐車場","32.711215","130.674572","https://btimes.jp/kumamoto/park/59220/"
"55523","リヴィエール1駐車場","32.719485","130.674616","https://btimes.jp/kumamoto/park/55523/"
"53919","テンガイ宇土店駐車場","32.684435","130.672875","https://btimes.jp/kumamoto/park/53919/"
"33384","コメリパワー宇土店駐車場","32.679369","130.67278","https://btimes.jp/kumamoto/park/33384/"
"56117","城南町舞原駐車場","32.704792","130.749198","https://btimes.jp/kumamoto/park/56117/"
"58490","野口2丁目パーキング","32.763424","130.675188","https://btimes.jp/kumamoto/park/58490/"
"50603","アメニティエフ駐車場","32.759366","130.689053","https://btimes.jp/kumamoto/park/50603/"
"60575","近見1丁目駐車場（２）","32.765447","130.694628","https://btimes.jp/kumamoto/park/60575/"
"57897","近見1丁目駐車場","32.765514","130.69456","https://btimes.jp/kumamoto/park/57897/"
"56092","近見2丁目駐車場","32.760239","130.690185","https://btimes.jp/kumamoto/park/56092/"
"56101","幸田2丁目駐車場","32.762792","130.716917","https://btimes.jp/kumamoto/park/56101/"
"60276","新土河原2丁目9-5ジュネブ駐車場","32.770674","130.676967","https://btimes.jp/kumamoto/park/60276/"
"43044","出仲間けやき通り駐車場","32.7702","130.714808","https://btimes.jp/kumamoto/park/43044/"
"48164","出仲間けやき通り駐車場","32.7702","130.714808","https://btimes.jp/kumamoto/park/48164/"
"51508","出仲間けやき通り駐車場","32.7702","130.714808","https://btimes.jp/kumamoto/park/51508/"
"54812","出仲間1丁目1-19MAITHAI駐車場","32.770229","130.714542","https://btimes.jp/kumamoto/park/54812/"
"48078","出仲間けやき通り駐車場","32.7702","130.714808","https://btimes.jp/kumamoto/park/48078/"
"54839","パーキング出水８丁目駐車場","32.770575","130.732141","https://btimes.jp/kumamoto/park/54839/"
"54840","パーキング出水８丁目駐車場","32.770575","130.732141","https://btimes.jp/kumamoto/park/54840/"
"56162","八島２丁目駐車場","32.776842","130.684814","https://btimes.jp/kumamoto/park/56162/"
"56472","八島２丁目駐車場","32.776842","130.684814","https://btimes.jp/kumamoto/park/56472/"
"56153","田崎３丁目恵パーキング【軽自動車専用】","32.778791","130.684391","https://btimes.jp/kumamoto/park/56153/"
"56154","田崎３丁目恵パーキング【普通車】","32.778791","130.684391","https://btimes.jp/kumamoto/park/56154/"
"59233","春日6丁目月極駐車場","32.781585","130.686171","https://btimes.jp/kumamoto/park/59233/"
"59235","春日6丁目月極駐車場","32.781585","130.686171","https://btimes.jp/kumamoto/park/59235/"
"56125","世安町駐車場","32.777415","130.697248","https://btimes.jp/kumamoto/park/56125/"
"56160","二本木４丁目駐車場ＮＯ．１【軽自動車専用】","32.778096","130.693446","https://btimes.jp/kumamoto/park/56160/"
"63537","【軽自動車専用】GLC熊本駅南駐車場","32.781155","130.692691","https://btimes.jp/kumamoto/park/63537/"
"63517","【普通車】GLC熊本駅南駐車場","32.781186","130.692707","https://btimes.jp/kumamoto/park/63517/"
"56124","世安町オギ駐車場","32.782133","130.698075","https://btimes.jp/kumamoto/park/56124/"
"56161","二本木４丁目駐車場ＮＯ．２","32.778191","130.693192","https://btimes.jp/kumamoto/park/56161/"
"56469","世安町オギ駐車場","32.782133","130.698075","https://btimes.jp/kumamoto/park/56469/"
"47080","LIBTH熊本駅駐車場","32.78195","130.693235","https://btimes.jp/kumamoto/park/47080/"
"56159","二本木２丁目駐車場","32.782381","130.6933","https://btimes.jp/kumamoto/park/56159/"
"56471","二本木２丁目駐車場","32.782381","130.6933","https://btimes.jp/kumamoto/park/56471/"
"52673","南熊本5-10駐車場","32.78095","130.711916","https://btimes.jp/kumamoto/park/52673/"
"56089","琴平2丁目吉村駐車場","32.781918","130.708332","https://btimes.jp/kumamoto/park/56089/"
"65966","ホワイトステージ八王寺駐車場","32.781695","130.7192","https://btimes.jp/kumamoto/park/65966/"
"52794","南熊本5-8駐車場","32.782259","130.712984","https://btimes.jp/kumamoto/park/52794/"
"56112","出水6丁目Yパーキング","32.779142","130.72177","https://btimes.jp/kumamoto/park/56112/"
"47622","ELCIA八王寺駐車場","32.779309","130.717501","https://btimes.jp/kumamoto/park/47622/"
"55564","Ｋ・Ｈパーク","32.77615","130.748237","https://btimes.jp/kumamoto/park/55564/"
"58489","神水本町高台月極パーキング","32.780768","130.740263","https://btimes.jp/kumamoto/park/58489/"
"49329","神水本町パーキング","32.780233","130.739452","https://btimes.jp/kumamoto/park/49329/"
"57674","春日５丁目駐車場","32.786891","130.687265","https://btimes.jp/kumamoto/park/57674/"
"57675","春日５丁目駐車場","32.786891","130.687265","https://btimes.jp/kumamoto/park/57675/"
"56158","二本木１丁目竹下駐車場【コンパクトカー】","32.78357","130.694485","https://btimes.jp/kumamoto/park/56158/"
"56470","二本木1丁目竹下駐車場","32.783571","130.694486","https://btimes.jp/kumamoto/park/56470/"
"55498","パーキング本山駐車場","32.784429","130.699275","https://btimes.jp/kumamoto/park/55498/"
"55499","パーキング本山駐車場","32.784429","130.699275","https://btimes.jp/kumamoto/park/55499/"
"56169","本山2丁目駐車場","32.787137","130.697472","https://btimes.jp/kumamoto/park/56169/"
"47610","ポルコ・ローサ駐車場","32.786775","130.698502","https://btimes.jp/kumamoto/park/47610/"
"56126","西区春日駐車場【軽自動車専用】","32.789311","130.692603","https://btimes.jp/kumamoto/park/56126/"
"56127","西区春日駐車場【普通車】","32.789311","130.692603","https://btimes.jp/kumamoto/park/56127/"
"58142","LIBTH熊本駅西駐車場","32.789726","130.691298","https://btimes.jp/kumamoto/park/58142/"
"58143","LIBTH熊本駅西駐車場","32.789726","130.691298","https://btimes.jp/kumamoto/park/58143/"
"58156","LIBTH熊本駅西駐車場","32.789726","130.691298","https://btimes.jp/kumamoto/park/58156/"
"56114","春日３丁目柴田駐車場","32.78847","130.689325","https://btimes.jp/kumamoto/park/56114/"
"60072","春日５丁目ハピネス駐車場","32.788335","130.687991","https://btimes.jp/kumamoto/park/60072/"
"56090","琴平本町駐車場","32.784836","130.708002","https://btimes.jp/kumamoto/park/56090/"
"56091","琴平本町駐車場","32.784836","130.708002","https://btimes.jp/kumamoto/park/56091/"
"44035","藤原パーキング","32.785977","130.70906","https://btimes.jp/kumamoto/park/44035/"
"58014","本荘町駐車場","32.783947","130.704235","https://btimes.jp/kumamoto/park/58014/"
"60021","迎町2丁目月極駐車場","32.786895","130.705014","https://btimes.jp/kumamoto/park/60021/"
"46745","迎町交差点第２駐車場","32.788542","130.704999","https://btimes.jp/kumamoto/park/46745/"
"48204","Rooms本荘駐車場","32.7894","130.706249","https://btimes.jp/kumamoto/park/48204/"
"48205","Rooms本荘駐車場","32.7894","130.706249","https://btimes.jp/kumamoto/park/48205/"
"56172","本荘５丁目坂本駐車場","32.790039","130.708956","https://btimes.jp/kumamoto/park/56172/"
"56168","本山１丁目早川駐車場","32.788652","130.70331","https://btimes.jp/kumamoto/park/56168/"
"58334","LIBTH代継橋駐車場","32.789849","130.712067","https://btimes.jp/kumamoto/park/58334/"
"58335","LIBTH代継橋駐車場","32.789849","130.712067","https://btimes.jp/kumamoto/park/58335/"
"60169","本山4丁目駐車場","32.784969","130.700021","https://btimes.jp/kumamoto/park/60169/"
"65326","【軽専用】モータープール国府駐車場","32.783685","130.722994","https://btimes.jp/kumamoto/park/65326/"
"58032","モータープール国府駐車場","32.783418","130.722936","https://btimes.jp/kumamoto/park/58032/"
"47089","エレンシア白山駐車場","32.785958","130.721554","https://btimes.jp/kumamoto/park/47089/"
"33169","ラ・レジェンダ九品寺駐車場","32.78598","130.720418","https://btimes.jp/kumamoto/park/33169/"
"33171","ラ・レジェンダ九品寺駐車場","32.78598","130.720418","https://btimes.jp/kumamoto/park/33171/"
"52874","マーレ九品寺駐車場","32.78897","130.719383","https://btimes.jp/kumamoto/park/52874/"
"56170","本荘2丁目Clanパーキング【軽自動車専用】","32.788981","130.715081","https://btimes.jp/kumamoto/park/56170/"
"56171","本荘2丁目Clanパーキング","32.788981","130.715081","https://btimes.jp/kumamoto/park/56171/"
"54875","南熊本第２駐車場","32.78611","130.7127","https://btimes.jp/kumamoto/park/54875/"
"56085","MEGUMI駐車場","32.791469","130.719336","https://btimes.jp/kumamoto/park/56085/"
"56291","MEGUMI駐車場","32.791469","130.719336","https://btimes.jp/kumamoto/park/56291/"
"52672","薬専通駐車場","32.7909","130.724998","https://btimes.jp/kumamoto/park/52672/"
"47611","Regina本荘駐車場","32.788978","130.714191","https://btimes.jp/kumamoto/park/47611/"
"48742","ドエル新水前寺駐車場","32.790031","130.727369","https://btimes.jp/kumamoto/park/48742/"
"59290","国府1丁目駐車場","32.789546","130.728836","https://btimes.jp/kumamoto/park/59290/"
"56087","岡田駐車場","32.791034","130.73282","https://btimes.jp/kumamoto/park/56087/"
"57763","富士ビル駐車場","32.788826","130.725857","https://btimes.jp/kumamoto/park/57763/"
"57764","富士ビル駐車場","32.788826","130.725857","https://btimes.jp/kumamoto/park/57764/"
"60642","水前寺公園（砂取小前）駐車場","32.785113","130.739714","https://btimes.jp/kumamoto/park/60642/"
"56123","水前寺6丁目江口駐車場","32.785014","130.744383","https://btimes.jp/kumamoto/park/56123/"
"57946","新町双葉果実駐車場","32.794851","130.698626","https://btimes.jp/kumamoto/park/57946/"
"66443","新町4丁目8番4号新町4丁目駐車場駐車場","32.798481","130.697003","https://btimes.jp/kumamoto/park/66443/"
"44163","はらのパーキング西山中入口駐車場","32.798676","130.695718","https://btimes.jp/kumamoto/park/44163/"
"47618","S.PROUD新町駐車場","32.796253","130.698191","https://btimes.jp/kumamoto/park/47618/"
"47619","S.PROUD新町駐車場","32.796253","130.698191","https://btimes.jp/kumamoto/park/47619/"
"671","新町第１０駐車場","32.797515","130.696687","https://btimes.jp/kumamoto/park/671/"
"53229","新町高架下第４駐車場","32.798964","130.696643","https://btimes.jp/kumamoto/park/53229/"
"56156","島崎モータープール2","32.799899","130.693587","https://btimes.jp/kumamoto/park/56156/"
"46381","LIBTH下通駐車場","32.7944","130.711041","https://btimes.jp/kumamoto/park/46381/"
"47094","Regina下通駐車場","32.794164","130.711015","https://btimes.jp/kumamoto/park/47094/"
"51030","LIBTH桜町駐車場","32.793575","130.702567","https://btimes.jp/kumamoto/park/51030/"
"56088","岡田唐人町駐車場","32.79336","130.700884","https://btimes.jp/kumamoto/park/56088/"
"54874","新町第９駐車場","32.797845","130.700781","https://btimes.jp/kumamoto/park/54874/"
"64848","新屋敷1丁目９－３０ハイリッヒ新屋敷駐車場","32.799922","130.720272","https://btimes.jp/kumamoto/park/64848/"
"55685","九品寺3丁目月極駐車場","32.792267","130.720472","https://btimes.jp/kumamoto/park/55685/"
"56095","九品寺駐車場","32.793256","130.720823","https://btimes.jp/kumamoto/park/56095/"
"56468","九品寺駐車場","32.793256","130.720823","https://btimes.jp/kumamoto/park/56468/"
"56093","九品寺4丁目パーキング","32.792106","130.718105","https://btimes.jp/kumamoto/park/56093/"
"56094","九品寺4丁目パーキング","32.792106","130.718105","https://btimes.jp/kumamoto/park/56094/"
"42632","フラワーマンション九品寺駐車場","32.794923","130.719306","https://btimes.jp/kumamoto/park/42632/"
"43693","九品寺交差点駐車場","32.796909","130.719638","https://btimes.jp/kumamoto/park/43693/"
"52936","九学通り３駐車場","32.798196","130.723834","https://btimes.jp/kumamoto/park/52936/"
"55504","フラワービル駐車場","32.792498","130.734159","https://btimes.jp/kumamoto/park/55504/"
"63505","LIBTH水前寺駅前駐車場","32.793881","130.734819","https://btimes.jp/kumamoto/park/63505/"
"60632","水前寺3-3-17駐車場","32.797122","130.737297","https://btimes.jp/kumamoto/park/60632/"
"58144","セルジュ水前寺駐車場","32.793276","130.731573","https://btimes.jp/kumamoto/park/58144/"
"58145","セルジュ水前寺駐車場","32.793276","130.731573","https://btimes.jp/kumamoto/park/58145/"
"51335","水前寺３丁目駐車場","32.793418","130.736455","https://btimes.jp/kumamoto/park/51335/"
"31303","大江駐車場","32.792754","130.728123","https://btimes.jp/kumamoto/park/31303/"
"49376","新大江２丁目パーキング","32.797175","130.733193","https://btimes.jp/kumamoto/park/49376/"
"56665","新大江1丁目パーキング","32.798523","130.732095","https://btimes.jp/kumamoto/park/56665/"
"56779","新大江1丁目パーキング","32.798523","130.732095","https://btimes.jp/kumamoto/park/56779/"
"51334","大江３丁目駐車場","32.797655","130.727486","https://btimes.jp/kumamoto/park/51334/"
"55505","GLC新大江駐車場","32.798605","130.739338","https://btimes.jp/kumamoto/park/55505/"
"56115","上水前寺1丁目駐車場","32.793907","130.746395","https://btimes.jp/kumamoto/park/56115/"
"49368","松尾駐車場","32.796693","130.742463","https://btimes.jp/kumamoto/park/49368/"
"56134","帯山モータープール","32.797395","130.743154","https://btimes.jp/kumamoto/park/56134/"
"56135","帯山モータープール2【軽自動車専用】","32.797569","130.743328","https://btimes.jp/kumamoto/park/56135/"
"56136","帯山モータープール2","32.797569","130.743328","https://btimes.jp/kumamoto/park/56136/"
"56128","千原台Ｔパーキング","32.803263","130.685382","https://btimes.jp/kumamoto/park/56128/"
"56155","島崎モータープール","32.800038","130.693759","https://btimes.jp/kumamoto/park/56155/"
"51027","カターラA・B棟駐車場","32.803042","130.694994","https://btimes.jp/kumamoto/park/51027/"
"60209","島崎１丁目Ｏパーキング","32.802151","130.696604","https://btimes.jp/kumamoto/park/60209/"
"49386","花園三丁目パーキング駐車場","32.808217","130.696016","https://btimes.jp/kumamoto/park/49386/"
"47085","LIBTH千葉城駐車場","32.805586","130.707937","https://btimes.jp/kumamoto/park/47085/"
"47088","LIBTH千葉城駐車場","32.805586","130.707937","https://btimes.jp/kumamoto/park/47088/"
"47491","LIBTH千葉城駐車場","32.805586","130.707937","https://btimes.jp/kumamoto/park/47491/"
"53459","広瀬駐車場","32.804866","130.723001","https://btimes.jp/kumamoto/park/53459/"
"47620","emius新屋敷駐車場","32.805462","130.724957","https://btimes.jp/kumamoto/park/47620/"
"52735","マンスリー熊本新屋敷駐車場","32.80158","130.721485","https://btimes.jp/kumamoto/park/52735/"
"47614","ヴェルデ６駐車場","32.800183","130.722211","https://btimes.jp/kumamoto/park/47614/"
"48744","新屋敷２丁目駐車場","32.802885","130.722822","https://btimes.jp/kumamoto/park/48744/"
"53468","広瀬駐車場","32.804866","130.723001","https://btimes.jp/kumamoto/park/53468/"
"45925","南坪井町第２駐車場","32.80346","130.716097","https://btimes.jp/kumamoto/park/45925/"
"47615","新屋敷２丁目不二パーキング","32.805397","130.724473","https://btimes.jp/kumamoto/park/47615/"
"47625","新屋敷２丁目不二パーキング","32.805397","130.724473","https://btimes.jp/kumamoto/park/47625/"
"63835","北千反畑町駐車場","32.806355","130.71793","https://btimes.jp/kumamoto/park/63835/"
"55017","LIBTH並木坂駐車場","32.806035","130.714146","https://btimes.jp/kumamoto/park/55017/"
"55018","LIBTH並木坂駐車場","32.806035","130.714146","https://btimes.jp/kumamoto/park/55018/"
"41762","パーキング田島駐車場","32.804536","130.73674","https://btimes.jp/kumamoto/park/41762/"
"45285","青山有料駐車場","32.801907","130.733547","https://btimes.jp/kumamoto/park/45285/"
"45286","青山有料駐車場","32.801907","130.733547","https://btimes.jp/kumamoto/park/45286/"
"41759","パーキングタナカ駐車場","32.802105","130.73356","https://btimes.jp/kumamoto/park/41759/"
"41761","パーキングタナカ駐車場","32.802105","130.73356","https://btimes.jp/kumamoto/park/41761/"
"58674","MINEパーキング","32.803247","130.733248","https://btimes.jp/kumamoto/park/58674/"
"58675","MINEパーキング","32.803247","130.733248","https://btimes.jp/kumamoto/park/58675/"
"47621","emius新屋敷","32.805384","130.725048","https://btimes.jp/kumamoto/park/47621/"
"59739","保田窪１丁目駐車場","32.804109","130.744944","https://btimes.jp/kumamoto/park/59739/"
"51029","コーポ鈴鹿駐車場","32.801299","130.737854","https://btimes.jp/kumamoto/park/51029/"
"59978","エル上熊本駐車場","32.813849","130.696565","https://btimes.jp/kumamoto/park/59978/"
"59981","エル上熊本駐車場","32.813849","130.696565","https://btimes.jp/kumamoto/park/59981/"
"59979","エル花園駐車場","32.815667","130.697708","https://btimes.jp/kumamoto/park/59979/"
"56174","壺川１丁目石川駐車場","32.810574","130.710682","https://btimes.jp/kumamoto/park/56174/"
"31647","京町本丁駐車場","32.814002","130.708268","https://btimes.jp/kumamoto/park/31647/"
"36160","上熊本駅前第３駐車場","32.812185","130.700466","https://btimes.jp/kumamoto/park/36160/"
"36174","上熊本駅前第２駐車場","32.813447","130.700816","https://btimes.jp/kumamoto/park/36174/"
"55506","クイーンズ京町駐車場","32.809937","130.7079","https://btimes.jp/kumamoto/park/55506/"
"55507","クイーンズ京町駐車場","32.809937","130.7079","https://btimes.jp/kumamoto/park/55507/"
"52177","熊本京町駐車場","32.810226","130.707759","https://btimes.jp/kumamoto/park/52177/"
"60385","ルアナコセン駐車場","32.812616","130.712438","https://btimes.jp/kumamoto/park/60385/"
"60386","ルアナコセン駐車場","32.812616","130.712438","https://btimes.jp/kumamoto/park/60386/"
"30682","上熊本駐車場","32.816313","130.70054","https://btimes.jp/kumamoto/park/30682/"
"56111","子飼本町駐車場","32.809635","130.723649","https://btimes.jp/kumamoto/park/56111/"
"53401","パーキングユーハク２","32.81059","130.71835","https://btimes.jp/kumamoto/park/53401/"
"56152","坪井4丁目パーキング","32.809867","130.716036","https://btimes.jp/kumamoto/park/56152/"
"64364","ソフィール黒髪駐車場","32.813893","130.732183","https://btimes.jp/kumamoto/park/64364/"
"56118","新南部3丁目吉武駐車場1","32.812953","130.749848","https://btimes.jp/kumamoto/park/56118/"
"41760","パーキング渡鹿8丁目2駐車場","32.8086","130.744161","https://btimes.jp/kumamoto/park/41760/"
"41845","パーキング渡鹿8丁目2駐車場","32.8086","130.744161","https://btimes.jp/kumamoto/park/41845/"
"56119","新南部3丁目吉武駐車場3","32.811603","130.749956","https://btimes.jp/kumamoto/park/56119/"
"38192","坪井６丁目駐車場","32.817819","130.722396","https://btimes.jp/kumamoto/park/38192/"
"41756","ＫＨパーキング駐車場","32.822304","130.72595","https://btimes.jp/kumamoto/park/41756/"
"41758","ＫＨパーキング駐車場","32.822304","130.72595","https://btimes.jp/kumamoto/park/41758/"
"56142","池田3丁目M駐車場","32.828384","130.707337","https://btimes.jp/kumamoto/park/56142/"
"31337","高平1丁目駐車場","32.829903","130.713803","https://btimes.jp/kumamoto/park/31337/"
"56173","万石4丁目加治屋駐車場","32.831047","130.730878","https://btimes.jp/kumamoto/park/56173/"
"65740","セキュレア合志駐車場","32.854962","130.739855","https://btimes.jp/kumamoto/park/65740/"
"64253","御代志駅西駐車場","32.883282","130.745078","https://btimes.jp/kumamoto/park/64253/"
"64256","御代志駅西駐車場（軽車室）","32.883283","130.745102","https://btimes.jp/kumamoto/park/64256/"
"56110","山口パーキング","32.845826","130.742591","https://btimes.jp/kumamoto/park/56110/"
"42040","ドラッグセイムス麻生田店駐車場","32.845717","130.7499","https://btimes.jp/kumamoto/park/42040/"
"32460","大窪４丁目駐車場","32.84462","130.719157","https://btimes.jp/kumamoto/park/32460/"
"57938","植木インター前駐車場","32.924925","130.701512","https://btimes.jp/kumamoto/park/57938/"
"33462","コメリ山鹿店駐車場","33.016","130.695681","https://btimes.jp/kumamoto/park/33462/"
"59646","西鉄山鹿駐車場","33.012195","130.687022","https://btimes.jp/kumamoto/park/59646/"
"33574","コメリ御船店駐車場","32.717898","130.808338","https://btimes.jp/kumamoto/park/33574/"
"64475","シャーメゾンパステーク駐車場","32.786398","130.790639","https://btimes.jp/kumamoto/park/64475/"
"56109","桜木4丁目パーキング【軽自動車専用】","32.77732","130.784691","https://btimes.jp/kumamoto/park/56109/"
"47329","肥後の水素水駐車場","32.777826","130.783403","https://btimes.jp/kumamoto/park/47329/"
"62837","戸島西１丁目駐車場","32.808128","130.78661","https://btimes.jp/kumamoto/park/62837/"
"53920","テンガイ戸島店駐車場","32.80664","130.784179","https://btimes.jp/kumamoto/park/53920/"
"49357","小峯1丁目パーキング","32.797366","130.773674","https://btimes.jp/kumamoto/park/49357/"
"50083","小峯1丁目パーキング","32.797366","130.773674","https://btimes.jp/kumamoto/park/50083/"
"60103","小山7-3-30駐車場","32.824963","130.803039","https://btimes.jp/kumamoto/park/60103/"
"64361","石原ハイツ駐車場","32.798889","130.769473","https://btimes.jp/kumamoto/park/64361/"
"56149","長嶺南3丁目月極駐車場","32.808278","130.77374","https://btimes.jp/kumamoto/park/56149/"
"46382","アルバパラッツオ駐車場","32.795886","130.766906","https://btimes.jp/kumamoto/park/46382/"
"56157","東野1丁目パーキング","32.77428","130.76755","https://btimes.jp/kumamoto/park/56157/"
"66208","小山6丁目駐車場","32.828947","130.799478","https://btimes.jp/kumamoto/park/66208/"
"48824","松柳駐車場","32.829784","130.798027","https://btimes.jp/kumamoto/park/48824/"
"56148","長嶺南1丁目駐車場","32.805007","130.764455","https://btimes.jp/kumamoto/park/56148/"
"59980","ソフィービル専用駐車場","32.774696","130.762518","https://btimes.jp/kumamoto/park/59980/"
"59982","ソフィービル専用駐車場","32.774696","130.762518","https://btimes.jp/kumamoto/park/59982/"
"55502","グランフィーネ新生駐車場","32.773668","130.761554","https://btimes.jp/kumamoto/park/55502/"
"66020","サンフラワーコーポ尾ノ上駐車場","32.791084","130.757848","https://btimes.jp/kumamoto/park/66020/"
"60908","サンライズHIGO駐車場","32.776767","130.756863","https://btimes.jp/kumamoto/park/60908/"
"56102","広木町駐車場","32.766856","130.759628","https://btimes.jp/kumamoto/park/56102/"
"60907","健軍2丁目駐車場","32.777969","130.755266","https://btimes.jp/kumamoto/park/60907/"
"49361","尾ノ上第1月極駐車場","32.788795","130.753554","https://btimes.jp/kumamoto/park/49361/"
"56100","御領１丁目白石駐車場","32.814509","130.760833","https://btimes.jp/kumamoto/park/56100/"
"49606","下南部３丁目駐車場","32.818865","130.762285","https://btimes.jp/kumamoto/park/49606/"
"56116","上南部２丁目駐車場","32.828474","130.771168","https://btimes.jp/kumamoto/park/56116/"
"56696","健軍４丁目駐車場","32.778736","130.751094","https://btimes.jp/kumamoto/park/56696/"
"56697","健軍４丁目駐車場","32.778736","130.751094","https://btimes.jp/kumamoto/park/56697/"
"56130","帯山4丁目モータープール1","32.796567","130.750329","https://btimes.jp/kumamoto/park/56130/"
"56167","保田窪吉川パーキング","32.806496","130.750817","https://btimes.jp/kumamoto/park/56167/"
"53402","堤駐車場","32.815924","130.751482","https://btimes.jp/kumamoto/park/53402/"
"26782","熊本旭運輸駐車場","32.789231","130.790472","https://btimes.jp/kumamoto/park/26782/"
"50596","パーキングKI","32.781564","130.784388","https://btimes.jp/kumamoto/park/50596/"
"56108","桜木4丁目パーキング【コンパクトカー】","32.77732","130.784691","https://btimes.jp/kumamoto/park/56108/"
"44709","長嶺南６丁目月極駐車場","32.805005","130.783003","https://btimes.jp/kumamoto/park/44709/"
"56086","榎町山下駐車場","32.788845","130.773373","https://btimes.jp/kumamoto/park/56086/"
"56150","長嶺南4丁目山口月極駐車場","32.807043","130.778649","https://btimes.jp/kumamoto/park/56150/"
"56151","長嶺南4丁目川上駐車場","32.80746","130.776302","https://btimes.jp/kumamoto/park/56151/"
"56144","長嶺吉川パーキング","32.813752","130.781627","https://btimes.jp/kumamoto/park/56144/"
"56143","長嶺パーキング","32.813664","130.781525","https://btimes.jp/kumamoto/park/56143/"
"55568","東野駐車場","32.771899","130.773829","https://btimes.jp/kumamoto/park/55568/"
"55725","東野駐車場","32.771899","130.773829","https://btimes.jp/kumamoto/park/55725/"
"57855","LIBTH月出駐車場","32.798738","130.768165","https://btimes.jp/kumamoto/park/57855/"
"56096","月出2丁目パーキング","32.800249","130.765272","https://btimes.jp/kumamoto/park/56096/"
"41757","パーキングムラカミ２駐車場","32.814876","130.772965","https://btimes.jp/kumamoto/park/41757/"
"56147","長嶺西3丁目円満駐車場","32.811855","130.76976","https://btimes.jp/kumamoto/park/56147/"
"47087","プラセール月出駐車場","32.799985","130.762848","https://btimes.jp/kumamoto/park/47087/"
"47626","プラセール月出駐車場","32.799985","130.762848","https://btimes.jp/kumamoto/park/47626/"
"47613","LIBTH長嶺EAST駐車場","32.809337","130.765906","https://btimes.jp/kumamoto/park/47613/"
"60716","【普通車】LIBTH長嶺WEST駐車場","32.809264","130.765762","https://btimes.jp/kumamoto/park/60716/"
"60717","LIBTH長嶺WEST駐車場","32.809264","130.765762","https://btimes.jp/kumamoto/park/60717/"
"47490","ウォルトン長嶺駐車場","32.808609","130.765107","https://btimes.jp/kumamoto/park/47490/"
"47612","ウォルトン長嶺駐車場","32.808609","130.765107","https://btimes.jp/kumamoto/park/47612/"
"56133","帯山8丁目モータープール","32.803963","130.762169","https://btimes.jp/kumamoto/park/56133/"
"56164","尾ノ上3丁目小柳駐車場","32.791423","130.759061","https://btimes.jp/kumamoto/park/56164/"
"55503","グランフィーネ新生駐車場","32.773668","130.761554","https://btimes.jp/kumamoto/park/55503/"
"56163","尾ノ上3丁目M’ｓパーキング","32.791532","130.758852","https://btimes.jp/kumamoto/park/56163/"
"56473","尾ノ上3丁目M’ｓパーキング","32.791532","130.758852","https://btimes.jp/kumamoto/park/56473/"
"55561","AXIAWill帯山第2駐車場","32.80141","130.760335","https://btimes.jp/kumamoto/park/55561/"
"55562","AXIAWill帯山第2駐車場","32.80141","130.760335","https://btimes.jp/kumamoto/park/55562/"
"55563","AXIAWill帯山第2駐車場","32.80141","130.760335","https://btimes.jp/kumamoto/park/55563/"
"54370","AXIA　Will帯山第2駐車場","32.801405","130.760316","https://btimes.jp/kumamoto/park/54370/"
"56122","水源2丁目駐車場【コンパクトカー/軽自動車専用】","32.772623","130.759672","https://btimes.jp/kumamoto/park/56122/"
"59232","錦ヶ丘月極駐車場","32.786787","130.756317","https://btimes.jp/kumamoto/park/59232/"
"56121","水源1丁目川元駐車場","32.772938","130.758334","https://btimes.jp/kumamoto/park/56121/"
"56099","健軍清永パーキング","32.779941","130.755044","https://btimes.jp/kumamoto/park/56099/"
"55570","鈴木駐車場","32.77834","130.755357","https://btimes.jp/kumamoto/park/55570/"
"55571","鈴木駐車場","32.77834","130.755357","https://btimes.jp/kumamoto/park/55571/"
"55566","東昭ビル月極駐車場","32.827417","130.775745","https://btimes.jp/kumamoto/park/55566/"
"55567","東昭ビル月極駐車場","32.827417","130.775745","https://btimes.jp/kumamoto/park/55567/"
"56103","広木町駐車場","32.766856","130.759628","https://btimes.jp/kumamoto/park/56103/"
"55500","Lumiere健軍駐車場","32.778885","130.753653","https://btimes.jp/kumamoto/park/55500/"
"56292","御領１丁目白石駐車場","32.814509","130.760833","https://btimes.jp/kumamoto/park/56292/"
"56132","帯山4丁目田屋駐車場","32.797286","130.753124","https://btimes.jp/kumamoto/park/56132/"
"56098","健軍鍬守駐車場","32.777625","130.753241","https://btimes.jp/kumamoto/park/56098/"
"55574","下南部ハイコムパーキング","32.81892","130.762345","https://btimes.jp/kumamoto/park/55574/"
"54957","下南部ハイコムパーキング","32.818893","130.7623","https://btimes.jp/kumamoto/park/54957/"
"56129","帯山4丁目Ｈ駐車場","32.80105","130.752738","https://btimes.jp/kumamoto/park/56129/"
"56120","神水鍬守駐車場","32.780034","130.751275","https://btimes.jp/kumamoto/park/56120/"
"56131","帯山4丁目モータープール2","32.796678","130.75038","https://btimes.jp/kumamoto/park/56131/"
"55572","西原大通り南駐車場","32.811491","130.755545","https://btimes.jp/kumamoto/park/55572/"
"55573","西原大通り南駐車場","32.811491","130.755545","https://btimes.jp/kumamoto/park/55573/"
"55565","堀田湖東パーキング","32.77616","130.750117","https://btimes.jp/kumamoto/park/55565/"
"49349","堀田湖東パーキング","32.776155","130.750079","https://btimes.jp/kumamoto/park/49349/"
"47079","IS龍田駐車場","32.823144","130.754169","https://btimes.jp/kumamoto/park/47079/"
"58131","LIBTH原水駐車場","32.86369","130.81814","https://btimes.jp/kumamoto/park/58131/"
"64295","LIBTH菊陽２２７（軽専用）駐車場","32.859619","130.809454","https://btimes.jp/kumamoto/park/64295/"
"64294","LIBTH菊陽２２７駐車場","32.859614","130.80939","https://btimes.jp/kumamoto/park/64294/"
"63506","LIBTH原水南駐車場","32.860231","130.82484","https://btimes.jp/kumamoto/park/63506/"
"65765","LIBTH菊陽３駐車場","32.856503","130.807131","https://btimes.jp/kumamoto/park/65765/"
"58132","LIBTH菊陽駐車場","32.856367","130.806579","https://btimes.jp/kumamoto/park/58132/"
"54654","菊陽町新山１丁目駐車場","32.860599","130.791821","https://btimes.jp/kumamoto/park/54654/"
"54655","菊陽町新山１丁目駐車場","32.860599","130.791821","https://btimes.jp/kumamoto/park/54655/"
"63503","LIBTH光の森駐車場","32.857432","130.79315","https://btimes.jp/kumamoto/park/63503/"
"65741","コンシェリア光の森駐車場","32.853976","130.787413","https://btimes.jp/kumamoto/park/65741/"
"56104","合志月極駐車場","32.85927","130.772319","https://btimes.jp/kumamoto/park/56104/"
"63504","Bellagio駐車場","32.860524","130.770907","https://btimes.jp/kumamoto/park/63504/"
"56165","武蔵ヶ丘北月極駐車場【普通車】","32.856625","130.763911","https://btimes.jp/kumamoto/park/56165/"
"56141","大津町陣内駐車場","32.865714","130.874386","https://btimes.jp/kumamoto/park/56141/"
"57937","楡木ハイツ駐車場","32.851628","130.757869","https://btimes.jp/kumamoto/park/57937/"
"58133","LIBTH原水駐車場","32.86369","130.81814","https://btimes.jp/kumamoto/park/58133/"
"56105","合志市幾久富橋本駐車場","32.862319","130.782324","https://btimes.jp/kumamoto/park/56105/"
"56166","武蔵ヶ丘北月極駐車場【軽自動車専用】","32.856625","130.763911","https://btimes.jp/kumamoto/park/56166/"
"47616","EXE神園A棟・B棟駐車場","32.834979","130.782377","https://btimes.jp/kumamoto/park/47616/"
"47617","EXE神園A棟・B棟駐車場","32.834979","130.782377","https://btimes.jp/kumamoto/park/47617/"
"47623","神園敷地外駐車場","32.835032","130.782057","https://btimes.jp/kumamoto/park/47623/"
"47624","神園敷地外駐車場","32.835032","130.782057","https://btimes.jp/kumamoto/park/47624/"
"44036","パーキング康和","32.840524","130.755473","https://btimes.jp/kumamoto/park/44036/"
"44037","パーキング康和","32.840524","130.755473","https://btimes.jp/kumamoto/park/44037/"
"33505","コメリ菊池店駐車場","32.967856","130.797176","https://btimes.jp/kumamoto/park/33505/"
"56107","坂本駐車場","32.873813","130.87745","https://btimes.jp/kumamoto/park/56107/"
"1630","高瀬525-3駐車場","33.303196","130.93921","https://btimes.jp/oita/park/1630/"
"38973","小鳥の森ゴルフパーク 臨時駐車場","34.69431","134.056582","https://btimes.jp/okayama/park/38973/"
"43176","あかり薬局平島西店駐車場","34.71356","134.049786","https://btimes.jp/okayama/park/43176/"
"43284","あかり薬局平島西店駐車場","34.71356","134.049786","https://btimes.jp/okayama/park/43284/"
"43175","あかり薬局本店駐車場","34.716668","134.053092","https://btimes.jp/okayama/park/43175/"
"43285","あかり薬局平島西店第3駐車場","34.713965","134.049934","https://btimes.jp/okayama/park/43285/"
"43184","サンシャイン上道駐車場","34.69563","134.023831","https://btimes.jp/okayama/park/43184/"
"58944","ビレッジハウス土師駐車場","34.693676","134.117156","https://btimes.jp/okayama/park/58944/"
"36352","河本1207-9駐車場","34.743689","134.0152","https://btimes.jp/okayama/park/36352/"
"39208","桜が丘西６丁目駐車場","34.77413","134.03818","https://btimes.jp/okayama/park/39208/"
"47189","津山横山駐車場","35.052157","134.011118","https://btimes.jp/okayama/park/47189/"
"46784","吹屋町駐車場","35.054435","134.0039","https://btimes.jp/okayama/park/46784/"
"42351","小田中杉井駐車場","35.066656","134.000919","https://btimes.jp/okayama/park/42351/"
"41800","伊部1795駐車場","34.734396","134.165755","https://btimes.jp/okayama/park/41800/"
"43182","びぜん薬局駐車場","34.741671","134.169666","https://btimes.jp/okayama/park/43182/"
"50792","ビレッジハウス吉永駐車場","34.80705","134.21253","https://btimes.jp/okayama/park/50792/"
"1528","美作土居パーキング3","34.988414","134.264965","https://btimes.jp/okayama/park/1528/"
"1526","美作土居パーキング1","34.988459","134.264432","https://btimes.jp/okayama/park/1526/"
"1527","美作土居パーキング2","34.988463","134.264004","https://btimes.jp/okayama/park/1527/"
"66202","大島町7-8駐車場","34.805029","134.471499","https://btimes.jp/hyogo/park/66202/"
"44429","網干区興浜557-3駐車場","34.774044","134.587611","https://btimes.jp/hyogo/park/44429/"
"27698","平松東駐車場","34.790022","134.611328","https://btimes.jp/hyogo/park/27698/"
"27678","山陽天満駅前駐車場","34.793475","134.619708","https://btimes.jp/hyogo/park/27678/"
"32758","ＪＲ網干駅前第２駐車場","34.812119","134.587673","https://btimes.jp/hyogo/park/32758/"
"51935","ブラウンコート新町","34.789182","134.609278","https://btimes.jp/hyogo/park/51935/"
"27679","天満西駐車場","34.792159","134.616936","https://btimes.jp/hyogo/park/27679/"
"51933","グリーンコートA","34.826239","134.591438","https://btimes.jp/hyogo/park/51933/"
"51934","グリーンコートB","34.82694","134.591426","https://btimes.jp/hyogo/park/51934/"
"27709","山陽天満駐車場","34.792947","134.619096","https://btimes.jp/hyogo/park/27709/"
"1940","姫路太子駐車場","34.825524","134.612324","https://btimes.jp/hyogo/park/1940/"
"56661","白浜町2109駐車場","34.784526","134.711492","https://btimes.jp/hyogo/park/56661/"
"64747","飾磨区恵美酒駐車場","34.803404","134.677803","https://btimes.jp/hyogo/park/64747/"
"64748","飾磨区恵美酒駐車場","34.803404","134.677803","https://btimes.jp/hyogo/park/64748/"
"63479","大幸東山駐車場","34.78985","134.718344","https://btimes.jp/hyogo/park/63479/"
"27648","加茂第1駐車場","34.801504","134.664297","https://btimes.jp/hyogo/park/27648/"
"27665","西飾磨東駐車場","34.801438","134.662703","https://btimes.jp/hyogo/park/27665/"
"27692","西飾磨東駐車場","34.801392","134.662083","https://btimes.jp/hyogo/park/27692/"
"27691","八家駐車場","34.781494","134.724252","https://btimes.jp/hyogo/park/27691/"
"27649","今在家第2駐車場","34.800581","134.656368","https://btimes.jp/hyogo/park/27649/"
"27632","今在家第1駐車場","34.800373","134.65566","https://btimes.jp/hyogo/park/27632/"
"27693","西飾磨駐車場","34.799394","134.652825","https://btimes.jp/hyogo/park/27693/"
"31893","サイクルタイムズマルイト姫路ビル（バイク）駐車場","34.824045","134.695388","https://btimes.jp/hyogo/park/31893/"
"27650","夢前川東駐車場","34.796958","134.646598","https://btimes.jp/hyogo/park/27650/"
"65948","木場川西駐車場","34.771686","134.730853","https://btimes.jp/hyogo/park/65948/"
"51525","みき接骨院駐車場","34.8073","134.650353","https://btimes.jp/hyogo/park/51525/"
"1935","姫路西庄駐車場","34.825457","134.674172","https://btimes.jp/hyogo/park/1935/"
"1942","姫路神屋駐車場","34.827139","134.705817","https://btimes.jp/hyogo/park/1942/"
"27695","広畑第8駐車場","34.794804","134.639618","https://btimes.jp/hyogo/park/27695/"
"1897","姫路才ノ木三駐車場","34.829512","134.707316","https://btimes.jp/hyogo/park/1897/"
"27696","広畑第6駐車場","34.794569","134.637791","https://btimes.jp/hyogo/park/27696/"
"27634","広畑第2駐車場","34.794712","134.634908","https://btimes.jp/hyogo/park/27634/"
"40922","タイムズマンスリー姫路城東町第２駐車場","34.833111","134.70844","https://btimes.jp/hyogo/park/40922/"
"27625","広畑第1-南駐車場","34.794559","134.633332","https://btimes.jp/hyogo/park/27625/"
"43871","ゴダイドラッグ御着店駐車場","34.819788","134.733816","https://btimes.jp/hyogo/park/43871/"
"27675","飾磨東駐車場","34.796057","134.678555","https://btimes.jp/hyogo/park/27675/"
"33055","グランボナール下野田１駐車場","34.800912","134.68915","https://btimes.jp/hyogo/park/33055/"
"35528","三条パーキング","34.808436","134.691837","https://btimes.jp/hyogo/park/35528/"
"51938","サンリバーパーキング","34.808613","134.690876","https://btimes.jp/hyogo/park/51938/"
"33058","ドリーム三条駐車場","34.808617","134.691602","https://btimes.jp/hyogo/park/33058/"
"51937","フォレスタパーキング","34.808588","134.693739","https://btimes.jp/hyogo/park/51937/"
"43922","プライムハイツ寺家駐車場","34.789775","134.715022","https://btimes.jp/hyogo/park/43922/"
"35514","ヘーベルメゾンプラネス南条駐車場","34.809258","134.692012","https://btimes.jp/hyogo/park/35514/"
"35494","グレース21駐車場","34.804842","134.667032","https://btimes.jp/hyogo/park/35494/"
"35556","プレステージ21駐車場","34.804892","134.666167","https://btimes.jp/hyogo/park/35556/"
"32775","姫路市役所北駐車場","34.814351","134.691158","https://btimes.jp/hyogo/park/32775/"
"31255","東延末１丁目３２駐車場","34.82037","134.689231","https://btimes.jp/hyogo/park/31255/"
"43923","ウィズ駐車場","34.809663","134.660801","https://btimes.jp/hyogo/park/43923/"
"3348","ＪＲ姫路駅東第６駐車場","34.822504","134.699747","https://btimes.jp/hyogo/park/3348/"
"1933","北条東駐車場","34.822168","134.701977","https://btimes.jp/hyogo/park/1933/"
"31992","姫路駅西第３駐車場","34.824258","134.690136","https://btimes.jp/hyogo/park/31992/"
"1934","姫路千代田第三駐車場","34.824194","134.684583","https://btimes.jp/hyogo/park/1934/"
"1937","姫路西庄第三駐車場","34.825543","134.673102","https://btimes.jp/hyogo/park/1937/"
"1936","姫路西庄第二駐車場","34.825642","134.671898","https://btimes.jp/hyogo/park/1936/"
"27694","夢前川第2駐車場","34.79585","134.642078","https://btimes.jp/hyogo/park/27694/"
"27651","夢前川第3駐車場","34.795467","134.641877","https://btimes.jp/hyogo/park/27651/"
"27610","広畑第7駐車場","34.794775","134.637796","https://btimes.jp/hyogo/park/27610/"
"27697","広畑第3駐車場","34.794551","134.634732","https://btimes.jp/hyogo/park/27697/"
"32795","広畑駅前駐車場","34.794292","134.628412","https://btimes.jp/hyogo/park/32795/"
"29096","マンスリータイムズ広畑駐車場","34.793891","134.626967","https://btimes.jp/hyogo/park/29096/"
"1909","姫路花北駐車場","34.853618","134.715411","https://btimes.jp/hyogo/park/1909/"
"1911","姫路保城一駐車場","34.855374","134.718385","https://btimes.jp/hyogo/park/1911/"
"1912","姫路保城二駐車場","34.855935","134.719374","https://btimes.jp/hyogo/park/1912/"
"1903","姫路北野駐車場","34.847345","134.709717","https://btimes.jp/hyogo/park/1903/"
"36340","新在家1-3-7駐車場","34.840492","134.684272","https://btimes.jp/hyogo/park/36340/"
"44007","渡辺金属工業株式会社駐車場","34.839939","134.691555","https://btimes.jp/hyogo/park/44007/"
"1902","姫路八反田駐車場","34.840402","134.708505","https://btimes.jp/hyogo/park/1902/"
"1899","竹の門駐車場","34.836282","134.70849","https://btimes.jp/hyogo/park/1899/"
"46827","ビレッジハウス城東駐車場","34.833664","134.710626","https://btimes.jp/hyogo/park/46827/"
"44902","青山スポーツガーデン駐車場","34.838951","134.62698","https://btimes.jp/hyogo/park/44902/"
"1908","姫路野里第四駐車場","34.851445","134.712085","https://btimes.jp/hyogo/park/1908/"
"1907","姫路野里二駐車場","34.851","134.711685","https://btimes.jp/hyogo/park/1907/"
"1906","姫路野里一駐車場","34.850873","134.711597","https://btimes.jp/hyogo/park/1906/"
"40798","ＪＲ野里駅前第２駐車場","34.853537","134.714992","https://btimes.jp/hyogo/park/40798/"
"1905","姫路野里三駐車場","34.850685","134.711475","https://btimes.jp/hyogo/park/1905/"
"1910","姫路高町駐車場","34.853842","134.71578","https://btimes.jp/hyogo/park/1910/"
"1904","姫路長塚駐車場","34.850134","134.711179","https://btimes.jp/hyogo/park/1904/"
"40919","タイムズマンスリー姫路西中島駐車場","34.849848","134.710991","https://btimes.jp/hyogo/park/40919/"
"33077","サニーフラット辻井駐車場","34.847298","134.67363","https://btimes.jp/hyogo/park/33077/"
"40920","タイムズ姫路西中島第２駐車場","34.848582","134.710351","https://btimes.jp/hyogo/park/40920/"
"51936","風花（マンション前）","34.850303","134.713773","https://btimes.jp/hyogo/park/51936/"
"45513","風花駐車場","34.850172","134.71419","https://btimes.jp/hyogo/park/45513/"
"35564","ハイツ砥堀駐車場","34.863442","134.731681","https://btimes.jp/hyogo/park/35564/"
"1900","姫路京口一駐車場","34.839186","134.708497","https://btimes.jp/hyogo/park/1900/"
"1901","姫路京口二駐車場","34.839056","134.708502","https://btimes.jp/hyogo/park/1901/"
"40921","タイムズマンスリー姫路城東町駐車場","34.83634","134.70847","https://btimes.jp/hyogo/park/40921/"
"35529","パレス高岡駐車場","34.838288","134.660316","https://btimes.jp/hyogo/park/35529/"
"29098","ＪＲ香呂駅前駐車場","34.908355","134.738618","https://btimes.jp/hyogo/park/29098/"
"42122","姫路広畑区西蒲田駐車場","34.833489","134.642816","https://btimes.jp/hyogo/park/42122/"
"60988","尾上町長田409-1パティスリーピケ駐車場","34.739872","134.825478","https://btimes.jp/hyogo/park/60988/"
"1927","新野辺第二駐車場","34.735459","134.841626","https://btimes.jp/hyogo/park/1927/"
"1928","新野辺第二駐車場","34.735459","134.841626","https://btimes.jp/hyogo/park/1928/"
"65272","平岡町西谷200-4駐車場","34.736826","134.873903","https://btimes.jp/hyogo/park/65272/"
"46830","ビレッジハウス宮の前駐車場","34.748987","134.86353","https://btimes.jp/hyogo/park/46830/"
"1895","新野辺駐車場","34.735055","134.842136","https://btimes.jp/hyogo/park/1895/"
"47010","尾上町今福168-4駐車場","34.744608","134.826294","https://btimes.jp/hyogo/park/47010/"
"1892","本荘第二駐車場","34.718461","134.867056","https://btimes.jp/hyogo/park/1892/"
"43945","マンスリー高砂駅前駐車場","34.749233","134.805939","https://btimes.jp/hyogo/park/43945/"
"64108","【JR宝殿駅徒歩３分！】  JR宝殿駅北駐車場","34.781073","134.816991","https://btimes.jp/hyogo/park/64108/"
"1929","高砂荒井駐車場","34.760403","134.80602","https://btimes.jp/hyogo/park/1929/"
"1330","荒井町東本町954-6駐車場","34.758245","134.799102","https://btimes.jp/hyogo/park/1330/"
"1930","牛谷東駐車場","34.786769","134.76916","https://btimes.jp/hyogo/park/1930/"
"46504","加古川町北在家駐車場","34.754454","134.840874","https://btimes.jp/hyogo/park/46504/"
"61072","曽根町2866番64サンクスS駐車場","34.767449","134.773868","https://btimes.jp/hyogo/park/61072/"
"39218","第一山洋地所パーキング","34.778543","134.757861","https://btimes.jp/hyogo/park/39218/"
"29102","高砂米田駐車場","34.778898","134.811684","https://btimes.jp/hyogo/park/29102/"
"32919","マンスリー加古川米田町駐車場","34.772247","134.828319","https://btimes.jp/hyogo/park/32919/"
"32040","マンスリータイムズＪＲ加古川駅北駐車場","34.766689","134.845301","https://btimes.jp/hyogo/park/32040/"
"32501","ＪＲ加古川駅北第１０駐車場","34.762884","134.846153","https://btimes.jp/hyogo/park/32501/"
"1931","牛谷駐車場","34.792657","134.762948","https://btimes.jp/hyogo/park/1931/"
"1932","牛谷駐車場","34.792657","134.762948","https://btimes.jp/hyogo/park/1932/"
"50409","ＵＲ大久保東第三団地駐車場","34.700024","134.947971","https://btimes.jp/hyogo/park/50409/"
"40057","ＵＲ大久保東第二団地駐車場","34.700443","134.951119","https://btimes.jp/hyogo/park/40057/"
"60625","ＵＲ大久保東第二団地駐車場","34.700002","134.951009","https://btimes.jp/hyogo/park/60625/"
"36629","大久保町茜3丁目駐車場","34.691979","134.937952","https://btimes.jp/hyogo/park/36629/"
"42029","明石市魚住町錦が丘３丁目３駐車場","34.692386","134.912328","https://btimes.jp/hyogo/park/42029/"
"51293","ル・シエル錦が丘駐車場","34.696636","134.908283","https://btimes.jp/hyogo/park/51293/"
"64474","ソレイユS・T2駐車場","34.688114","134.907689","https://btimes.jp/hyogo/park/64474/"
"46829","ビレッジハウス奥北野駐車場","34.671019","134.942003","https://btimes.jp/hyogo/park/46829/"
"55410","東二見駅前駐車場","34.696771","134.891986","https://btimes.jp/hyogo/park/55410/"
"46828","ビレッジハウス東二見駐車場","34.697619","134.891305","https://btimes.jp/hyogo/park/46828/"
"31847","二見町東二見字狭間424－2駐車場","34.694836","134.891231","https://btimes.jp/hyogo/park/31847/"
"27646","東二見駅北駐車場","34.699575","134.889606","https://btimes.jp/hyogo/park/27646/"
"31086","公社城の宮第一住宅駐車場","34.725856","134.880184","https://btimes.jp/hyogo/park/31086/"
"33232","神戸市西区玉津町水谷駐車場","34.671997","134.999417","https://btimes.jp/hyogo/park/33232/"
"65515","平岡町高畑駐車場","34.739006","134.878469","https://btimes.jp/hyogo/park/65515/"
"1888","中尾駐車場","34.691147","134.909956","https://btimes.jp/hyogo/park/1888/"
"1890","西岡駐車場","34.693643","134.906564","https://btimes.jp/hyogo/park/1890/"
"25754","グランディール駐車場","34.669436","134.979947","https://btimes.jp/hyogo/park/25754/"
"56778","小野第２駐車場","34.840028","134.93663","https://btimes.jp/hyogo/park/56778/"
"33083","世奈駐車場","34.926062","134.972781","https://btimes.jp/hyogo/park/33083/"
"48683","東水戸駅駐車場","36.358942","140.518598","https://btimes.jp/ibaraki/park/48683/"
"46263","カラオケ館 水戸元吉田店駐車場","36.356072","140.477032","https://btimes.jp/ibaraki/park/46263/"
"46365","水戸支店構内第２駐車場","36.370326","140.490698","https://btimes.jp/ibaraki/park/46365/"
"30802","ジェイアールバス関東(株)水戸支店駐車場","36.37059","140.490634","https://btimes.jp/ibaraki/park/30802/"
"65259","【コンパクトカー・軽専用】水戸南町１丁目フジタビル駐車場","36.37226","140.476215","https://btimes.jp/ibaraki/park/65259/"
"48682","常澄駅第２駐車場","36.337329","140.562706","https://btimes.jp/ibaraki/park/48682/"
"43141","サンユーストアー千波店駐車場","36.350957","140.446568","https://btimes.jp/ibaraki/park/43141/"
"3361","酒バッカス駐車場","36.318566","140.442087","https://btimes.jp/ibaraki/park/3361/"
"30696","北見町パーキング","36.377012","140.473635","https://btimes.jp/ibaraki/park/30696/"
"44071","北見町パーキング","36.377012","140.473635","https://btimes.jp/ibaraki/park/44071/"
"44072","北見町パーキング","36.377012","140.473635","https://btimes.jp/ibaraki/park/44072/"
"38332","コメリ茨城町店駐車場","36.324597","140.418951","https://btimes.jp/ibaraki/park/38332/"
"8094","海門町駐車場","36.335751","140.595624","https://btimes.jp/ibaraki/park/8094/"
"8095","海門町駐車場","36.335751","140.595624","https://btimes.jp/ibaraki/park/8095/"
"43663","天貝駐車場","36.339527","140.599964","https://btimes.jp/ibaraki/park/43663/"
"8097","平磯町駐車場","36.35226","140.614747","https://btimes.jp/ibaraki/park/8097/"
"42397","めし処原屋前駐車場駐車場","36.354492","140.616834","https://btimes.jp/ibaraki/park/42397/"
"52869","阿字ヶ浦駅前駐車場","36.380085","140.615834","https://btimes.jp/ibaraki/park/52869/"
"52870","磯崎駅駐車場","36.374893","140.621456","https://btimes.jp/ibaraki/park/52870/"
"32353","コナカ那珂店駐車場","36.441721","140.504468","https://btimes.jp/ibaraki/park/32353/"
"48178","道の駅 かさまキャンピングカー専用駐車場","36.352818","140.277207","https://btimes.jp/ibaraki/park/48178/"
"46242","羽鳥駅駐車場","36.244815","140.28967","https://btimes.jp/ibaraki/park/46242/"
"36705","濱よし駐車場","36.507888","140.61159","https://btimes.jp/ibaraki/park/36705/"
"44361","コメリパワー石岡店駐車場","36.197918","140.308668","https://btimes.jp/ibaraki/park/44361/"
"56879","笠間駐車場","36.369803","140.250841","https://btimes.jp/ibaraki/park/56879/"
"56880","笠間（小山方）","36.370288","140.248813","https://btimes.jp/ibaraki/park/56880/"
"38276","コメリ笠間店駐車場","36.380066","140.247171","https://btimes.jp/ibaraki/park/38276/"
"48879","カラオケ館 石岡店駐車場","36.189098","140.295766","https://btimes.jp/ibaraki/park/48879/"
"56889","高浜","36.159878","140.297742","https://btimes.jp/ibaraki/park/56889/"
"40207","明生治療院駐車場","36.564997","140.640038","https://btimes.jp/ibaraki/park/40207/"
"40208","鮎川町5丁目　月極砂利駐車場","36.564958","140.64037","https://btimes.jp/ibaraki/park/40208/"
"40210","鮎川町5丁目　月極舗装駐車場","36.565976","140.640665","https://btimes.jp/ibaraki/park/40210/"
"61324","助川町1丁目駐車場","36.592207","140.653003","https://btimes.jp/ibaraki/park/61324/"
"48242","タイムズ日立鹿島町第２駐車場","36.59213","140.655868","https://btimes.jp/ibaraki/park/48242/"
"43138","サンユーストアー東町店駐車場","36.596308","140.671605","https://btimes.jp/ibaraki/park/43138/"
"26199","土浦市板谷4丁目669駐車場","36.114043","140.203049","https://btimes.jp/ibaraki/park/26199/"
"33533","パワー桜川店駐車場","36.349518","140.079016","https://btimes.jp/ibaraki/park/33533/"
"31282","土浦駅前駐車場","36.073937","140.208641","https://btimes.jp/ibaraki/park/31282/"
"31293","土浦支店構内駐車場","36.067841","140.202312","https://btimes.jp/ibaraki/park/31293/"
"33514","トップツクバ駐車場","36.10876","140.11257","https://btimes.jp/ibaraki/park/33514/"
"41543","悠遊パーキング","36.103069","140.110334","https://btimes.jp/ibaraki/park/41543/"
"33468","シャルムマリエール駐車場","36.102486","140.106333","https://btimes.jp/ibaraki/park/33468/"
"33393","レジデンスひかり駐車場","36.10139","140.104264","https://btimes.jp/ibaraki/park/33393/"
"44498","レジデンスひかり駐車場","36.10139","140.104264","https://btimes.jp/ibaraki/park/44498/"
"56454","天久保3丁目3-1メゾン・ド・ヴィラージュ駐車場","36.102235","140.10159","https://btimes.jp/ibaraki/park/56454/"
"38967","KASUYON駐車場","36.09969","140.100841","https://btimes.jp/ibaraki/park/38967/"
"42999","つくば研究支援センター専用駐車場","36.059771","140.126305","https://btimes.jp/ibaraki/park/42999/"
"43000","つくば研究支援センター専用駐車場","36.059771","140.126305","https://btimes.jp/ibaraki/park/43000/"
"44496","シャトウ春日D棟駐車場","36.086559","140.098902","https://btimes.jp/ibaraki/park/44496/"
"44497","シャトウ春日D棟駐車場","36.086559","140.098902","https://btimes.jp/ibaraki/park/44497/"
"32372","コナカつくば研究学園店駐車場","36.080578","140.094019","https://btimes.jp/ibaraki/park/32372/"
"40042","ノーブル野村駐車場","36.068224","140.104356","https://btimes.jp/ibaraki/park/40042/"
"57001","烏山","36.647654","140.158386","https://btimes.jp/tochigi/park/57001/"
"52611","ドラッグセイムス牛久ひたち野西店駐車場","36.008132","140.159799","https://btimes.jp/ibaraki/park/52611/"
"44362","コメリパワーつくば西店駐車場","36.06528","140.043182","https://btimes.jp/ibaraki/park/44362/"
"53347","タイムズ土浦大和町第２","36.0762","140.205587","https://btimes.jp/ibaraki/park/53347/"
"565","タイムズ水戸城南第２駐車場","36.362504","140.481115","https://btimes.jp/ibaraki/park/565/"
"55395","千波町1663-6キャッスル葉山駐車場","36.354375","140.463645","https://btimes.jp/ibaraki/park/55395/"
"57300","水戸千波大橋下","36.367671","140.471818","https://btimes.jp/ibaraki/park/57300/"
"8093","湊本町第3駐車場オレンジライン","36.339387","140.598018","https://btimes.jp/ibaraki/park/8093/"
"8092","湊本町第2駐車場ホワイトライン","36.33941","140.598084","https://btimes.jp/ibaraki/park/8092/"
"51584","ダイシエル駐車場","36.375447","140.412242","https://btimes.jp/ibaraki/park/51584/"
"26198","土浦市板谷4丁目　オラシオン土浦駐車場","36.114046","140.203087","https://btimes.jp/ibaraki/park/26198/"
"45104","花畑近隣公園駐車場","36.129072","140.097808","https://btimes.jp/ibaraki/park/45104/"
"45356","タイムズつくば東新井駐車場","36.07243","140.115019","https://btimes.jp/ibaraki/park/45356/"
"43001","つくば研究支援センター専用駐車場","36.059771","140.126305","https://btimes.jp/ibaraki/park/43001/"
"41516","東洋館小禄駐車場","26.189729","127.681694","https://btimes.jp/okinawa/park/41516/"
"855","タイムズカー中部店駐車場","26.374588","127.75644","https://btimes.jp/okinawa/park/855/"
"46817","ビレッジハウス阿波根駐車場","26.148576","127.675238","https://btimes.jp/okinawa/park/46817/"
"55981","RVパーク国立公園引田・鳴門ぴんぴん亭駐車場","34.202646","134.449928","https://btimes.jp/tokushima/park/55981/"
"64626","撫養町弁財天38-7駐車場","34.17914","134.619247","https://btimes.jp/tokushima/park/64626/"
"43753","とくとくターミナル上り駐車場","34.139954","134.579372","https://btimes.jp/tokushima/park/43753/"
"55021","西新町５丁目駐車場","34.07238","134.545034","https://btimes.jp/tokushima/park/55021/"
"59475","山城町駐車場","34.048962","134.56377","https://btimes.jp/tokushima/park/59475/"
"55022","西新浜町２丁目駐車場","34.038529","134.5634","https://btimes.jp/tokushima/park/55022/"
"33417","コメリ津名店駐車場","34.43505","134.880951","https://btimes.jp/hyogo/park/33417/"
"35203","松島町2-18-16駐車場","34.333879","134.069109","https://btimes.jp/kagawa/park/35203/"
"52205","西海岸室津ビーチ前パーキング","34.514251","134.878554","https://btimes.jp/hyogo/park/52205/"
"48255","今里町駐車場","34.322655","134.065263","https://btimes.jp/kagawa/park/48255/"
"1247","米忠第1駐車場","34.515616","134.88475","https://btimes.jp/hyogo/park/1247/"
"1243","米忠第2駐車場","34.518518","134.882683","https://btimes.jp/hyogo/park/1243/"
"1300","伏石町2167-12 駐車場","34.303766","134.060761","https://btimes.jp/kagawa/park/1300/"
"38988","伏石第一駐車場（軽専用）","34.311789","134.052995","https://btimes.jp/kagawa/park/38988/"
"59074","紙町５５番地駐車場","34.313852","134.040564","https://btimes.jp/kagawa/park/59074/"
"36321","太田駐車場","34.290127","134.042248","https://btimes.jp/kagawa/park/36321/"
"38989","太田駐車場","34.290127","134.042248","https://btimes.jp/kagawa/park/38989/"
"56828","新北町月極駐車場","34.349066","134.026967","https://btimes.jp/kagawa/park/56828/"
"52669","フレンド・ハイツ外部駐車場　","34.283525","134.01106","https://btimes.jp/kagawa/park/52669/"
"59187","ビレッジハウス牛窓駐車場","34.613075","134.136852","https://btimes.jp/okayama/park/59187/"
"56657","西大寺浜駐車場","34.644842","134.041442","https://btimes.jp/okayama/park/56657/"
"54038","貴崎1丁目駐車場","34.650716","134.970263","https://btimes.jp/hyogo/park/54038/"
"43883","西大寺グランドホテル第１駐車場","34.652637","134.036592","https://btimes.jp/okayama/park/43883/"
"43884","西大寺グランドホテル　第２駐車場","34.652478","134.036424","https://btimes.jp/okayama/park/43884/"
"38273","西新町第２駐車場","34.646968","134.974649","https://btimes.jp/hyogo/park/38273/"
"43178","あかり薬局上南店駐車場","34.632386","134.015499","https://btimes.jp/okayama/park/43178/"
"53857","ＵＲサンラフレ明石駐車場","34.651213","134.975142","https://btimes.jp/hyogo/park/53857/"
"53858","ＵＲサンラフレ明石駐車場","34.651352","134.975055","https://btimes.jp/hyogo/park/53858/"
"53856","ＵＲサンラフレ明石駐車場","34.651179","134.975368","https://btimes.jp/hyogo/park/53856/"
"47709","明石市旭が丘駐車場","34.666341","134.973672","https://btimes.jp/hyogo/park/47709/"
"46794","ビレッジハウス松崎駐車場","34.656617","134.020019","https://btimes.jp/okayama/park/46794/"
"52845","パーキングアイコー駐車場","34.652474","134.002168","https://btimes.jp/okayama/park/52845/"
"53695","学生会館Uni E'meal (ユニエミール）徳島住吉駐車場","34.074343","134.569499","https://btimes.jp/tokushima/park/53695/"
"55020","徳島市住吉１丁目駐車場","34.070263","134.567052","https://btimes.jp/tokushima/park/55020/"
"36308","アルベール屋島駐車場","34.338263","134.109671","https://btimes.jp/kagawa/park/36308/"
"36303","サンビレッジ木太C棟駐車場","34.323851","134.086011","https://btimes.jp/kagawa/park/36303/"
"36320","サンビレッジ木太B棟駐車場","34.323716","134.085995","https://btimes.jp/kagawa/park/36320/"
"36312","サンビレッジ木太A棟駐車場","34.323637","134.085988","https://btimes.jp/kagawa/park/36312/"
"1246","米忠第5駐車場","34.516991","134.881313","https://btimes.jp/hyogo/park/1246/"
"51251","グレイス中野町駐車場","34.331179","134.045821","https://btimes.jp/kagawa/park/51251/"
"38383","西新町第２駐車場","34.64716","134.973836","https://btimes.jp/hyogo/park/38383/"
"38382","西新町第２駐車場","34.646813","134.97528","https://btimes.jp/hyogo/park/38382/"
"32788","西明石第１１駐車場","34.660449","134.967802","https://btimes.jp/hyogo/park/32788/"
"41843","明石市港町３駐車場","34.639239","134.991278","https://btimes.jp/hyogo/park/41843/"
"32757","明石本町第４駐車場","34.642252","134.993434","https://btimes.jp/hyogo/park/32757/"
"58417","FK西明石東町駐車場","34.66182","134.975026","https://btimes.jp/hyogo/park/58417/"
"58945","ビレッジハウス本巣駐車場","35.479511","136.670143","https://btimes.jp/gifu/park/58945/"
"64036","ビレッジハウス巣南町西駐車場","35.412364","136.653726","https://btimes.jp/gifu/park/64036/"
"38327","コメリ木之本店駐車場","35.50009","136.218974","https://btimes.jp/shiga/park/38327/"
"58885","ビレッジハウス曽我屋駐車場","35.429989","136.707664","https://btimes.jp/gifu/park/58885/"
"46826","ビレッジハウス高富駐車場","35.491852","136.793405","https://btimes.jp/gifu/park/46826/"
"58886","ビレッジハウス岐阜タワー駐車場","35.425295","136.7214","https://btimes.jp/gifu/park/58886/"
"38771","マンスリー垂井駅前駐車場","35.366326","136.535537","https://btimes.jp/gifu/park/38771/"
"58942","ビレッジハウス巣南駐車場","35.386052","136.65832","https://btimes.jp/gifu/park/58942/"
"44930","鷺山駐車場","35.439396","136.761986","https://btimes.jp/gifu/park/44930/"
"59329","ヴィラパーシモン駐車場","35.441506","136.767181","https://btimes.jp/gifu/park/59329/"
"46832","ビレッジハウス南小足第二駐車場","35.390806","136.315164","https://btimes.jp/shiga/park/46832/"
"54226","早田東町７丁目第２駐車場","35.435636","136.766765","https://btimes.jp/gifu/park/54226/"
"54225","早田東町７丁目第１駐車場","35.435496","136.766856","https://btimes.jp/gifu/park/54225/"
"54234","早田東町３丁目駐車場","35.436167","136.768774","https://btimes.jp/gifu/park/54234/"
"64103","万代町駐車場","35.442113","136.776564","https://btimes.jp/gifu/park/64103/"
"48555","長良丘2丁目駐車場","35.438773","136.774936","https://btimes.jp/gifu/park/48555/"
"50191","パーキング鹿島7駐車場","35.410165","136.736747","https://btimes.jp/gifu/park/50191/"
"42369","マンスリー岐阜春日町駐車場","35.41688","136.756672","https://btimes.jp/gifu/park/42369/"
"61582","近江長岡駅前駐車場","35.357263","136.377771","https://btimes.jp/shiga/park/61582/"
"2621","寺内町5-16-1駐車場","35.352659","136.616291","https://btimes.jp/gifu/park/2621/"
"45673","タイムズ岐阜駅南第４内バイク月極駐車場","35.405003","136.760872","https://btimes.jp/gifu/park/45673/"
"45976","吉村ビル駐車場","35.413695","136.780937","https://btimes.jp/gifu/park/45976/"
"65025","三ツ矢町駐車場","35.382909","136.27293","https://btimes.jp/shiga/park/65025/"
"46831","ビレッジハウス加田駐車場","35.363654","136.302191","https://btimes.jp/shiga/park/46831/"
"28001","祈年町3-11-18駐車場","35.400716","136.772426","https://btimes.jp/gifu/park/28001/"
"53456","ちはるパーキング","35.399781","136.776875","https://btimes.jp/gifu/park/53456/"
"53614","ちはるパーキング","35.399781","136.776875","https://btimes.jp/gifu/park/53614/"
"46874","ビレッジハウス津内駐車場","35.64074","136.069452","https://btimes.jp/fukui/park/46874/"
"33615","コメリ美濃店駐車場","35.528508","136.908685","https://btimes.jp/gifu/park/33615/"
"58921","ビレッジハウス小屋名駐車場","35.480355","136.879472","https://btimes.jp/gifu/park/58921/"
"33537","コメリパワー武生駐車場","35.917895","136.192959","https://btimes.jp/fukui/park/33537/"
"52598","ドラッグユタカ笠松店駐車場","35.371814","136.76179","https://btimes.jp/gifu/park/52598/"
"60882","柳津パーキング","35.361114","136.743231","https://btimes.jp/gifu/park/60882/"
"58981","ビレッジハウス小瀬駐車場","35.489845","136.892874","https://btimes.jp/gifu/park/58981/"
"58982","ビレッジハウス小瀬駐車場","35.489845","136.892874","https://btimes.jp/gifu/park/58982/"
"32064","たなべ工務店駐車場","35.923437","136.188151","https://btimes.jp/fukui/park/32064/"
"58979","ビレッジハウス関駐車場","35.488726","136.907182","https://btimes.jp/gifu/park/58979/"
"60075","那加新加納町3872駐車場","35.393439","136.823883","https://btimes.jp/gifu/park/60075/"
"46825","ビレッジハウス羽島駐車場","35.333772","136.734811","https://btimes.jp/gifu/park/46825/"
"58939","ビレッジハウス各務原駐車場","35.392341","136.831213","https://btimes.jp/gifu/park/58939/"
"61231","各務原市那加北栄町28-1駐車場","35.395444","136.842372","https://btimes.jp/gifu/park/61231/"
"33375","コメリ鯖江店駐車場","35.962318","136.193691","https://btimes.jp/fukui/park/33375/"
"64197","明生町5-1-39駐車場","35.46975","136.926489","https://btimes.jp/gifu/park/64197/"
"45977","シャロームハイツ駐車場","35.399712","136.91046","https://btimes.jp/gifu/park/45977/"
"64315","UR都市機構　江南団地駐車場","35.353053","136.859121","https://btimes.jp/aichi/park/64315/"
"60558","UR都市機構　江南団地西駐車場","35.349676","136.856525","https://btimes.jp/aichi/park/60558/"
"60559","UR都市機構　江南団地東駐車場","35.351321","136.860295","https://btimes.jp/aichi/park/60559/"
"58929","ビレッジハウス田原駐車場","35.442211","136.958082","https://btimes.jp/gifu/park/58929/"
"45166","琵琶湖　湖畔RVガーデンキャンプスペース","35.422405","136.046609","https://btimes.jp/shiga/park/45166/"
"50542","UR都市機構　緑苑東団地駐車場","35.410721","136.952893","https://btimes.jp/gifu/park/50542/"
"956","浜分27-1駐車場","35.414995","136.048344","https://btimes.jp/shiga/park/956/"
"63526","60038フォーリア砂場駐車場","35.334636","136.878777","https://btimes.jp/aichi/park/63526/"
"63529","69981カメラート別契約駐車場","35.353999","136.907689","https://btimes.jp/aichi/park/63529/"
"54379","FK犬山四日市パーキング","35.37737","136.935302","https://btimes.jp/aichi/park/54379/"
"58933","ビレッジハウス境松駐車場","35.450712","136.998486","https://btimes.jp/gifu/park/58933/"
"42768","秀英予備校 犬山駅前校駐車場","35.372595","136.950649","https://btimes.jp/aichi/park/42768/"
"46824","ビレッジハウス羽黒駐車場","35.34859","136.947274","https://btimes.jp/aichi/park/46824/"
"63527","60049パインテラス2A駐車場","35.345","136.956019","https://btimes.jp/aichi/park/63527/"
"54224","早田東町ココス駐車場","35.434476","136.765511","https://btimes.jp/gifu/park/54224/"
"56652","FK岐阜市泉町駐車場","35.424677","136.766433","https://btimes.jp/gifu/park/56652/"
"46470","タイムズ岐阜春日町内駐車場","35.416999","136.756463","https://btimes.jp/gifu/park/46470/"
"46423","タイムズ柳ケ瀬通内駐車場","35.416854","136.756361","https://btimes.jp/gifu/park/46423/"
"42370","マンスリー岐阜春日町駐車場","35.41688","136.756672","https://btimes.jp/gifu/park/42370/"
"46482","タイムズ柳ケ瀬通６丁目内駐車場","35.416328","136.7574","https://btimes.jp/gifu/park/46482/"
"54469","コーポラス無限１駐車場","35.395479","136.280154","https://btimes.jp/shiga/park/54469/"
"46432","タイムズ岐阜真砂町第３内駐車場","35.413076","136.755682","https://btimes.jp/gifu/park/46432/"
"48300","香蘭月極駐車場","35.406772","136.746247","https://btimes.jp/gifu/park/48300/"
"59895","岐阜街道月極駐車場","35.407321","136.750774","https://btimes.jp/gifu/park/59895/"
"53725","タイムズ岐阜真砂町第５駐車場","35.410802","136.756771","https://btimes.jp/gifu/park/53725/"
"48053","タイムズ岐阜蕪城町第２内駐車場","35.413303","136.762258","https://btimes.jp/gifu/park/48053/"
"48298","愛宕月極駐車場","35.406981","136.753263","https://btimes.jp/gifu/park/48298/"
"48297","真砂月極駐車場","35.406845","136.755091","https://btimes.jp/gifu/park/48297/"
"46492","タイムズ岐阜溝旗町内軽専用駐車場","35.409998","136.767704","https://btimes.jp/gifu/park/46492/"
"52022","M・A・FLAT１、２駐車場","35.389495","136.736493","https://btimes.jp/gifu/park/52022/"
"35471","タイムズ長浜黒壁スクエア前駐車場","35.377365","136.271861","https://btimes.jp/shiga/park/35471/"
"41270","敦賀本町第２駐車場","35.650854","136.077335","https://btimes.jp/fukui/park/41270/"
"30275","たなべ工務店駐車場","35.923437","136.188151","https://btimes.jp/fukui/park/30275/"
"29961","たなべ工務店駐車場","35.924171","136.188162","https://btimes.jp/fukui/park/29961/"
"58951","ビレッジハウス岐南駐車場","35.378255","136.803769","https://btimes.jp/gifu/park/58951/"
"63786","FKダブルクルーAB駐車場","35.402616","136.843864","https://btimes.jp/gifu/park/63786/"
"48296","木曽川駅北月極駐車場","35.346531","136.784013","https://btimes.jp/aichi/park/48296/"
"56811","140710メゾンコメショー駐車場","35.334431","136.870611","https://btimes.jp/aichi/park/56811/"
"48312","鵜沼駅第１月極駐車場","35.394899","136.94779","https://btimes.jp/gifu/park/48312/"
"43751","河津町浜駐車場","34.742035","139.001167","https://btimes.jp/shizuoka/park/43751/"
"43752","河津町浜駐車場","34.742035","139.001167","https://btimes.jp/shizuoka/park/43752/"
"57559","松原湯端","34.969928","139.094608","https://btimes.jp/shizuoka/park/57559/"
"57067","伊東運転区","34.972799","139.095249","https://btimes.jp/shizuoka/park/57067/"
"42669","秀英予備校 伊東校駐車場","34.969011","139.098621","https://btimes.jp/shizuoka/park/42669/"
"65443","物見ケ丘駐車場","34.961222","139.108563","https://btimes.jp/shizuoka/park/65443/"
"60437","十足船迫邸私道駐車場","34.923955","139.102877","https://btimes.jp/shizuoka/park/60437/"
"59511","宇佐美ステーションサイド・パーキング","35.001295","139.082669","https://btimes.jp/shizuoka/park/59511/"
"57069","伊豆多賀駅","35.055531","139.070089","https://btimes.jp/shizuoka/park/57069/"
"57605","丹那トンネル上部","35.095458","139.065474","https://btimes.jp/shizuoka/park/57605/"
"42804","秀英予備校 湯河原校駐車場","35.14275","139.110734","https://btimes.jp/kanagawa/park/42804/"
"47754","プレゴ 湯河原店駐車場","35.142415","139.118351","https://btimes.jp/kanagawa/park/47754/"
"1371","熱函自動車センター駐車場","35.097936","139.008354","https://btimes.jp/shizuoka/park/1371/"
"63614","平井1740-243駐車場","35.08387","139.005026","https://btimes.jp/shizuoka/park/63614/"
"36557","タイムズマンスリー熱海泉五軒町駐車場","35.141335","139.079467","https://btimes.jp/shizuoka/park/36557/"
"57619","熱海駅第二","35.101706","139.082315","https://btimes.jp/shizuoka/park/57619/"
"57618","熱海駅第三","35.101972","139.082793","https://btimes.jp/shizuoka/park/57618/"
"55085","熱海来宮神社第４駐車場","35.096239","139.066381","https://btimes.jp/shizuoka/park/55085/"
"57632","来宮駅","35.095363","139.069162","https://btimes.jp/shizuoka/park/57632/"
"52864","熱海中央町","35.092112","139.075605","https://btimes.jp/shizuoka/park/52864/"
"57617","湯河原宮下","35.138506","139.099439","https://btimes.jp/kanagawa/park/57617/"
"58066","HAKONATURE BASE　バイク駐車場","35.229159","139.104161","https://btimes.jp/kanagawa/park/58066/"
"58082","HAKONATURE BASE　自動車駐車場","35.229253","139.104433","https://btimes.jp/kanagawa/park/58082/"
"50490","箱根湯本835駐車場","35.23061","139.112029","https://btimes.jp/kanagawa/park/50490/"
"44448","箱根湯本196月極駐車場","35.228846","139.115033","https://btimes.jp/kanagawa/park/44448/"
"44449","箱根湯本196月極駐車場","35.228846","139.115033","https://btimes.jp/kanagawa/park/44449/"
"907","強羅駐車場","35.246955","139.050798","https://btimes.jp/kanagawa/park/907/"
"66018","駅近パーキング大雄山","35.315474","139.104523","https://btimes.jp/kanagawa/park/66018/"
"45148","中沼23駐車場","35.307685","139.116796","https://btimes.jp/kanagawa/park/45148/"
"60610","マンスリー箱根仙石原　予約駐車場","35.271226","139.013024","https://btimes.jp/kanagawa/park/60610/"
"45145","中沼468駐車場","35.309307","139.116704","https://btimes.jp/kanagawa/park/45145/"
"55951","南足柄中沼駐車場","35.30994","139.117373","https://btimes.jp/kanagawa/park/55951/"
"45147","中沼588-2駐車場","35.310262","139.119082","https://btimes.jp/kanagawa/park/45147/"
"26581","伊豆急城ヶ崎海岸駅駐車場","34.886833","139.125058","https://btimes.jp/shizuoka/park/26581/"
"35067","アウラナオキ後藤駐車場","35.152234","139.134006","https://btimes.jp/kanagawa/park/35067/"
"50448","後藤駐車場","35.152194","139.133956","https://btimes.jp/kanagawa/park/50448/"
"50774","マンスリー早川駐車場","35.232546","139.14787","https://btimes.jp/kanagawa/park/50774/"
"63923","早川駅前","35.236006","139.148654","https://btimes.jp/kanagawa/park/63923/"
"52034","メゾン本町三の丸駐車場","35.244462","139.160017","https://btimes.jp/kanagawa/park/52034/"
"61041","小田原市民会館跡地横駐車場","35.247123","139.1621","https://btimes.jp/kanagawa/park/61041/"
"8103","第二板橋駐車場","35.241935","139.14958","https://btimes.jp/kanagawa/park/8103/"
"41580","SOUTH HILL小田原城前駐車場","35.249039","139.160022","https://btimes.jp/kanagawa/park/41580/"
"46962","箱根ターンパイクA駐車場","35.240045","139.144974","https://btimes.jp/kanagawa/park/46962/"
"54284","箱根ターンパイクB駐車場","35.240581","139.14482","https://btimes.jp/kanagawa/park/54284/"
"8008","箱根ターンパイク　Ｃ駐車場","35.241443","139.144277","https://btimes.jp/kanagawa/park/8008/"
"57101","根府川駅第二","35.199293","139.141378","https://btimes.jp/kanagawa/park/57101/"
"57087","玉川橋梁","35.222245","139.143894","https://btimes.jp/kanagawa/park/57087/"
"65903","小田原本町４丁目","35.241176","139.159075","https://btimes.jp/kanagawa/park/65903/"
"53912","マンスリー早川第２駐車場","35.23488","139.149526","https://btimes.jp/kanagawa/park/53912/"
"57591","早川橋梁西側","35.238803","139.149655","https://btimes.jp/kanagawa/park/57591/"
"57592","早川橋梁東側","35.240453","139.150764","https://btimes.jp/kanagawa/park/57592/"
"53237","マリーノエル高田駐車場","35.287333","139.192939","https://btimes.jp/kanagawa/park/53237/"
"40583","宮ノ脇駐車場","35.284731","139.18661","https://btimes.jp/kanagawa/park/40583/"
"65618","鴨宮437月極杉山駐車場駐車場","35.280772","139.181822","https://btimes.jp/kanagawa/park/65618/"
"65880","鴨宮437駐車場","35.280631","139.181846","https://btimes.jp/kanagawa/park/65880/"
"41822","成田282-11駐車場","35.288926","139.172211","https://btimes.jp/kanagawa/park/41822/"
"57169","鴨宮駅バイク","35.27241","139.184354","https://btimes.jp/kanagawa/park/57169/"
"57230","鴨宮駅南口","35.27241","139.183628","https://btimes.jp/kanagawa/park/57230/"
"39046","富士見ハイツ駐車場","35.268919","139.187191","https://btimes.jp/kanagawa/park/39046/"
"54570","小八幡3-10-16駐車場","35.271934","139.204841","https://btimes.jp/kanagawa/park/54570/"
"55759","酒匂中学校前","35.262043","139.190258","https://btimes.jp/kanagawa/park/55759/"
"53238","グリーンパーキング159駐車場","35.284427","139.155566","https://btimes.jp/kanagawa/park/53238/"
"59317","蓮正寺駐車場","35.287103","139.155219","https://btimes.jp/kanagawa/park/59317/"
"43634","堀之内79駐車場","35.295105","139.150821","https://btimes.jp/kanagawa/park/43634/"
"60382","シャーメゾンえみため駐車場","35.292886","139.147782","https://btimes.jp/kanagawa/park/60382/"
"46529","コンセール小田原中町賃貸駐車場","35.253652","139.172377","https://btimes.jp/kanagawa/park/46529/"
"57600","第一緑高架下","35.257305","139.162456","https://btimes.jp/kanagawa/park/57600/"
"47249","SEIWA駐車場","35.305892","139.128291","https://btimes.jp/kanagawa/park/47249/"
"57090","御殿場線高架下第三","35.277899","139.211493","https://btimes.jp/kanagawa/park/57090/"
"57089","御殿場線高架下","35.277746","139.211601","https://btimes.jp/kanagawa/park/57089/"
"53808","グリーンパーキング159駐車場","35.284427","139.155566","https://btimes.jp/kanagawa/park/53808/"
"45986","ベルルーチェ駐車場","35.265622","139.162022","https://btimes.jp/kanagawa/park/45986/"
"57602","第三町田高架下","35.260626","139.165884","https://btimes.jp/kanagawa/park/57602/"
"54314","扇町1-25-8駐車場","35.259149","139.161736","https://btimes.jp/kanagawa/park/54314/"
"57071","井細田高架下","35.257881","139.162982","https://btimes.jp/kanagawa/park/57071/"
"57604","第二緑高架下","35.25632","139.161681","https://btimes.jp/kanagawa/park/57604/"
"55057","エストレージャ開成駐車場","35.320822","139.137474","https://btimes.jp/kanagawa/park/55057/"
"55098","エストレージャ開成軽専用駐車場","35.320805","139.137426","https://btimes.jp/kanagawa/park/55098/"
"44359","アークこいそ駐車場","35.307652","139.311399","https://btimes.jp/kanagawa/park/44359/"
"52964","西小磯1297駐車場","35.308967","139.303633","https://btimes.jp/kanagawa/park/52964/"
"59563","B 大磯町国府本郷駐車場","35.30253","139.289655","https://btimes.jp/kanagawa/park/59563/"
"57613","竹縄","35.313202","139.324018","https://btimes.jp/kanagawa/park/57613/"
"59052","花水台　B駐車場","35.313305","139.337745","https://btimes.jp/kanagawa/park/59052/"
"57595","大磯高麗","35.319402","139.336174","https://btimes.jp/kanagawa/park/57595/"
"57627","平塚錦町第二","35.323423","139.34676","https://btimes.jp/kanagawa/park/57627/"
"35837","サニーウェル中里駐車場","35.306731","139.250342","https://btimes.jp/kanagawa/park/35837/"
"61712","イトマンスポーツスクエア平塚店　予約駐車場","35.324494","139.35669","https://btimes.jp/kanagawa/park/61712/"
"28097","ラ・メール・ド・オオイソ駐車場","35.309688","139.32592","https://btimes.jp/kanagawa/park/28097/"
"65916","高来神社前","35.317592","139.328863","https://btimes.jp/kanagawa/park/65916/"
"40028","平塚3-9-23駐車場","35.323511","139.339497","https://btimes.jp/kanagawa/park/40028/"
"30132","平塚２丁目駐車場","35.324666","139.3408","https://btimes.jp/kanagawa/park/30132/"
"53043","平塚２丁目駐車場","35.326936","139.340891","https://btimes.jp/kanagawa/park/53043/"
"65909","平塚宮の前第７","35.328501","139.353565","https://btimes.jp/kanagawa/park/65909/"
"55558","エトワール宮の前駐車場","35.327739","139.355486","https://btimes.jp/kanagawa/park/55558/"
"65911","平塚宮の前第８","35.329257","139.354477","https://btimes.jp/kanagawa/park/65911/"
"814","タイムズカー平塚店駐車場","35.329372","139.354478","https://btimes.jp/kanagawa/park/814/"
"60455","湘南辻堂海岸（場内）駐車場","35.317025","139.456965","https://btimes.jp/kanagawa/park/60455/"
"35878","イーストヒルズ駐車場","35.320762","139.429116","https://btimes.jp/kanagawa/park/35878/"
"60592","富士見町16-8ＫＲビル駐車場","35.323953","139.440736","https://btimes.jp/kanagawa/park/60592/"
"64362","湘南辻堂東海岸第２駐車場","35.323536","139.459261","https://btimes.jp/kanagawa/park/64362/"
"55700","【軽専用】茅ヶ崎旭が丘駐車場","35.326401","139.425626","https://btimes.jp/kanagawa/park/55700/"
"55699","【小型】茅ヶ崎旭が丘駐車場","35.326408","139.425565","https://btimes.jp/kanagawa/park/55699/"
"60371","辻堂元町3丁目15番24-2号駐車場","35.327096","139.455255","https://btimes.jp/kanagawa/park/60371/"
"53743","辻堂３丁目駐車場","35.328669","139.449624","https://btimes.jp/kanagawa/park/53743/"
"64561","辻堂太平台1-13-3クレール太平台駐車場駐車場","35.324544","139.466083","https://btimes.jp/kanagawa/park/64561/"
"28160","片瀬海岸三丁目駐車場","35.309725","139.484638","https://btimes.jp/kanagawa/park/28160/"
"54330","クレ・ド・湘南駐車場","35.323271","139.474998","https://btimes.jp/kanagawa/park/54330/"
"65156","ヘーベル鵠沼駐車場","35.317541","139.48479","https://btimes.jp/kanagawa/park/65156/"
"54998","エリティエール湘南駐車場","35.331301","139.462726","https://btimes.jp/kanagawa/park/54998/"
"38889","鵠沼松が岡1-1-1トミタライフ鵠沼駐車場","35.317432","139.485378","https://btimes.jp/kanagawa/park/38889/"
"48869","片瀬5-5-8駐車場","35.316844","139.4873","https://btimes.jp/kanagawa/park/48869/"
"53789","南湖4-3-9-3駐車場","35.320753","139.397117","https://btimes.jp/kanagawa/park/53789/"
"45561","コンフォール茅ヶ崎浜見平駐車場","35.32203","139.392008","https://btimes.jp/kanagawa/park/45561/"
"63839","ヴィラシャンベール 駐車場","35.331182","139.483408","https://btimes.jp/kanagawa/park/63839/"
"39426","浜之郷駐車場","35.329704","139.394642","https://btimes.jp/kanagawa/park/39426/"
"60818","レオパレス海駐車場","35.327732","139.376428","https://btimes.jp/kanagawa/park/60818/"
"60727","レオパレス愛駐車場","35.329","139.376052","https://btimes.jp/kanagawa/park/60727/"
"59723","湘南辻堂海岸　予約スペース駐車場","35.317304","139.456954","https://btimes.jp/kanagawa/park/59723/"
"65906","鵠沼海岸第７","35.314398","139.467926","https://btimes.jp/kanagawa/park/65906/"
"905","片瀬海岸第２駐車場","35.30717","139.484388","https://btimes.jp/kanagawa/park/905/"
"47586","エスペランサ湘南駐車場","35.328889","139.451634","https://btimes.jp/kanagawa/park/47586/"
"65896","片瀬江の島駅前第２","35.306541","139.486583","https://btimes.jp/kanagawa/park/65896/"
"41053","鵠沼松が岡4-12-7駐車場","35.319612","139.475699","https://btimes.jp/kanagawa/park/41053/"
"29177","ホワイトハウス駐車場","35.325856","139.411201","https://btimes.jp/kanagawa/park/29177/"
"42132","メゾン湘南江の島パーキング","35.309911","139.489549","https://btimes.jp/kanagawa/park/42132/"
"29280","鎌倉腰越駐車場","35.306409","139.49334","https://btimes.jp/kanagawa/park/29280/"
"29281","鎌倉腰越駐車場","35.306409","139.49334","https://btimes.jp/kanagawa/park/29281/"
"59516","フォレスト　ヒルズ駐車場","35.330519","139.468624","https://btimes.jp/kanagawa/park/59516/"
"42613","テルージュ茅ヶ崎駐車場","35.323883","139.398149","https://btimes.jp/kanagawa/park/42613/"
"56691","茅ヶ崎十間坂３丁目B 軽専用駐車場","35.327998","139.400081","https://btimes.jp/kanagawa/park/56691/"
"56690","茅ヶ崎十間坂３丁目B駐車場","35.328022","139.400105","https://btimes.jp/kanagawa/park/56690/"
"56761","メゾン鵠沼石上駐車場","35.329106","139.491592","https://btimes.jp/kanagawa/park/56761/"
"46070","京急城ヶ島駐車場","35.13348","139.615821","https://btimes.jp/kanagawa/park/46070/"
"32113","尾上町16-8駐車場","35.147261","139.619505","https://btimes.jp/kanagawa/park/32113/"
"65501","逗子ヒルサイドハウス駐車場","35.294361","139.571672","https://btimes.jp/kanagawa/park/65501/"
"41686","オーシャンズ１１駐車場","35.295508","139.574303","https://btimes.jp/kanagawa/park/41686/"
"35305","逗子駐車場","35.288206","139.582862","https://btimes.jp/kanagawa/park/35305/"
"41687","逗子市久木9-3-45駐車場","35.3024","139.572936","https://btimes.jp/kanagawa/park/41687/"
"50886","葉山堀内第２駐車場","35.272475","139.576471","https://btimes.jp/kanagawa/park/50886/"
"39544","葉山MAKE’S駐車場","35.272523","139.581755","https://btimes.jp/kanagawa/park/39544/"
"59533","京浜急行バス　鎌倉営業所第2車庫駐車場","35.30706","139.549547","https://btimes.jp/kanagawa/park/59533/"
"42967","長柄1413-49駐車場","35.284545","139.593409","https://btimes.jp/kanagawa/park/42967/"
"64800","逗子桜山ハイツ駐車場","35.293503","139.594546","https://btimes.jp/kanagawa/park/64800/"
"63947","葉山ステーション前　葉山長柄駐車場　","35.285325","139.598844","https://btimes.jp/kanagawa/park/63947/"
"58065","ブランカ逗子駐車場","35.295486","139.598297","https://btimes.jp/kanagawa/park/58065/"
"58064","クレール逗子駐車場","35.29549","139.598493","https://btimes.jp/kanagawa/park/58064/"
"45464","ノートルダム鎌倉駐車場","35.315152","139.579027","https://btimes.jp/kanagawa/park/45464/"
"45118","鎌倉雪ノ下駐車場","35.320326","139.565472","https://btimes.jp/kanagawa/park/45118/"
"40639","極楽寺１丁目4ー13ー１駐車場","35.304483","139.530903","https://btimes.jp/kanagawa/park/40639/"
"65956","【鷹取山登山口 入口付近】沼間2丁目（A-3）駐車場","35.298534","139.603898","https://btimes.jp/kanagawa/park/65956/"
"47169","鎌倉宮前駐車場","35.322558","139.569091","https://btimes.jp/kanagawa/park/47169/"
"47170","鎌倉宮前駐車場","35.322563","139.569092","https://btimes.jp/kanagawa/park/47170/"
"64890","【沼間交番付近】沼間3丁目（A-8）駐車場","35.293666","139.60844","https://btimes.jp/kanagawa/park/64890/"
"65569","【沼間交番付近】沼間3丁目（A-8）駐車場","35.293666","139.60844","https://btimes.jp/kanagawa/park/65569/"
"52093","山ノ内128駐車場","35.328209","139.554877","https://btimes.jp/kanagawa/park/52093/"
"7981","山ノ内144駐車場","35.328638","139.554059","https://btimes.jp/kanagawa/park/7981/"
"30602","山ノ内144駐車場","35.328638","139.554059","https://btimes.jp/kanagawa/park/30602/"
"60332","湘南鷹取2-14-15駐車場","35.302486","139.62315","https://btimes.jp/kanagawa/park/60332/"
"45447","ディアス鎌倉駐車場","35.326144","139.518561","https://btimes.jp/kanagawa/park/45447/"
"66160","鎌倉青果地方卸売市場バス駐車場","35.331527","139.514624","https://btimes.jp/kanagawa/park/66160/"
"45194","サニーホームズ駐車場","35.332408","139.509755","https://btimes.jp/kanagawa/park/45194/"
"52308","鎌倉二階堂駐車場","35.321599","139.566236","https://btimes.jp/kanagawa/park/52308/"
"30776","六浦東駐車場","35.315963","139.624727","https://btimes.jp/kanagawa/park/30776/"
"36637","逗子海岸駐車場","35.289991","139.569433","https://btimes.jp/kanagawa/park/36637/"
"40333","逗子駐車場","35.293472","139.584546","https://btimes.jp/kanagawa/park/40333/"
"58247","Ｚｏｎａ　ＶＥＲＤＥ駐車場","35.295215","139.584232","https://btimes.jp/kanagawa/park/58247/"
"43362","堀内745-1コスタルテ葉山駐車場","35.272162","139.581815","https://btimes.jp/kanagawa/park/43362/"
"28210","リブリ鎌倉材木座パーキング","35.306136","139.550801","https://btimes.jp/kanagawa/park/28210/"
"57078","鎌倉駅","35.315172","139.553701","https://btimes.jp/kanagawa/park/57078/"
"50564","マンスリー極楽寺駅前駐車場","35.304786","139.530865","https://btimes.jp/kanagawa/park/50564/"
"39590","マーレ七里ヶ浜駐車場","35.306105","139.520177","https://btimes.jp/kanagawa/park/39590/"
"48210","建長寺西駐車場","35.329166","139.5533","https://btimes.jp/kanagawa/park/48210/"
"57561","沼間","35.292245","139.620878","https://btimes.jp/kanagawa/park/57561/"
"29360","ルマシャンテ駐車場","35.328373","139.606842","https://btimes.jp/kanagawa/park/29360/"
"33305","湘南記念病院前駐車場","35.325614","139.520776","https://btimes.jp/kanagawa/park/33305/"
"35293","マンスリー鎌倉腰越１丁目駐車場","35.305022","139.501364","https://btimes.jp/kanagawa/park/35293/"
"45461","エミネンス鎌倉駐車場","35.326815","139.513466","https://btimes.jp/kanagawa/park/45461/"
"43202","のびハウス駐車場","35.20626","139.693962","https://btimes.jp/kanagawa/park/43202/"
"3229","津久井駐車場","35.195164","139.673766","https://btimes.jp/kanagawa/park/3229/"
"51340","KuRi4 Haus駐車場","35.225682","139.705273","https://btimes.jp/kanagawa/park/51340/"
"43207","太郎崎公園パーキング","35.231561","139.696903","https://btimes.jp/kanagawa/park/43207/"
"46893","上宮田1117-5駐車場","35.187349","139.662825","https://btimes.jp/kanagawa/park/46893/"
"43205","グリーランド駐車場","35.233607","139.696314","https://btimes.jp/kanagawa/park/43205/"
"62817","グリーランド２番館屋内駐車場","35.233977","139.696162","https://btimes.jp/kanagawa/park/62817/"
"43206","内川駐車場","35.234538","139.696474","https://btimes.jp/kanagawa/park/43206/"
"35486","京急三浦海岸第１駐車場","35.184248","139.655563","https://btimes.jp/kanagawa/park/35486/"
"60338","高梨パーキング","35.241668","139.69139","https://btimes.jp/kanagawa/park/60338/"
"35502","京急三浦海岸第３駐車場","35.182397","139.652873","https://btimes.jp/kanagawa/park/35502/"
"49672","三浦市南下浦町上宮田3212-6駐車場","35.181314","139.652463","https://btimes.jp/kanagawa/park/49672/"
"45332","西浦賀5丁目　砂利第1駐車場","35.234685","139.722315","https://btimes.jp/kanagawa/park/45332/"
"65504","森崎４丁目パーキング","35.243614","139.676044","https://btimes.jp/kanagawa/park/65504/"
"3230","林高架橋駐車場　第３","35.21416","139.640691","https://btimes.jp/kanagawa/park/3230/"
"65035","石渡第三駐車場","35.247333","139.697115","https://btimes.jp/kanagawa/park/65035/"
"65077","石渡第三駐車場","35.247333","139.697115","https://btimes.jp/kanagawa/park/65077/"
"32603","東浦賀2-23-5駐車場","35.238042","139.728114","https://btimes.jp/kanagawa/park/32603/"
"57785","浅葉駐車場","35.220906","139.636613","https://btimes.jp/kanagawa/park/57785/"
"35478","京急浦賀第1駐車場","35.249566","139.718441","https://btimes.jp/kanagawa/park/35478/"
"59454","三崎口駅前駐車場","35.174484","139.636951","https://btimes.jp/kanagawa/park/59454/"
"59094","ＣＬＡＩＲ　ＫＡＷＡＳＡＫＩ駐車場","35.206492","139.688012","https://btimes.jp/kanagawa/park/59094/"
"31474","久里浜第７駐車場","35.226019","139.70373","https://btimes.jp/kanagawa/park/31474/"
"45833","横須賀内川駐車場","35.22988","139.69838","https://btimes.jp/kanagawa/park/45833/"
"35485","京急久里浜海岸駐車場","35.222016","139.715961","https://btimes.jp/kanagawa/park/35485/"
"57086","久里浜駅","35.22942","139.704784","https://btimes.jp/kanagawa/park/57086/"
"50930","横須賀森崎駐車場","35.247204","139.684274","https://btimes.jp/kanagawa/park/50930/"
"31505","小矢部駐車場","35.247651","139.670099","https://btimes.jp/kanagawa/park/31505/"
"30687","汐見高架橋駐車場","35.281216","139.658548","https://btimes.jp/kanagawa/park/30687/"
"57074","横須賀坂本駐車場","35.271791","139.660867","https://btimes.jp/kanagawa/park/57074/"
"57084","吉倉トンネル出口","35.282746","139.654548","https://btimes.jp/kanagawa/park/57084/"
"46861","ビレッジハウス不入斗駐車場","35.26141","139.66325","https://btimes.jp/kanagawa/park/46861/"
"57615","田浦駅西口第二","35.289285","139.641029","https://btimes.jp/kanagawa/park/57615/"
"50885","浦上台３丁目パーキング","35.251852","139.718834","https://btimes.jp/kanagawa/park/50885/"
"48339","浦上台2-31-6駐車場","35.250454","139.716767","https://btimes.jp/kanagawa/park/48339/"
"60381","横浜市金沢区町屋町駐車場","35.330691","139.633441","https://btimes.jp/kanagawa/park/60381/"
"65884","アビバ三春町店","35.265993","139.685934","https://btimes.jp/kanagawa/park/65884/"
"57072","横須賀トンネル脇","35.279678","139.660633","https://btimes.jp/kanagawa/park/57072/"
"57073","横須賀駅","35.281102","139.659172","https://btimes.jp/kanagawa/park/57073/"
"50390","横須賀大津駐車場","35.258428","139.70142","https://btimes.jp/kanagawa/park/50390/"
"52734","鶴が丘１丁目駐車場","35.263532","139.663718","https://btimes.jp/kanagawa/park/52734/"
"42542","衣笠栄町第５駐車場","35.253238","139.668635","https://btimes.jp/kanagawa/park/42542/"
"57137","Parking in 衣笠駅前バイク月極","35.254538","139.664313","https://btimes.jp/kanagawa/park/57137/"
"35484","京急観音崎駐車場","35.250068","139.740068","https://btimes.jp/kanagawa/park/35484/"
"52558","乙舳町駐車場","35.326312","139.635446","https://btimes.jp/kanagawa/park/52558/"
"46003","マンスリー横浜平潟町第３駐車場","35.329986","139.633751","https://btimes.jp/kanagawa/park/46003/"
"48672","横浜平潟町第３駐車場","35.330114","139.633496","https://btimes.jp/kanagawa/park/48672/"
"33571","コメリパワー館山店駐車場","34.976611","139.873586","https://btimes.jp/chiba/park/33571/"
"46875","富津市金谷２２８０駐車場","35.166367","139.82409","https://btimes.jp/chiba/park/46875/"
"31564","富津1645駐車場","35.312047","139.823842","https://btimes.jp/chiba/park/31564/"
"36560","千倉町平館６７２－１０駐車場","34.950068","139.963202","https://btimes.jp/chiba/park/36560/"
"7898","千倉平舘724駐車場","34.953042","139.96452","https://btimes.jp/chiba/park/7898/"
"36559","千倉町瀬戸２２５１駐車場","34.973055","139.958043","https://btimes.jp/chiba/park/36559/"
"44502","BOTAN君津店駐車場","35.330164","139.886819","https://btimes.jp/chiba/park/44502/"
"31888","福井城東駐車場","36.058562","136.234313","https://btimes.jp/fukui/park/31888/"
"44874","福井市文京1-18-27駐車場","36.074378","136.226496","https://btimes.jp/fukui/park/44874/"
"30801","極楽湯・福井店駐車場","36.07172","136.24261","https://btimes.jp/fukui/park/30801/"
"40597","新田塚1丁目7018番駐車場","36.087015","136.211648","https://btimes.jp/fukui/park/40597/"
"33538","コメリパワー坂井店駐車場","36.169354","136.224032","https://btimes.jp/fukui/park/33538/"
"43023","福井堂島町駐車場","36.091308","136.261762","https://btimes.jp/fukui/park/43023/"
"59344","タイムズ加賀温泉駅南第2駐車場","36.31541","136.352486","https://btimes.jp/ishikawa/park/59344/"
"33572","コメリ勝山店駐車場","36.07382","136.481357","https://btimes.jp/fukui/park/33572/"
"46187","ビレッジハウス小松第二駐車場","36.338214","136.428219","https://btimes.jp/ishikawa/park/46187/"
"63631","長崎町3丁目126駐車場","36.418787","136.437437","https://btimes.jp/ishikawa/park/63631/"
"58758","ビレッジハウス岩内","36.451227","136.570249","https://btimes.jp/ishikawa/park/58758/"
"51791","南四十万２丁目ＭＴパーキング","36.494465","136.620959","https://btimes.jp/ishikawa/park/51791/"
"58756","ビレッジハウス成町","36.533496","136.556997","https://btimes.jp/ishikawa/park/58756/"
"57875","コメリパワー白山店駐車場","36.542183","136.589158","https://btimes.jp/ishikawa/park/57875/"
"54232","ビレッジハウス金沢タワー","36.546214","136.591904","https://btimes.jp/ishikawa/park/54232/"
"63989","IRいしかわ鉄道野々市駅前駐車場","36.539992","136.60428","https://btimes.jp/ishikawa/park/63989/"
"51911","神野町２Kパーキング","36.561775","136.59781","https://btimes.jp/ishikawa/park/51911/"
"51690","サクラ駐車場","36.574344","136.623839","https://btimes.jp/ishikawa/park/51690/"
"51890","竹村桜田パーキング","36.574865","136.624218","https://btimes.jp/ishikawa/park/51890/"
"61101","ＤａｎｋｅIII　月極駐車場","36.527911","136.568922","https://btimes.jp/ishikawa/park/61101/"
"51707","上荒屋６丁目駐車場","36.551136","136.590267","https://btimes.jp/ishikawa/park/51707/"
"51742","野々市二日市町駐車場","36.535718","136.601306","https://btimes.jp/ishikawa/park/51742/"
"51889","御経塚１丁目Ｈ駐車場","36.541544","136.601785","https://btimes.jp/ishikawa/park/51889/"
"51906","あすなろＫ月極駐車場","36.543064","136.604056","https://btimes.jp/ishikawa/park/51906/"
"51855","森戸２丁目パーキング","36.555554","136.601048","https://btimes.jp/ishikawa/park/51855/"
"51711","クワトロパーキング","36.564077","136.594488","https://btimes.jp/ishikawa/park/51711/"
"51904","森戸１丁目Ｕ駐車場","36.556957","136.602387","https://btimes.jp/ishikawa/park/51904/"
"51825","八日市４丁目Ｓ駐車場","36.544459","136.609739","https://btimes.jp/ishikawa/park/51825/"
"51705","田村パーキング","36.544731","136.612055","https://btimes.jp/ishikawa/park/51705/"
"51755","黒田２丁目駐車場","36.555945","136.616542","https://btimes.jp/ishikawa/park/51755/"
"51652","安田駐車場","36.503935","136.618462","https://btimes.jp/ishikawa/park/51652/"
"51689","百万石パーキング","36.50358","136.623625","https://btimes.jp/ishikawa/park/51689/"
"51726","桜田Ｎパーキング","36.574346","136.624174","https://btimes.jp/ishikawa/park/51726/"
"51706","桜田５５パーキング","36.575567","136.623409","https://btimes.jp/ishikawa/park/51706/"
"51734","松村みつろばし駐車場","36.579495","136.619666","https://btimes.jp/ishikawa/park/51734/"
"51681","田中パーキング","36.582934","136.617508","https://btimes.jp/ishikawa/park/51681/"
"51684","田中駐車場","36.582525","136.618884","https://btimes.jp/ishikawa/park/51684/"
"55621","藤江南２丁目Ｆパーキング","36.583227","136.623649","https://btimes.jp/ishikawa/park/55621/"
"51766","畝田中２丁目Ｎパーキング","36.593476","136.613428","https://btimes.jp/ishikawa/park/51766/"
"51757","畝田西Ｎ第１駐車場","36.591996","136.612034","https://btimes.jp/ishikawa/park/51757/"
"65129","畝田西2丁目 K工場の前駐車場","36.590487","136.611676","https://btimes.jp/ishikawa/park/65129/"
"51753","畝田中Ａパーキング","36.59244","136.615471","https://btimes.jp/ishikawa/park/51753/"
"51794","ノアパーキング","36.583911","136.618447","https://btimes.jp/ishikawa/park/51794/"
"51694","高橋駐車場","36.603176","136.600237","https://btimes.jp/ishikawa/park/51694/"
"51776","無量寺２丁目パーキング","36.601315","136.611051","https://btimes.jp/ishikawa/park/51776/"
"51809","谷口製材駐車場","36.596884","136.610586","https://btimes.jp/ishikawa/park/51809/"
"51761","畝田西Ｙ駐車場","36.595289","136.61121","https://btimes.jp/ishikawa/park/51761/"
"51762","観音堂Ｍパーキング","36.589427","136.605422","https://btimes.jp/ishikawa/park/51762/"
"51767","畝田西１丁目ＴＨパーキング","36.590278","136.609743","https://btimes.jp/ishikawa/park/51767/"
"51758","畝田東Ｎ第２駐車場","36.59251","136.616861","https://btimes.jp/ishikawa/park/51758/"
"51769","ニコちゃんパーキング","36.591431","136.616003","https://btimes.jp/ishikawa/park/51769/"
"51751","松村Ｏパーキング","36.58556","136.610138","https://btimes.jp/ishikawa/park/51751/"
"51759","畝田東Ａ第１駐車場","36.591219","136.618814","https://btimes.jp/ishikawa/park/51759/"
"51765","畝田東２丁目ＴＴパーキング","36.591162","136.619618","https://btimes.jp/ishikawa/park/51765/"
"51756","畝田東Ｋ駐車場","36.589938","136.61857","https://btimes.jp/ishikawa/park/51756/"
"51749","畝田東２丁目Ｍパーキング","36.589996","136.620857","https://btimes.jp/ishikawa/park/51749/"
"51754","松村１丁目Ｔ駐車場","36.584087","136.617548","https://btimes.jp/ishikawa/park/51754/"
"51892","松村１丁目Ｋ駐車場","36.584522","136.618166","https://btimes.jp/ishikawa/park/51892/"
"51814","藤江北Ｆｏｕｒパーキング","36.588324","136.623662","https://btimes.jp/ishikawa/park/51814/"
"51850","藤江北パーキング","36.585604","136.62157","https://btimes.jp/ishikawa/park/51850/"
"51650","長沢駐車場","36.584926","136.6209","https://btimes.jp/ishikawa/park/51650/"
"51788","藤江南勝喜駐車場","36.583873","136.622866","https://btimes.jp/ishikawa/park/51788/"
"51894","さの駐車場","36.54614","136.677012","https://btimes.jp/ishikawa/park/51894/"
"32934","寺町1-12-24駐車場","36.544826","136.659919","https://btimes.jp/ishikawa/park/32934/"
"58837","泉野５丁目ＨＪパーキング","36.540655","136.656217","https://btimes.jp/ishikawa/park/58837/"
"32636","材木町533駐車場","36.562881","136.673365","https://btimes.jp/ishikawa/park/32636/"
"32955","材木町845番2号駐車場","36.563369","136.674186","https://btimes.jp/ishikawa/park/32955/"
"32942","材木町844番2号駐車場","36.563349","136.674046","https://btimes.jp/ishikawa/park/32942/"
"33001","材木町844番2号駐車場","36.563349","136.674046","https://btimes.jp/ishikawa/park/33001/"
"27738","シェアP西方寺駐車場","36.551547","136.6531","https://btimes.jp/ishikawa/park/27738/"
"53166","タイムズ金沢兼六園北","36.56579","136.667423","https://btimes.jp/ishikawa/park/53166/"
"51800","たきや駐車場","36.543552","136.649422","https://btimes.jp/ishikawa/park/51800/"
"51828","弥生２丁目Ｎパーキング","36.544501","136.646702","https://btimes.jp/ishikawa/park/51828/"
"51833","有松２丁目Ｔパーキング","36.541139","136.642181","https://btimes.jp/ishikawa/park/51833/"
"51728","中村町１４０パーキング","36.556756","136.646922","https://btimes.jp/ishikawa/park/51728/"
"60798","寺地２丁目Ｍパーキング","36.534318","136.641629","https://btimes.jp/ishikawa/park/60798/"
"41137","金沢増泉第二駐車場","36.552857","136.642675","https://btimes.jp/ishikawa/park/41137/"
"41136","金沢増泉駐車場","36.553079","136.641204","https://btimes.jp/ishikawa/park/41136/"
"63774","金沢中央K駐車場","36.564912","136.648666","https://btimes.jp/ishikawa/park/63774/"
"51655","パーキング西泉","36.549375","136.634497","https://btimes.jp/ishikawa/park/51655/"
"51818","浅野本町Ａパーキング","36.582087","136.665","https://btimes.jp/ishikawa/park/51818/"
"51808","三馬１丁目Ｔパーキング","36.522571","136.632553","https://btimes.jp/ishikawa/park/51808/"
"35758","西金沢駅前駐車場","36.549401","136.627045","https://btimes.jp/ishikawa/park/35758/"
"51700","入江パーキング","36.561739","136.629328","https://btimes.jp/ishikawa/park/51700/"
"51723","東力四丁目パーキング","36.561457","136.62689","https://btimes.jp/ishikawa/park/51723/"
"51804","ともなつ駐車場","36.579731","136.636412","https://btimes.jp/ishikawa/park/51804/"
"51683","しじま台　野口駐車場","36.50168","136.625895","https://btimes.jp/ishikawa/park/51683/"
"51900","石引１丁目Ｈ駐車場","36.553694","136.673188","https://btimes.jp/ishikawa/park/51900/"
"51731","石引バス停前月極駐車場","36.554219","136.671668","https://btimes.jp/ishikawa/park/51731/"
"51895","加賀パーキング（菊川）","36.550247","136.663396","https://btimes.jp/ishikawa/park/51895/"
"51708","のと駐車場","36.558702","136.671674","https://btimes.jp/ishikawa/park/51708/"
"51669","緑ヶ丘パーキング","36.538538","136.657655","https://btimes.jp/ishikawa/park/51669/"
"27907","金沢兼六園東駐車場","36.560285","136.67056","https://btimes.jp/ishikawa/park/27907/"
"58838","泉野５丁目ＨＪパーキング","36.540655","136.656217","https://btimes.jp/ishikawa/park/58838/"
"51899","材木町ＳＵＮ駐車場","36.562826","136.671653","https://btimes.jp/ishikawa/park/51899/"
"48120","くるみパーキング","36.564963","136.668775","https://btimes.jp/ishikawa/park/48120/"
"39255","金沢柿木畠駐車場","36.557368","136.658792","https://btimes.jp/ishikawa/park/39255/"
"51827","兼六元町Ｎパーキング","36.5651","136.668184","https://btimes.jp/ishikawa/park/51827/"
"45358","タイムズ金沢大手町第２駐車場","36.566461","136.665983","https://btimes.jp/ishikawa/park/45358/"
"51646","コーラル駐車場","36.553008","136.649886","https://btimes.jp/ishikawa/park/51646/"
"51741","野町４丁目ＩＴ駐車場","36.550838","136.648779","https://btimes.jp/ishikawa/park/51741/"
"51844","野町２丁目Ｍ駐車場","36.553142","136.649693","https://btimes.jp/ishikawa/park/51844/"
"51821","泉１丁目Ｎパーキング","36.547049","136.646546","https://btimes.jp/ishikawa/park/51821/"
"51856","有松１丁目Ｍパーキング","36.541009","136.645237","https://btimes.jp/ishikawa/park/51856/"
"54775","タイムズ金沢ひがし茶屋街第４駐車場","36.570908","136.668697","https://btimes.jp/ishikawa/park/54775/"
"51697","有松１丁目パーキング","36.539472","136.64471","https://btimes.jp/ishikawa/park/51697/"
"51806","泉３丁目Ｅパーキング","36.542861","136.644947","https://btimes.jp/ishikawa/park/51806/"
"51803","増泉１丁目パーキング","36.554224","136.64785","https://btimes.jp/ishikawa/park/51803/"
"51668","有松パーキング","36.534553","136.643783","https://btimes.jp/ishikawa/park/51668/"
"48846","D-BOX中村町駐車場","36.55585","136.647669","https://btimes.jp/ishikawa/park/48846/"
"51740","森山ＮＹパーキング","36.573761","136.668797","https://btimes.jp/ishikawa/park/51740/"
"51658","中正パーキング","36.559352","136.647339","https://btimes.jp/ishikawa/park/51658/"
"51909","彦三町２丁目Ｔパーキング２","36.57118","136.660456","https://btimes.jp/ishikawa/park/51909/"
"51863","中村町３４２パーキング","36.55918","136.647079","https://btimes.jp/ishikawa/park/51863/"
"51905","中村町Ｎ駐車場","36.559564","136.64718","https://btimes.jp/ishikawa/park/51905/"
"56521","フレグランスＴＫ月極駐車場","36.521615","136.644314","https://btimes.jp/ishikawa/park/56521/"
"51876","長土塀１丁目ＴＹパーキング","36.56549","136.651188","https://btimes.jp/ishikawa/park/51876/"
"51811","横安江東月極駐車場","36.57165","136.659208","https://btimes.jp/ishikawa/park/51811/"
"51849","玉川町Ｔパーキング","36.56955","136.655497","https://btimes.jp/ishikawa/park/51849/"
"51686","白銀パーキング","36.570279","136.655458","https://btimes.jp/ishikawa/park/51686/"
"51680","Ｓ・パーキング","36.569482","136.652894","https://btimes.jp/ishikawa/park/51680/"
"63780","芳斉2丁目GOパーキング","36.56879","136.652003","https://btimes.jp/ishikawa/park/63780/"
"63781","芳斉2丁目GOパーキング","36.56879","136.652003","https://btimes.jp/ishikawa/park/63781/"
"51784","山崎太可堂駐車場","36.570096","136.652911","https://btimes.jp/ishikawa/park/51784/"
"51654","芳斉駐車場","36.569752","136.652224","https://btimes.jp/ishikawa/park/51654/"
"51675","すずらん月極駐車場","36.571543","136.652664","https://btimes.jp/ishikawa/park/51675/"
"51649","本町駐車場","36.571215","136.652219","https://btimes.jp/ishikawa/park/51649/"
"51682","山崎パーキング","36.555916","136.639043","https://btimes.jp/ishikawa/park/51682/"
"51851","増泉４丁目Ｋパーキング","36.554157","136.637866","https://btimes.jp/ishikawa/park/51851/"
"51916","長土塀瀬沢パーキング１","36.566817","136.645985","https://btimes.jp/ishikawa/park/51916/"
"51917","長土塀瀬沢パーキング２","36.566774","136.645921","https://btimes.jp/ishikawa/park/51917/"
"51790","三社Ｓパーキング","36.568164","136.647211","https://btimes.jp/ishikawa/park/51790/"
"51737","久安５丁目Ｍパーキング","36.538783","136.633726","https://btimes.jp/ishikawa/park/51737/"
"48526","タイムズ金沢駅東口駐車場","36.575971","136.657429","https://btimes.jp/ishikawa/park/48526/"
"51843","昭和町Ｉパーキング","36.569754","136.64861","https://btimes.jp/ishikawa/park/51843/"
"51846","ウィルモア長土塀月極駐車場","36.565668","136.644318","https://btimes.jp/ishikawa/park/51846/"
"31475","金沢京町駐車場","36.577709","136.660273","https://btimes.jp/ishikawa/park/31475/"
"56347","田井ハイツ月極駐車場","36.559846","136.639372","https://btimes.jp/ishikawa/park/56347/"
"51831","ＴＭパーキング","36.581046","136.66669","https://btimes.jp/ishikawa/park/51831/"
"51796","エンジェルパーキング","36.570505","136.648296","https://btimes.jp/ishikawa/park/51796/"
"43714","横川町駐車場","36.536241","136.632574","https://btimes.jp/ishikawa/park/43714/"
"51656","元菊町パーキング","36.569077","136.646168","https://btimes.jp/ishikawa/park/51656/"
"55619","浅野本町Ｓパーキング","36.581995","136.66573","https://btimes.jp/ishikawa/park/55619/"
"51826","中橋町Ｆパーキング","36.572495","136.64685","https://btimes.jp/ishikawa/park/51826/"
"51666","本江町駐車場","36.564597","136.638861","https://btimes.jp/ishikawa/park/51666/"
"32651","【軽自動車専用】横川町駐車場","36.539321","136.629586","https://btimes.jp/ishikawa/park/32651/"
"45383","タイムズマンスリー金沢駅西口第４駐車場","36.579333","136.648107","https://btimes.jp/ishikawa/park/45383/"
"51653","パーキング駅西本町","36.57518","136.642548","https://btimes.jp/ishikawa/park/51653/"
"45384","タイムズマンスリー金沢駅西口第９駐車場","36.580489","136.647762","https://btimes.jp/ishikawa/park/45384/"
"51664","二口パーキング","36.573839","136.637079","https://btimes.jp/ishikawa/park/51664/"
"51858","シャンリヴィエール月極駐車場","36.512604","136.625533","https://btimes.jp/ishikawa/park/51858/"
"51661","駅西本町駐車場","36.580072","136.638691","https://btimes.jp/ishikawa/park/51661/"
"51662","若宮町駐車場","36.579004","136.635835","https://btimes.jp/ishikawa/park/51662/"
"51901","北町Ｎ駐車場","36.57831","136.63183","https://btimes.jp/ishikawa/park/51901/"
"51720","北町Ｋパーキング","36.58068","136.630136","https://btimes.jp/ishikawa/park/51720/"
"51881","太陽第二駐車場","36.583196","136.630749","https://btimes.jp/ishikawa/park/51881/"
"51685","山本駐車場","36.606087","136.65201","https://btimes.jp/ishikawa/park/51685/"
"60540","クラパーキング2","36.592692","136.648789","https://btimes.jp/ishikawa/park/60540/"
"60539","クラパーキング1","36.593524","136.647616","https://btimes.jp/ishikawa/park/60539/"
"51710","諸江Ｈ・Ｒパーキング","36.592855","136.646607","https://btimes.jp/ishikawa/park/51710/"
"51815","ローソン金沢問屋町一丁目店月極駐車場","36.604338","136.637843","https://btimes.jp/ishikawa/park/51815/"
"51674","諸江パーキング","36.586969","136.647997","https://btimes.jp/ishikawa/park/51674/"
"51799","粟崎町３丁目月極駐車場","36.623009","136.629286","https://btimes.jp/ishikawa/park/51799/"
"51663","８パーキング諸江","36.586887","136.647237","https://btimes.jp/ishikawa/park/51663/"
"33373","コメリ金沢大友店駐車場","36.600658","136.633755","https://btimes.jp/ishikawa/park/33373/"
"56663","ＲＯＺＡ　月極駐車場","36.584362","136.640553","https://btimes.jp/ishikawa/park/56663/"
"51665","中嶋駐車場","36.606944","136.701896","https://btimes.jp/ishikawa/park/51665/"
"47499","グランノア金沢駐車場","36.591757","136.672949","https://btimes.jp/ishikawa/park/47499/"
"51877","諸江Ｈ・Ｋパーキング","36.592661","136.646575","https://btimes.jp/ishikawa/park/51877/"
"51725","北安江パーキング","36.583624","136.653482","https://btimes.jp/ishikawa/park/51725/"
"51817","駅西新町２丁目ＫＩパーキング","36.591194","136.640963","https://btimes.jp/ishikawa/park/51817/"
"51868","北安江４丁目Ｎパーキング（旧パリエ北安江敷地外駐車場）","36.583472","136.64699","https://btimes.jp/ishikawa/park/51868/"
"51880","駅西新町３丁目Ｔパーキング","36.588788","136.636414","https://btimes.jp/ishikawa/park/51880/"
"51865","駅西新町３丁目Ｎパーキング","36.587872","136.636748","https://btimes.jp/ishikawa/park/51865/"
"51698","鞍月パーキング","36.594057","136.629818","https://btimes.jp/ishikawa/park/51698/"
"51782","北村パーキング","36.587464","136.630303","https://btimes.jp/ishikawa/park/51782/"
"51802","北村パーキング２","36.587409","136.630074","https://btimes.jp/ishikawa/park/51802/"
"51907","藤江北１丁目Ｓ駐車場","36.586205","136.62601","https://btimes.jp/ishikawa/park/51907/"
"51722","藤江北Ｎパーキング","36.584619","136.625343","https://btimes.jp/ishikawa/park/51722/"
"58761","ビレッジハウス小矢部駐車場","36.659996","136.857429","https://btimes.jp/toyama/park/58761/"
"7913","南砺市千福572駐車場","36.507874","136.891145","https://btimes.jp/toyama/park/7913/"
"33614","コメリパワー礪波店駐車場","36.640473","136.949414","https://btimes.jp/toyama/park/33614/"
"58762","ビレッジハウス砺波駐車場","36.649436","136.964938","https://btimes.jp/toyama/park/58762/"
"52548","アメリカンドラッグ御代田店駐車場","36.317206","138.508718","https://btimes.jp/nagano/park/52548/"
"40510","酒のスーパータカぎ佐久インター店駐車場","36.287679","138.493758","https://btimes.jp/nagano/park/40510/"
"29668","JRバス関東小諸支店駐車場","36.318433","138.432201","https://btimes.jp/nagano/park/29668/"
"40511","酒のスーパータカぎ軽井沢店駐車場","36.334483","138.592","https://btimes.jp/nagano/park/40511/"
"47413","中軽井沢第２駐車場","36.345486","138.594429","https://btimes.jp/nagano/park/47413/"
"47412","中軽井沢駐車場","36.345891","138.594453","https://btimes.jp/nagano/park/47412/"
"31291","滋野駅前駐車場","36.339467","138.366963","https://btimes.jp/nagano/park/31291/"
"59184","タイムズ軽井沢プリンスホテルスキー場第２駐車場","36.33882","138.644281","https://btimes.jp/nagano/park/59184/"
"33491","コメリ東部店駐車場","36.363707","138.350365","https://btimes.jp/nagano/park/33491/"
"38362","コメリ立科店駐車場","36.274193","138.324867","https://btimes.jp/nagano/park/38362/"
"50987","プライベートキャンピングサイト軽井沢","36.473249","138.580052","https://btimes.jp/gunma/park/50987/"
"36859","しなの鉄道大屋駅前駐車場","36.367233","138.297319","https://btimes.jp/nagano/park/36859/"
"40509","酒のスーパータカぎ上田神科店駐車場","36.404744","138.280961","https://btimes.jp/nagano/park/40509/"
"54532","酒のスーパータカぎ上田店駐車場","36.387963","138.269764","https://btimes.jp/nagano/park/54532/"
"48599","タイムズ上田駅温泉口駐車場","36.39235","138.2522","https://btimes.jp/nagano/park/48599/"
"52547","アメリカンドラッグ塩田店駐車場","36.361196","138.206186","https://btimes.jp/nagano/park/52547/"
"61631","ジェイアールバス関東長野原支店駐車場","36.548737","138.640521","https://btimes.jp/gunma/park/61631/"
"58693","【軽専用】原市第二県営住宅　Ｂ棟南側駐車場","36.313115","138.854323","https://btimes.jp/gunma/park/58693/"
"56969","磯部駅構内","36.295366","138.852649","https://btimes.jp/gunma/park/56969/"
"58692","【軽専用】原市第二県営住宅　Ａ棟西側駐車場","36.313282","138.854863","https://btimes.jp/gunma/park/58692/"
"65488","坂城駅駐車場","36.459174","138.184455","https://btimes.jp/nagano/park/65488/"
"58683","原市第一県営住宅　Ｄ棟南側駐車場","36.314728","138.863233","https://btimes.jp/gunma/park/58683/"
"63905","下磯部県営住宅　A棟北側駐車場","36.310202","138.875937","https://btimes.jp/gunma/park/63905/"
"52546","アメリカンドラッグ千曲上山田店駐車場","36.466375","138.152016","https://btimes.jp/nagano/park/52546/"
"57811","桐渕県営住宅K棟南側駐車場","36.249816","138.889477","https://btimes.jp/gunma/park/57811/"
"33609","コメリ富岡店駐車場","36.242892","138.894556","https://btimes.jp/gunma/park/33609/"
"57853","芝宮県営住宅第二駐車場","36.24492","138.901169","https://btimes.jp/gunma/park/57853/"
"57854","芝宮県営住宅A棟南側駐車場","36.244827","138.902511","https://btimes.jp/gunma/park/57854/"
"54702","酒のスーパータカぎ須坂インター店","36.632538","138.275688","https://btimes.jp/nagano/park/54702/"
"1597","町屋町708 _株式会社小林自動車ボデー駐車場","36.352655","138.941268","https://btimes.jp/gunma/park/1597/"
"54550","酒のスーパータカぎ更埴店駐車場","36.522989","138.127167","https://btimes.jp/nagano/park/54550/"
"38468","東犀南2900-28駐車場","36.583409","138.183938","https://btimes.jp/nagano/park/38468/"
"40507","酒のスーパータカぎ須坂店駐車場","36.651681","138.292404","https://btimes.jp/nagano/park/40507/"
"53815","金井淵県営住宅駐車場　HF棟南側","36.345828","138.959957","https://btimes.jp/gunma/park/53815/"
"42164","長野小島田バス停駐車場","36.597209","138.183334","https://btimes.jp/nagano/park/42164/"
"33411","コメリ高崎箕郷店駐車場","36.382556","138.960304","https://btimes.jp/gunma/park/33411/"
"44172","中之条町1786-2駐車場","36.58444","138.845867","https://btimes.jp/gunma/park/44172/"
"41819","ベルメゾン駐車場","36.646736","138.236661","https://btimes.jp/nagano/park/41819/"
"52545","アメリカンドラッグオワリベ店駐車場","36.646528","138.231251","https://btimes.jp/nagano/park/52545/"
"45417","中豊岡町駐車場","36.327435","138.98007","https://btimes.jp/gunma/park/45417/"
"57793","高田554カーサデサチ　駐車場","36.64196","138.216955","https://btimes.jp/nagano/park/57793/"
"32876","マンスリー若里駐車場","36.6315","138.19598","https://btimes.jp/nagano/park/32876/"
"59255","北久保県営住宅　A棟南西側駐車場","36.332968","138.986708","https://btimes.jp/gunma/park/59255/"
"48601","タイムズ長野駅東口駐車場","36.637769","138.192458","https://btimes.jp/nagano/park/48601/"
"47727","中大塩14-24駐車場","36.022057","138.189386","https://btimes.jp/nagano/park/47727/"
"45816","メゾンドパ－ムス駐車場","36.6431","138.183244","https://btimes.jp/nagano/park/45816/"
"47512","三輪池田パーキング","36.653356","138.199258","https://btimes.jp/nagano/park/47512/"
"48179","岡田町駐車場(親和会)","36.644834","138.185322","https://btimes.jp/nagano/park/48179/"
"41943","長野市鶴賀駐車場","36.652188","138.193329","https://btimes.jp/nagano/park/41943/"
"29824","三輪８丁目35-6駐車場","36.662078","138.204597","https://btimes.jp/nagano/park/29824/"
"64019","旭町1136駐車場","36.652715","138.186125","https://btimes.jp/nagano/park/64019/"
"64625","【コンパクトカー・軽専用】旭町1137駐車場","36.652887","138.186002","https://btimes.jp/nagano/park/64625/"
"55781","里山辺310駐車場","36.246179","138.004363","https://btimes.jp/nagano/park/55781/"
"66166","里山辺310美鈴湖南口ヒルクライム駐車場駐車場","36.246194","138.004349","https://btimes.jp/nagano/park/66166/"
"59445","上松1-3-31-2駐車場","36.663737","138.201647","https://btimes.jp/nagano/park/59445/"
"32443","箱清水3-13-9駐車場","36.661418","138.188096","https://btimes.jp/nagano/park/32443/"
"65936","上諏訪駅 牛山B駐車場","36.043759","138.121359","https://btimes.jp/nagano/park/65936/"
"43611","下諏訪駅前駐車場","36.06915","138.088178","https://btimes.jp/nagano/park/43611/"
"40514","酒のスーパータカぎ岡谷長地店駐車場","36.074015","138.073099","https://btimes.jp/nagano/park/40514/"
"49281","ホテル岡谷駐車場","36.055825","138.049045","https://btimes.jp/nagano/park/49281/"
"49282","ホテル岡谷駐車場","36.055825","138.049045","https://btimes.jp/nagano/park/49282/"
"31290","西上田駅前駐車場","36.414118","138.212219","https://btimes.jp/nagano/park/31290/"
"58742","ビレッジハウス坂城駐車場","36.441836","138.194256","https://btimes.jp/nagano/park/58742/"
"35002","草津駐車場","36.618222","138.593301","https://btimes.jp/gunma/park/35002/"
"35400","草津駐車場","36.618222","138.593301","https://btimes.jp/gunma/park/35400/"
"33430","ベイシア吾妻店駐車場","36.570668","138.827399","https://btimes.jp/gunma/park/33430/"
"48616","シャンピニオン ルージュ・ノワール駐車場","36.660449","138.234868","https://btimes.jp/nagano/park/48616/"
"48598","タイムズ北長野駅前駐車場","36.662422","138.22562","https://btimes.jp/nagano/park/48598/"
"39643","安茂里大門駐車場","36.632419","138.174887","https://btimes.jp/nagano/park/39643/"
"43009","タイムズ長野上千歳町駐車場","36.64595","138.192887","https://btimes.jp/nagano/park/43009/"
"48181","メゾンドパームス駐車場","36.643087","138.183106","https://btimes.jp/nagano/park/48181/"
"36686","清水2-1-12駐車場","36.033457","138.12571","https://btimes.jp/nagano/park/36686/"
"33607","コメリ会津坂下店駐車場","37.555861","139.844254","https://btimes.jp/fukushima/park/33607/"
"33490","コメリ喜多方店駐車場","37.638061","139.888829","https://btimes.jp/fukushima/park/33490/"
"47716","新発田市住吉町４丁目１５駐車場","37.940215","139.314764","https://btimes.jp/niigata/park/47716/"
"30573","【バイク専用】タイムズ新津駅パーク＆ライドバイク駐車場","37.797838","139.12468","https://btimes.jp/niigata/park/30573/"
"33536","コメリパワー新津店駐車場","37.786638","139.113841","https://btimes.jp/niigata/park/33536/"
"33612","コメリパワー新発田店駐車場","37.955562","139.301459","https://btimes.jp/niigata/park/33612/"
"63867","中野1丁目13駐車場","37.831695","139.118935","https://btimes.jp/niigata/park/63867/"
"44360","コメリハード＆グリーン加茂店駐車場","37.663036","139.039814","https://btimes.jp/niigata/park/44360/"
"54879","島見町1564-1北越オートサービス駐車場","37.962957","139.182776","https://btimes.jp/niigata/park/54879/"
"55013","東明5-8-24駐車場","37.896693","139.092496","https://btimes.jp/niigata/park/55013/"
"54280","上木戸3-3-12駐車場","37.920374","139.105041","https://btimes.jp/niigata/park/54280/"
"35454","村岡駐車場","37.885163","139.070581","https://btimes.jp/niigata/park/35454/"
"31196","日本こども福祉専門学校駐車場","37.910543","139.066739","https://btimes.jp/niigata/park/31196/"
"62704","マンスリー新潟万代5丁目駐車場","37.916999","139.064789","https://btimes.jp/niigata/park/62704/"
"27908","大島駐車場","37.877406","139.028259","https://btimes.jp/niigata/park/27908/"
"44213","大島月極駐車場","37.87757","139.028057","https://btimes.jp/niigata/park/44213/"
"27912","大島138駐車場","37.877546","139.027821","https://btimes.jp/niigata/park/27912/"
"38312","コメリ栃尾店駐車場","37.486336","139.000992","https://btimes.jp/niigata/park/38312/"
"52692","上大川前通７番町駐車場","37.919754","139.052202","https://btimes.jp/niigata/park/52692/"
"48199","白山浦１丁目駐車場","37.910938","139.0364","https://btimes.jp/niigata/park/48199/"
"58310","【軽専用】白山浦1-293-4駐車場","37.911763","139.035272","https://btimes.jp/niigata/park/58310/"
"58840","【軽専用】白山浦1-293-4駐車場","37.911763","139.035272","https://btimes.jp/niigata/park/58840/"
"64562","スタデュオ学校町駐車場","37.915559","139.036725","https://btimes.jp/niigata/park/64562/"
"34961","古津駅駐車場","37.770028","139.11813","https://btimes.jp/niigata/park/34961/"
"45212","新津駅西口駐車場","37.795572","139.123765","https://btimes.jp/niigata/park/45212/"
"46209","新津駅西口駐車場","37.796849","139.123327","https://btimes.jp/niigata/park/46209/"
"34952","さつき野駅駐車場","37.810279","139.120153","https://btimes.jp/niigata/park/34952/"
"34974","田上駅前駐車場","37.716161","139.078361","https://btimes.jp/niigata/park/34974/"
"46163","羽生田駅駐車場","37.690864","139.064234","https://btimes.jp/niigata/park/46163/"
"44979","荻川駅駐車場","37.830103","139.114916","https://btimes.jp/niigata/park/44979/"
"34959","加茂駅駐車場","37.654991","139.052032","https://btimes.jp/niigata/park/34959/"
"2077","会津若松駐車場(町北町)","37.504503","139.932573","https://btimes.jp/fukushima/park/2077/"
"2075","会津若松駅前町駐車場(B)","37.505611","139.933775","https://btimes.jp/fukushima/park/2075/"
"2076","会津若松駅東駐車場(A・B)","37.50432","139.93319","https://btimes.jp/fukushima/park/2076/"
"44487","会津若松市中町月極駐車場","37.494928","139.929799","https://btimes.jp/fukushima/park/44487/"
"34954","新潟車両センター駐車場","37.900148","139.096294","https://btimes.jp/niigata/park/34954/"
"34966","姥ヶ山駐車場","37.887719","139.07374","https://btimes.jp/niigata/park/34966/"
"35453","村岡駐車場","37.885163","139.070581","https://btimes.jp/niigata/park/35453/"
"34975","紫竹駐車場","37.905723","139.085419","https://btimes.jp/niigata/park/34975/"
"54761","パーキングスペース紫竹山7丁目第2月極駐車場","37.89366","139.06753","https://btimes.jp/niigata/park/54761/"
"46215","黒埼駐車場","37.517233","139.008134","https://btimes.jp/niigata/park/46215/"
"39400","フォレスト6駐車場","37.920343","139.073175","https://btimes.jp/niigata/park/39400/"
"54751","パーキングスペース米山5丁目駐車場","37.903297","139.057735","https://btimes.jp/niigata/park/54751/"
"54760","パーキングスペース天神尾1丁目第2月極駐車場","37.906433","139.058882","https://btimes.jp/niigata/park/54760/"
"62705","【屋根あり】マンスリー新潟万代5丁目駐車場","37.916999","139.064789","https://btimes.jp/niigata/park/62705/"
"54759","【軽専用】パーキングスペース万代4丁目第2月極駐車場","37.915178","139.061213","https://btimes.jp/niigata/park/54759/"
"39834","東幸町駐車場","37.904877","139.052117","https://btimes.jp/niigata/park/39834/"
"34956","下所島駐車場(2)","37.903271","139.049059","https://btimes.jp/niigata/park/34956/"
"34955","下所島駐車場(1)","37.902744","139.048316","https://btimes.jp/niigata/park/34955/"
"31385","大島ビルドアップ駐車場","37.877567","139.028217","https://btimes.jp/niigata/park/31385/"
"46164","新和B駐車場(5)","37.898714","139.043351","https://btimes.jp/niigata/park/46164/"
"34969","新和B駐車場(1)","37.898741","139.043306","https://btimes.jp/niigata/park/34969/"
"34972","新和B駐車場(4)","37.89795","139.042342","https://btimes.jp/niigata/park/34972/"
"34971","新和B駐車場(3)","37.89721","139.041671","https://btimes.jp/niigata/park/34971/"
"34970","新和B駐車場(2)","37.897513","139.041847","https://btimes.jp/niigata/park/34970/"
"34977","近江1駐車場","37.896629","139.041015","https://btimes.jp/niigata/park/34977/"
"46208","山田島2駐車場","37.863321","139.016374","https://btimes.jp/niigata/park/46208/"
"34964","女池駐車場(2)","37.892778","139.037302","https://btimes.jp/niigata/park/34964/"
"34965","女池駐車場(3)","37.89107","139.035819","https://btimes.jp/niigata/park/34965/"
"54748","パーキングスペース上大川前通8番町駐車場","37.920601","139.052149","https://btimes.jp/niigata/park/54748/"
"54747","パーキングスペース西堀前通2番町駐車場","37.914156","139.043742","https://btimes.jp/niigata/park/54747/"
"54750","パーキングスペース本町通９番町第２月極駐車場","37.922575","139.051025","https://btimes.jp/niigata/park/54750/"
"54753","パーキングスペース医学町通1番町駐車場","37.914434","139.041906","https://btimes.jp/niigata/park/54753/"
"54754","【軽専用】パーキングスペース医学町通1番町駐車場","37.914434","139.041906","https://btimes.jp/niigata/park/54754/"
"54764","パーキングスペース南浜通1番町駐車場","37.921606","139.044855","https://btimes.jp/niigata/park/54764/"
"54762","パーキングスペース西堀通１１番町駐車場","37.926127","139.048668","https://btimes.jp/niigata/park/54762/"
"54745","【軽専用】パーキングスペース学校町通2番町第1月極駐車場","37.914308","139.037609","https://btimes.jp/niigata/park/54745/"
"54746","パーキングスペース学校町通2番町第1月極駐車場","37.914308","139.037609","https://btimes.jp/niigata/park/54746/"
"46212","白山駅駐車場","37.909223","139.033096","https://btimes.jp/niigata/park/46212/"
"54757","パーキングスペース学校町通2番町第5月極駐車場","37.914773","139.036641","https://btimes.jp/niigata/park/54757/"
"54749","パーキングスペース学校町通３番町第３駐車場","37.913574","139.03159","https://btimes.jp/niigata/park/54749/"
"45213","関屋駅(北口)駐車場","37.903256","139.018061","https://btimes.jp/niigata/park/45213/"
"52456","ドラッグセイムス御座店駐車場","33.566165","133.564279","https://btimes.jp/kochi/park/52456/"
"64236","布師田470-1駐車場","33.580751","133.608438","https://btimes.jp/kochi/park/64236/"
"52457","ドラッグセイムス潮江店駐車場","33.548328","133.555274","https://btimes.jp/kochi/park/52457/"
"52459","ドラッグセイムス土佐山田北本町店駐車場","33.607601","133.693307","https://btimes.jp/kochi/park/52459/"
"62869","高知龍馬空港前駐車場","33.547755","133.674767","https://btimes.jp/kochi/park/62869/"
"33502","コメリパワー西条店駐車場","33.916586","133.232244","https://btimes.jp/ehime/park/33502/"
"59284","「EXPARK新居浜久保田町」内タイムズのB駐車場","33.951697","133.282592","https://btimes.jp/ehime/park/59284/"
"702","トーエイパーキング","33.555298","133.542236","https://btimes.jp/kochi/park/702/"
"46349","トーエイパーキング","33.555298","133.542236","https://btimes.jp/kochi/park/46349/"
"56011","下伊敷三丁目25番3号駐車場","31.61915","130.542275","https://btimes.jp/kagoshima/park/56011/"
"39546","Ｍパーク玉里団地３丁目駐車場","31.618513","130.549487","https://btimes.jp/kagoshima/park/39546/"
"43869","フタタ吉野店駐車場","31.647988","130.571237","https://btimes.jp/kagoshima/park/43869/"
"50445","吉野町駐車場","31.640503","130.574484","https://btimes.jp/kagoshima/park/50445/"
"51602","御召覧公園前パーキング","31.639294","130.574282","https://btimes.jp/kagoshima/park/51602/"
"61358","吉野町3322-7駐車場","31.639833","130.575542","https://btimes.jp/kagoshima/park/61358/"
"50182","草牟田2-15-8駐車場","31.600397","130.540658","https://btimes.jp/kagoshima/park/50182/"
"53982","吉野駐車場","31.623469","130.572242","https://btimes.jp/kagoshima/park/53982/"
"53983","吉野駐車場","31.623469","130.572242","https://btimes.jp/kagoshima/park/53983/"
"7959","武岡3-25-3駐車場","31.585925","130.515539","https://btimes.jp/kagoshima/park/7959/"
"52364","HAMASAKI-Parking","31.583388","130.500012","https://btimes.jp/kagoshima/park/52364/"
"53611","常盤2-18-28駐車場","31.585874","130.529896","https://btimes.jp/kagoshima/park/53611/"
"59888","【普通車室】ベイサイド駐車場","31.600254","130.569746","https://btimes.jp/kagoshima/park/59888/"
"47338","泉町駐車場","31.589039","130.562504","https://btimes.jp/kagoshima/park/47338/"
"50500","住吉町３ー１１駐車場","31.587724","130.563247","https://btimes.jp/kagoshima/park/50500/"
"45589","広木2丁目駐車場","31.559203","130.521569","https://btimes.jp/kagoshima/park/45589/"
"51207","鴨池1-28-16駐車場","31.561899","130.550781","https://btimes.jp/kagoshima/park/51207/"
"53223","フタタ中山店駐車場","31.542676","130.515078","https://btimes.jp/kagoshima/park/53223/"
"47799","宮崎太陽銀行南鹿児島支店駐車場","31.547706","130.545989","https://btimes.jp/kagoshima/park/47799/"
"40429","鹿児島中央製茶駐車場","31.534821","130.501909","https://btimes.jp/kagoshima/park/40429/"
"64833","中山町５０３５－２株式会社三反田建設管理本部駐車場","31.534447","130.505861","https://btimes.jp/kagoshima/park/64833/"
"47876","タイムズ谷山中央第３駐車場","31.523561","130.523044","https://btimes.jp/kagoshima/park/47876/"
"63848","谷山中央２－６５８－７清水駐車場駐車場","31.52125","130.52599","https://btimes.jp/kagoshima/park/63848/"
"26770","三好自動車駐車場","31.732561","130.723308","https://btimes.jp/kagoshima/park/26770/"
"51179","府中町コーポ田代駐車場","31.74134","130.759396","https://btimes.jp/kagoshima/park/51179/"
"63744","寿7丁目12-21駐車場","31.381848","130.87493","https://btimes.jp/kagoshima/park/63744/"
"38280","コメリパワー鹿屋店駐車場","31.391851","130.892826","https://btimes.jp/kagoshima/park/38280/"
"43068","西田小学校前駐車場","31.587253","130.538723","https://btimes.jp/kagoshima/park/43068/"
"59889","【軽車室】ベイサイド駐車場　","31.600214","130.569756","https://btimes.jp/kagoshima/park/59889/"
"32139","千日町12-19駐車場","31.584694","130.559349","https://btimes.jp/kagoshima/park/32139/"
"44872","住吉町６駐車場","31.586464","130.563358","https://btimes.jp/kagoshima/park/44872/"
"33151","加治屋町第１１駐車場","31.581558","130.554078","https://btimes.jp/kagoshima/park/33151/"
"42568","新屋敷町駐車場","31.580933","130.560201","https://btimes.jp/kagoshima/park/42568/"
"44460","さくらヒルズ甲突町駐車場","31.579414","130.561125","https://btimes.jp/kagoshima/park/44460/"
"54582","【軽専用】さくらヒルズ甲突町駐車場","31.579396","130.561171","https://btimes.jp/kagoshima/park/54582/"
"43069","都通り駐車場","31.573238","130.54722","https://btimes.jp/kagoshima/park/43069/"
"43070","都通り駐車場","31.573238","130.54722","https://btimes.jp/kagoshima/park/43070/"
"45174","姶良平松駐車場","31.708327","130.60403","https://btimes.jp/kagoshima/park/45174/"
"45290","第６南林寺町駐車場","31.579905","130.563649","https://btimes.jp/kagoshima/park/45290/"
"48440","マンスリー甲突町駐車場","31.576671","130.561503","https://btimes.jp/kagoshima/park/48440/"
"48441","マンスリー甲突町駐車場","31.576671","130.561503","https://btimes.jp/kagoshima/park/48441/"
"45360","荒田１丁目駐車場","31.573224","130.555692","https://btimes.jp/kagoshima/park/45360/"
"46426","タイムズ天保山町ゲート外駐車場","31.571656","130.563226","https://btimes.jp/kagoshima/park/46426/"
"43697","紫原５丁目駐車場","31.559986","130.529088","https://btimes.jp/kagoshima/park/43697/"
"42245","エミネンス竹下駐車場","31.546586","130.523322","https://btimes.jp/kagoshima/park/42245/"
"42244","宇宿５丁目駐車場","31.543943","130.533532","https://btimes.jp/kagoshima/park/42244/"
"48067","宇宿４丁目駐車場","31.545169","130.540141","https://btimes.jp/kagoshima/park/48067/"
"33573","コメリ佐世保店駐車場","33.118477","129.798788","https://btimes.jp/nagasaki/park/33573/"
"25829","城間町駐車場","33.097166","129.821021","https://btimes.jp/nagasaki/park/25829/"
"53424","フェスタ京泊店駐車場","32.817207","129.776426","https://btimes.jp/nagasaki/park/53424/"
"26787","カーセンタータクシマ駐車場","33.164556","129.841049","https://btimes.jp/nagasaki/park/26787/"
"53652","本尾町４番２６号本尾町ウエストパーキング駐車場","32.77092","129.871407","https://btimes.jp/nagasaki/park/53652/"
"29971","大村市西三城町10-6駐車場","32.910086","129.961795","https://btimes.jp/nagasaki/park/29971/"
"53177","フタタ大村店駐車場","32.898205","129.960085","https://btimes.jp/nagasaki/park/53177/"
"58800","プレディアコート新大工町駐車場","32.750838","129.889224","https://btimes.jp/nagasaki/park/58800/"
"43867","フタタ伊万里店駐車場","33.272467","129.871413","https://btimes.jp/saga/park/43867/"
"32834","通谷駐車場","33.2618","129.884641","https://btimes.jp/saga/park/32834/"
"53425","フェスタ南長崎店駐車場","32.697158","129.849884","https://btimes.jp/nagasaki/park/53425/"
"46815","ビレッジハウス末石駐車場","32.682187","129.836854","https://btimes.jp/nagasaki/park/46815/"
"49440","オランダ坂興産駐車場","32.757561","129.945992","https://btimes.jp/nagasaki/park/49440/"
"52825","フェスタ東長崎店駐車場","32.752423","129.947867","https://btimes.jp/nagasaki/park/52825/"
"53647","フェスタ久山店駐車場","32.826293","129.994341","https://btimes.jp/nagasaki/park/53647/"
"831","福石町119駐車場","33.157863","129.732038","https://btimes.jp/nagasaki/park/831/"
"53129","佐世保市吉井町駐輪場","33.262224","129.687612","https://btimes.jp/nagasaki/park/53129/"
"38328","コメリ三重店駐車場","32.97953","131.59502","https://btimes.jp/oita/park/38328/"
"52432","ドラッグセイムス臼杵野津店駐車場","33.031808","131.69108","https://btimes.jp/oita/park/52432/"
"30116","下郡中央２駐車場","33.221798","131.6354","https://btimes.jp/oita/park/30116/"
"50122","明野南2丁目駐車場","33.215406","131.650733","https://btimes.jp/oita/park/50122/"
"42038","ドラッグセイムス大分春日店駐車場","33.238708","131.599326","https://btimes.jp/oita/park/42038/"
"52434","ドラッグセイムス大分岩田店駐車場","33.230696","131.633097","https://btimes.jp/oita/park/52434/"
"52433","ドラッグセイムス大分葛木店駐車場","33.215224","131.67125","https://btimes.jp/oita/park/52433/"
"42042","ドラッグセイムス別府流川通店駐車場","33.272084","131.495673","https://btimes.jp/oita/park/42042/"
"42039","ドラッグセイムス大分皆春店駐車場","33.230389","131.681582","https://btimes.jp/oita/park/42039/"
"52431","ドラッグセイムス別府やまなみ店駐車場","33.309274","131.481799","https://btimes.jp/oita/park/52431/"
"31200","亀川駅前駐車場","33.326841","131.496158","https://btimes.jp/oita/park/31200/"
"41178","太仁パーキング駐車場","33.188","131.580865","https://btimes.jp/oita/park/41178/"
"52722","タイムズ大分末広町第３駐車場","33.231825","131.604982","https://btimes.jp/oita/park/52722/"
"39402","A.Kガレージ駐車場","33.231592","131.6186","https://btimes.jp/oita/park/39402/"
"28331","大分荷揚町駐車場","33.237798","131.613056","https://btimes.jp/oita/park/28331/"
"39006","パーキング・Ｆ豊町駐車場","33.245438","131.618031","https://btimes.jp/oita/park/39006/"
"65445","蓬莱町7-2-5駐車場","37.688538","140.486246","https://btimes.jp/fukushima/park/65445/"
"33489","コメリパワー安達店駐車場","37.612469","140.464875","https://btimes.jp/fukushima/park/33489/"
"32857","福島市永井川　渡辺駐車場","37.717096","140.461161","https://btimes.jp/fukushima/park/32857/"
"36419","コーポラス高橋第2駐車場","37.71816","140.461484","https://btimes.jp/fukushima/park/36419/"
"48421","アルクトゥルス駐車場","37.724341","140.4642","https://btimes.jp/fukushima/park/48421/"
"36403","グレースヒルズ駐車場","37.727273","140.466584","https://btimes.jp/fukushima/park/36403/"
"55300","永井川北谷地駐車場","37.721664","140.450549","https://btimes.jp/fukushima/park/55300/"
"52732","矢剣町月極駐車場","37.746644","140.462424","https://btimes.jp/fukushima/park/52732/"
"31413","福島市　矢剣町駐車場","37.746667","140.460797","https://btimes.jp/fukushima/park/31413/"
"1948","太田町駐車場","37.747634","140.461996","https://btimes.jp/fukushima/park/1948/"
"1950","福島森合駐車場","37.7587","140.458044","https://btimes.jp/fukushima/park/1950/"
"31193","福島市　野田町カーサマリン駐車場","37.757778","140.454311","https://btimes.jp/fukushima/park/31193/"
"62819","【桜の聖母学院中学校・高等学校　徒歩5分】野田町三丁目パーキング","37.757644","140.452498","https://btimes.jp/fukushima/park/62819/"
"31192","福島市　野田町小椋駐車場","37.757716","140.452507","https://btimes.jp/fukushima/park/31192/"
"31190","福島市　佐倉下駐車場","37.738645","140.409964","https://btimes.jp/fukushima/park/31190/"
"42547","東中央さいとうパーキング","37.75923","140.444855","https://btimes.jp/fukushima/park/42547/"
"32856","福島市　西中央野口パーキング","37.758129","140.432695","https://btimes.jp/fukushima/park/32856/"
"31191","福島市　笹木野クラロン駐車場		","37.764358","140.428858","https://btimes.jp/fukushima/park/31191/"
"40007","福島市八島田台畑　市川駐車場","37.767565","140.429519","https://btimes.jp/fukushima/park/40007/"
"55334","バウム松下駐車場	","37.785384","140.449431","https://btimes.jp/fukushima/park/55334/"
"36515","ポムヴェルジェ/スリーズヴェルジェ駐車場","37.785168","140.446563","https://btimes.jp/fukushima/park/36515/"
"36522","レザンヴェルジェ駐車場","37.785646","140.443845","https://btimes.jp/fukushima/park/36522/"
"61007","グランシャリオ駐車場","37.797264","140.485756","https://btimes.jp/fukushima/park/61007/"
"61006","グランドゥールA・B駐駐車場","37.797623","140.485735","https://btimes.jp/fukushima/park/61006/"
"53020","町庭坂字狐林3-1駐車場","37.767855","140.39351","https://btimes.jp/fukushima/park/53020/"
"48884","伊達駅前駐車場","37.818623","140.495656","https://btimes.jp/fukushima/park/48884/"
"46522","プレミールAB棟駐車場","37.813462","140.560836","https://btimes.jp/fukushima/park/46522/"
"43115","飯坂町古舘駐車場","37.828024","140.456075","https://btimes.jp/fukushima/park/43115/"
"36099","伊勢屋旅館第二駐車場","37.831997","140.452082","https://btimes.jp/fukushima/park/36099/"
"36111","伊勢屋旅館第一駐車場","37.832105","140.452358","https://btimes.jp/fukushima/park/36111/"
"36089","伊勢屋旅館第三駐車場","37.832058","140.451826","https://btimes.jp/fukushima/park/36089/"
"36071","伊勢屋旅館第四駐車場","37.832131","140.451643","https://btimes.jp/fukushima/park/36071/"
"36098","西堀切駐車場","37.832253","140.451278","https://btimes.jp/fukushima/park/36098/"
"58797","ビレッジハウスときわ駐車場","37.430937","140.65391","https://btimes.jp/fukushima/park/58797/"
"41334","センチュリーパレスA棟、B棟駐車場","37.423128","140.370365","https://btimes.jp/fukushima/park/41334/"
"41335","センチュリーパレス2駐車場","37.42334","140.369383","https://btimes.jp/fukushima/park/41335/"
"41332","藤和第二駐車場","37.423029","140.369822","https://btimes.jp/fukushima/park/41332/"
"62700","佐藤パーキング","37.418582","140.376278","https://btimes.jp/fukushima/park/62700/"
"62701","フルハウスSt駐車場","37.418011","140.374022","https://btimes.jp/fukushima/park/62701/"
"43789","郡山市桑野1丁目駐車場","37.397644","140.356101","https://btimes.jp/fukushima/park/43789/"
"39561","大槻町東阿良久111-2駐車場","37.377452","140.338574","https://btimes.jp/fukushima/park/39561/"
"39560","ラフォート・フジ駐車場","37.377478","140.338172","https://btimes.jp/fukushima/park/39560/"
"26149","安積町日出山旧屋敷３－１グランディオール郡山駐車場","37.361009","140.382679","https://btimes.jp/fukushima/park/26149/"
"59318","白石蔵王駅前駐車場","37.991536","140.634353","https://btimes.jp/miyagi/park/59318/"
"2029","白石蔵王駐車場(F)","37.994077","140.637777","https://btimes.jp/miyagi/park/2029/"
"64385","白石半田駐車場","37.998131","140.631214","https://btimes.jp/miyagi/park/64385/"
"32350","コナカ原町店駐車場","37.636957","140.980717","https://btimes.jp/fukushima/park/32350/"
"65434","グランドホクヨウ駐車場","37.916214","140.119975","https://btimes.jp/yamagata/park/65434/"
"65381","ナウエル通夜会館駐車場","37.90552","140.105659","https://btimes.jp/yamagata/park/65381/"
"63653","浜吉田駅前駐車場","37.999476","140.892797","https://btimes.jp/miyagi/park/63653/"
"30299","郡山市長者３丁目　スターホテル郡山駐車場","37.396537","140.367496","https://btimes.jp/fukushima/park/30299/"
"39797","郡山市桑野１丁目駐車場","37.397379","140.357917","https://btimes.jp/fukushima/park/39797/"
"31186","福島市　仲間町駐車場","37.752477","140.475985","https://btimes.jp/fukushima/park/31186/"
"32236","タイムズ福島新町第３駐車場","37.752296","140.471188","https://btimes.jp/fukushima/park/32236/"
"32041","タイムズ福島宮町第2駐車場","37.75368","140.47289","https://btimes.jp/fukushima/park/32041/"
"46474","タイムズ福島置賜町第4駐車場","37.752778","140.46796","https://btimes.jp/fukushima/park/46474/"
"29679","マンスリー福島新町第３駐車場","37.753787","140.471791","https://btimes.jp/fukushima/park/29679/"
"29680","マンスリー福島新町第３駐車場","37.753787","140.471791","https://btimes.jp/fukushima/park/29680/"
"40990","コープ福島新町店駐車場ゲート外","37.753919","140.470219","https://btimes.jp/fukushima/park/40990/"
"36201","タイムズ福島新町第5駐車場","37.755144","140.470958","https://btimes.jp/fukushima/park/36201/"
"62884","野田町三丁目パーキング","37.757649","140.452498","https://btimes.jp/fukushima/park/62884/"
"42548","東中央さいとうパーキング2","37.75909","140.445155","https://btimes.jp/fukushima/park/42548/"
"45208","ウィンベルコーラス福島駐車場","37.777715","140.488876","https://btimes.jp/fukushima/park/45208/"
"61005","グランドゥールA・B駐駐車場","37.797623","140.485735","https://btimes.jp/fukushima/park/61005/"
"2148","五百川駐車場","37.479982","140.391233","https://btimes.jp/fukushima/park/2148/"
"2150","要田駅構内駐車場","37.45077","140.524075","https://btimes.jp/fukushima/park/2150/"
"2163","日和田駅構内駐車場","37.443171","140.391834","https://btimes.jp/fukushima/park/2163/"
"2167","福原駐車場","37.415009","140.397978","https://btimes.jp/fukushima/park/2167/"
"53535","ヴィルヌーブ駐車場","37.423089","140.37009","https://btimes.jp/fukushima/park/53535/"
"2143","恩田地内駐車場","37.405064","140.394704","https://btimes.jp/fukushima/park/2143/"
"2166","恩田（B)駐車場","37.404108","140.394365","https://btimes.jp/fukushima/park/2166/"
"2165","郡山駅北部駐車場","37.401134","140.393338","https://btimes.jp/fukushima/park/2165/"
"35704","チェリーパーキング","37.399298","140.377135","https://btimes.jp/fukushima/park/35704/"
"2152","小原田二丁目15-4(A)駐車場","37.380934","140.388578","https://btimes.jp/fukushima/park/2152/"
"2153","小原田二丁目17-4(B)駐車場","37.380702","140.38852","https://btimes.jp/fukushima/park/2153/"
"2154","小原田二丁目38-4(C)駐車場","37.38047","140.388474","https://btimes.jp/fukushima/park/2154/"
"2155","小原田二丁目36-4(D)駐車場","37.380233","140.388417","https://btimes.jp/fukushima/park/2155/"
"2156","小原田二丁目35-4(E)駐車場","37.380063","140.388383","https://btimes.jp/fukushima/park/2156/"
"2157","小原田二丁目73-2(F)駐車場","37.380063","140.388383","https://btimes.jp/fukushima/park/2157/"
"2158","小原田二丁目73-1(G)駐車場","37.379736","140.388281","https://btimes.jp/fukushima/park/2158/"
"2159","小原田二丁目82-1(H)駐車場","37.379575","140.388241","https://btimes.jp/fukushima/park/2159/"
"2160","小原田二丁目82-1(I)駐車場","37.379361","140.388201","https://btimes.jp/fukushima/park/2160/"
"2151","小原田二丁目駐車場","37.378963","140.388116","https://btimes.jp/fukushima/park/2151/"
"2161","小原田三丁目102-5(K)駐車場","37.377299","140.387669","https://btimes.jp/fukushima/park/2161/"
"2162","小原田三丁目176-2(J)駐車場","37.376389","140.387352","https://btimes.jp/fukushima/park/2162/"
"2073","川桁駅構内駐車場(12~3月閉鎖)","37.532628","140.14045","https://btimes.jp/fukushima/park/2073/"
"2026","白石蔵王B駐車場（1）","37.993427","140.637131","https://btimes.jp/miyagi/park/2026/"
"29673","金山駐車場","37.053022","140.30096","https://btimes.jp/fukushima/park/29673/"
"35550","白河駐車場","37.12614","140.218168","https://btimes.jp/fukushima/park/35550/"
"64469","勿来町駐車場","36.869796","140.79156","https://btimes.jp/fukushima/park/64469/"
"40459","勿来町関田御城前駐車場","36.869791","140.791609","https://btimes.jp/fukushima/park/40459/"
"46186","ビレッジハウス常磐駐車場","37.004418","140.83827","https://btimes.jp/fukushima/park/46186/"
"43134","サンユーストアー大津店駐車場","36.836296","140.787069","https://btimes.jp/ibaraki/park/43134/"
"32307","コナカ新白河店駐車場","37.122959","140.188696","https://btimes.jp/fukushima/park/32307/"
"43135","サンユーストアー磯原中央店駐車場","36.788922","140.745653","https://btimes.jp/ibaraki/park/43135/"
"38361","コメリ北茨城店駐車場","36.783154","140.74073","https://btimes.jp/ibaraki/park/38361/"
"56871","磯原","36.785544","140.746376","https://btimes.jp/ibaraki/park/56871/"
"43136","サンユーストアー中郷店駐車場","36.775088","140.737275","https://btimes.jp/ibaraki/park/43136/"
"43137","サンユーストアー秋山店駐車場","36.71338","140.690628","https://btimes.jp/ibaraki/park/43137/"
"52135","かたよせはうす駐車場","37.020575","140.906576","https://btimes.jp/fukushima/park/52135/"
"32383","コナカ平店駐車場","37.041563","140.905163","https://btimes.jp/fukushima/park/32383/"
"28403","高萩駅前駐車場","36.714485","140.720383","https://btimes.jp/ibaraki/park/28403/"
"33643","東栄1-1-1駐車場","36.965201","140.062622","https://btimes.jp/tochigi/park/33643/"
"44927","いわき平下神谷駐車場","37.061374","140.944195","https://btimes.jp/fukushima/park/44927/"
"32371","コナカ黒磯店駐車場","36.966887","140.04808","https://btimes.jp/tochigi/park/32371/"
"31914","埼玉8-37駐車場","36.977482","140.032756","https://btimes.jp/tochigi/park/31914/"
"31175","大田原駐車場","36.863592","140.030673","https://btimes.jp/tochigi/park/31175/"
"2144","新白河駅北口駐車場","37.119608","140.192007","https://btimes.jp/fukushima/park/2144/"
"43609","新白河駅駐車場","37.119685","140.191998","https://btimes.jp/fukushima/park/43609/"
"47584","新白河駅駐車場","37.119685","140.191998","https://btimes.jp/fukushima/park/47584/"
"2145","新白河駅北部駐車場","37.120634","140.192479","https://btimes.jp/fukushima/park/2145/"
"2142","新白河駅第一駐車場","37.11897","140.191373","https://btimes.jp/fukushima/park/2142/"
"2168","新白河駅第二駐車場","37.118958","140.190995","https://btimes.jp/fukushima/park/2168/"
"2147","新白河駅南部駐車場(2)","37.118705","140.190707","https://btimes.jp/fukushima/park/2147/"
"2146","新白河駅南部駐車場(1)","37.118472","140.190523","https://btimes.jp/fukushima/park/2146/"
"2149","新白河駅南部駐車場(3)","37.118332","140.190416","https://btimes.jp/fukushima/park/2149/"
"65895","いわき鶴屋","37.053049","140.897211","https://btimes.jp/fukushima/park/65895/"
"48369","松前町いろは駐車場","33.774894","132.709811","https://btimes.jp/ehime/park/48369/"
"2441","東垣生町140-1スタジオサクラメント駐車場","33.808978","132.719103","https://btimes.jp/ehime/park/2441/"
"48368","余戸南４丁目１６駐車場","33.807491","132.732438","https://btimes.jp/ehime/park/48368/"
"55629","保免西3-3-18駐車場","33.809967","132.746067","https://btimes.jp/ehime/park/55629/"
"52556","メイプルハウス駐車場","33.827053","132.750445","https://btimes.jp/ehime/park/52556/"
"55076","北井門2丁目駐車場","33.800308","132.780253","https://btimes.jp/ehime/park/55076/"
"59528","松山辻町カローラハイツ駐車場","33.837981","132.752317","https://btimes.jp/ehime/park/59528/"
"58934","ビレッジハウス松山上野駐車場","33.771593","132.801884","https://btimes.jp/ehime/park/58934/"
"51223","北藤原駐車場","33.830982","132.761604","https://btimes.jp/ehime/park/51223/"
"38549","真砂町吉村第2駐車場","33.829677","132.76298","https://btimes.jp/ehime/park/38549/"
"48350","白石駐車場","33.819519","132.772922","https://btimes.jp/ehime/park/48350/"
"52461","ドラッグセイムス松山インター店駐車場","33.799904","132.78863","https://btimes.jp/ehime/park/52461/"
"64033","田内モータープール","33.830234","132.76824","https://btimes.jp/ehime/park/64033/"
"51280","柳井町3-5-1駐車場","33.83125","132.769597","https://btimes.jp/ehime/park/51280/"
"51422","柳井町3-5-1駐車場","33.83125","132.769597","https://btimes.jp/ehime/park/51422/"
"48347","井上月極駐車場","33.851472","132.75716","https://btimes.jp/ehime/park/48347/"
"51479","山越１丁目１３-３駐車場","33.855048","132.757053","https://btimes.jp/ehime/park/51479/"
"44189","小坂3丁目駐車場","33.827517","132.78381","https://btimes.jp/ehime/park/44189/"
"64032","松山商業高校南第２駐車場","33.835888","132.779255","https://btimes.jp/ehime/park/64032/"
"64031","松山商業高校南駐車場","33.836004","132.779202","https://btimes.jp/ehime/park/64031/"
"52588","松末２丁目８５ー４駐車場","33.82241","132.792492","https://btimes.jp/ehime/park/52588/"
"52589","松末２丁目８５ー４駐車場","33.82241","132.792492","https://btimes.jp/ehime/park/52589/"
"65442","湯渡町駐車場（湯渡ハイツ駐車場）","33.837282","132.784925","https://btimes.jp/ehime/park/65442/"
"51231","わかばモータープール","33.84577","132.778038","https://btimes.jp/ehime/park/51231/"
"48375","桑原梶本駐車場","33.826726","132.796519","https://btimes.jp/ehime/park/48375/"
"33667","太山寺町2399-18駐車場","33.890326","132.729972","https://btimes.jp/ehime/park/33667/"
"48453","太山寺町２３９９番地１８駐車場","33.890333","132.729983","https://btimes.jp/ehime/park/48453/"
"43632","桑原3-3-58駐車場","33.829301","132.798161","https://btimes.jp/ehime/park/43632/"
"38566","吉村緑台駐車場","33.849949","132.782114","https://btimes.jp/ehime/park/38566/"
"48377","祝谷中本駐車場","33.852451","132.78143","https://btimes.jp/ehime/park/48377/"
"48357","友岡駐車場","33.807311","132.825197","https://btimes.jp/ehime/park/48357/"
"48389","水泥町９５８ー１駐車場","33.803105","132.835564","https://btimes.jp/ehime/park/48389/"
"60544","フェリシアス駐車場13番志津川5-12-26駐車場","33.794735","132.880567","https://btimes.jp/ehime/park/60544/"
"64617","志津川南三丁目2番20号駐車場 (重信歯科医院すぐ横)","33.799661","132.879356","https://btimes.jp/ehime/park/64617/"
"43929","イエローハット柳井店駐車場","33.955645","132.13066","https://btimes.jp/yamaguchi/park/43929/"
"46806","ビレッジハウス田布施駐車場","33.956376","132.056005","https://btimes.jp/yamaguchi/park/46806/"
"48352","南斎院町永井駐車場","33.828489","132.734848","https://btimes.jp/ehime/park/48352/"
"53127","保免上2丁目竹田駐車場","33.813575","132.75215","https://btimes.jp/ehime/park/53127/"
"48385","古川くつな駐車場","33.807242","132.757546","https://btimes.jp/ehime/park/48385/"
"48342","泉駐車場","33.820948","132.745685","https://btimes.jp/ehime/park/48342/"
"48346","別府駐車場","33.823344","132.745558","https://btimes.jp/ehime/park/48346/"
"48356","別府第二駐車場","33.823908","132.74556","https://btimes.jp/ehime/park/48356/"
"52763","土居田岡田駐車場","33.822659","132.747538","https://btimes.jp/ehime/park/52763/"
"48345","武市駐車場","33.820754","132.749805","https://btimes.jp/ehime/park/48345/"
"48367","山西佐伯駐車場","33.847408","132.731914","https://btimes.jp/ehime/park/48367/"
"48362","小栗三丁目３－３５駐車場","33.823358","132.76079","https://btimes.jp/ehime/park/48362/"
"48363","小栗五丁目５－５駐車場","33.824287","132.760493","https://btimes.jp/ehime/park/48363/"
"51232","小栗３丁目駐車場","33.82351","132.762707","https://btimes.jp/ehime/park/51232/"
"58003","JR西公園前月極駐車場","33.835991","132.751638","https://btimes.jp/ehime/park/58003/"
"51372","北藤原駐車場","33.830982","132.761604","https://btimes.jp/ehime/park/51372/"
"51224","真砂町吉村第２駐車場","33.829617","132.762974","https://btimes.jp/ehime/park/51224/"
"38974","宮田町106駐車場","33.839177","132.754105","https://btimes.jp/ehime/park/38974/"
"54128","タイムズマンスリー松山市駅西","33.832714","132.762416","https://btimes.jp/ehime/park/54128/"
"48354","宮西吉岡駐車場","33.842415","132.75376","https://btimes.jp/ehime/park/48354/"
"44961","本町シングルス駐車場","33.840397","132.76013","https://btimes.jp/ehime/park/44961/"
"45214","本町シングルス駐車場","33.840397","132.76013","https://btimes.jp/ehime/park/45214/"
"48383","宮西3丁目森駐車場","33.846103","132.757701","https://btimes.jp/ehime/park/48383/"
"48351","平和通藤原駐車場","33.844543","132.760064","https://btimes.jp/ehime/park/48351/"
"48359","宮西木村駐車場","33.846665","132.758085","https://btimes.jp/ehime/park/48359/"
"48378","久万ノ台マツマン駐車場","33.854721","132.750301","https://btimes.jp/ehime/park/48378/"
"48358","中村４丁目駐車場","33.824253","132.780846","https://btimes.jp/ehime/park/48358/"
"48371","久保駐車場","33.844912","132.762431","https://btimes.jp/ehime/park/48371/"
"48372","しらたき駐車場","33.848825","132.75853","https://btimes.jp/ehime/park/48372/"
"50195","しらたき駐車場","33.848825","132.75853","https://btimes.jp/ehime/park/50195/"
"53128","北立花町７-４駐車場","33.831328","132.77566","https://btimes.jp/ehime/park/53128/"
"48364","山越６丁目鴨駐車場","33.854795","132.753332","https://btimes.jp/ehime/park/48364/"
"51227","木屋町岡本駐車場","33.846474","132.76219","https://btimes.jp/ehime/park/51227/"
"51234","すみれパーキング","33.849441","132.761972","https://btimes.jp/ehime/park/51234/"
"51229","東雲モータープール","33.841883","132.775507","https://btimes.jp/ehime/park/51229/"
"51228","兵頭駐車場","33.850198","132.768802","https://btimes.jp/ehime/park/51228/"
"48374","清水町梶本駐車場","33.85039","132.769781","https://btimes.jp/ehime/park/48374/"
"51230","タカハシ姫原駐車場","33.863549","132.759275","https://btimes.jp/ehime/park/51230/"
"51226","友近駐車場","33.862226","132.763369","https://btimes.jp/ehime/park/51226/"
"51233","桑原木村駐車場","33.82645","132.796783","https://btimes.jp/ehime/park/51233/"
"51225","吉村緑台駐車場","33.849943","132.782064","https://btimes.jp/ehime/park/51225/"
"48161","道後緑台1-24駐車場","33.849358","132.785311","https://btimes.jp/ehime/park/48161/"
"48353","和気松本駐車場","33.897897","132.739431","https://btimes.jp/ehime/park/48353/"
"48390","平井町２５７５－１駐車場","33.803582","132.834459","https://btimes.jp/ehime/park/48390/"
"45913","グリーンハイツ二葉駐車場","35.679609","138.50854","https://btimes.jp/yamanashi/park/45913/"
"45914","クリスタルヴィラ竜王駐車場","35.658597","138.525274","https://btimes.jp/yamanashi/park/45914/"
"45222","甲斐市篠原746駐車場","35.645877","138.529915","https://btimes.jp/yamanashi/park/45222/"
"43263","ハッピードリンクショップ玉川店駐車場","35.632819","138.524175","https://btimes.jp/yamanashi/park/43263/"
"33775","芙蓉建設　甲府アルプス通り店駐車場","35.659255","138.554658","https://btimes.jp/yamanashi/park/33775/"
"43198","ハッピードリンクショップ昭和清水新居店駐車場","35.6398","138.55121","https://btimes.jp/yamanashi/park/43198/"
"33322","カラオケ フラココ 昭和店駐車場","35.638499","138.552437","https://btimes.jp/yamanashi/park/33322/"
"30380","甲府相生駐車場","35.654813","138.566447","https://btimes.jp/yamanashi/park/30380/"
"52586","甲府相生駐車場","35.654813","138.566447","https://btimes.jp/yamanashi/park/52586/"
"42774","秀英予備校 甲府北口校駐車場","35.669668","138.571304","https://btimes.jp/yamanashi/park/42774/"
"58757","ビレッジハウス玉穂駐車場","35.61239","138.545322","https://btimes.jp/yamanashi/park/58757/"
"58025","大手3-2-4駐車場","35.680591","138.580467","https://btimes.jp/yamanashi/park/58025/"
"32399","コナカ韮崎店駐車場","35.715716","138.452952","https://btimes.jp/yamanashi/park/32399/"
"39880","城東4-17-6駐車場","35.653557","138.587714","https://btimes.jp/yamanashi/park/39880/"
"55613","中楯1312-1駐車場","35.605596","138.553993","https://btimes.jp/yamanashi/park/55613/"
"43195","ハッピードリンクショップ増穂最勝寺2号店駐車場","35.556533","138.463463","https://btimes.jp/yamanashi/park/43195/"
"57874","コメリ山梨万力店駐車場","35.68594","138.675811","https://btimes.jp/yamanashi/park/57874/"
"57271","日野春駅","35.786911","138.397574","https://btimes.jp/yamanashi/park/57271/"
"46967","ヴェルドミールA駐車場","35.691253","138.705742","https://btimes.jp/yamanashi/park/46967/"
"30300","エクセル838駐車場","35.687535","138.708066","https://btimes.jp/yamanashi/park/30300/"
"56855","笹子駅","35.601069","138.830296","https://btimes.jp/yamanashi/park/56855/"
"52549","ドラッグセイムス河口湖店駐車場","35.485942","138.766554","https://btimes.jp/yamanashi/park/52549/"
"64598","富士吉田市上吉田６丁目７駐車場","35.473252","138.795599","https://btimes.jp/yamanashi/park/64598/"
"60657","大月市駒橋駐車場","35.608417","138.964406","https://btimes.jp/yamanashi/park/60657/"
"60997","エコパークさるはし猿橋町殿上402-1","35.60892","138.97145","https://btimes.jp/yamanashi/park/60997/"
"43197","ハッピードリンクショップ大月七保5号店駐車場","35.6156","138.974441","https://btimes.jp/yamanashi/park/43197/"
"61080","エコパークさるはし南 猿橋町猿橋115-10","35.610417","138.98325","https://btimes.jp/yamanashi/park/61080/"
"61127","猿橋町猿橋578付近駐車場","35.613671","138.984756","https://btimes.jp/yamanashi/park/61127/"
"58843","小川駐車場B","35.990278","138.151372","https://btimes.jp/nagano/park/58843/"
"46970","LFハイムC駐車場","35.635409","138.5367","https://btimes.jp/yamanashi/park/46970/"
"57272","韮崎駅","35.70709","138.454335","https://btimes.jp/yamanashi/park/57272/"
"52910","マンスリー甲府北口第２駐車場","35.665999","138.576382","https://btimes.jp/yamanashi/park/52910/"
"40747","ハッピードリンクショップ古府中町店駐車場","35.671966","138.580487","https://btimes.jp/yamanashi/park/40747/"
"45859","イーストフィールド駐車場","35.642423","138.686424","https://btimes.jp/yamanashi/park/45859/"
"3315","山梨市駅前駐車場","35.68391","138.687501","https://btimes.jp/yamanashi/park/3315/"
"47066","タイムズ塩山駅前第２駐車場","35.701728","138.73511","https://btimes.jp/yamanashi/park/47066/"
"50089","コンサートホール 吉田店駐車場","37.674726","138.899941","https://btimes.jp/niigata/park/50089/"
"33453","コメリパワー長岡店駐車場","37.459343","138.825179","https://btimes.jp/niigata/park/33453/"
"38343","コメリ見附店駐車場","37.53145","138.907839","https://btimes.jp/niigata/park/38343/"
"56290","【軽専用】パーキングスペース長岡表町3丁目月極駐車場","37.447341","138.851888","https://btimes.jp/niigata/park/56290/"
"54752","パーキングスペース長岡表町3丁目月極駐車場","37.447318","138.851899","https://btimes.jp/niigata/park/54752/"
"34998","サウスウェーブ3駐車場","37.867828","138.956356","https://btimes.jp/niigata/park/34998/"
"33412","パワーコメリ新潟西店駐車場","37.863398","138.988066","https://btimes.jp/niigata/park/33412/"
"44966","花鳥苑ヴィラ駐車場","37.889837","138.991266","https://btimes.jp/niigata/park/44966/"
"34968","巻駅構内駐車場","37.753743","138.892399","https://btimes.jp/niigata/park/34968/"
"55650","巻甲3006駐車場","37.759889","138.890939","https://btimes.jp/niigata/park/55650/"
"66441","ケーズデンキ長岡西店駐車場","37.453189","138.816401","https://btimes.jp/niigata/park/66441/"
"54956","コメリパワー長岡店駐車場","37.459343","138.825179","https://btimes.jp/niigata/park/54956/"
"52823","長岡市古正寺町駐車場","37.448937","138.820879","https://btimes.jp/niigata/park/52823/"
"46211","燕三条駅第2外駐車場","37.642274","138.941063","https://btimes.jp/niigata/park/46211/"
"34967","小高駐車場","37.65821","138.948697","https://btimes.jp/niigata/park/34967/"
"25988","城内町3-3-12駐車場","37.447032","138.856202","https://btimes.jp/niigata/park/25988/"
"34976","越後赤塚駅駐車場","37.81283","138.911075","https://btimes.jp/niigata/park/34976/"
"34953","三条荒町駐車場","37.636769","138.951527","https://btimes.jp/niigata/park/34953/"
"42102","タイムズ東三条駅前駐車場","37.625998","138.977416","https://btimes.jp/niigata/park/42102/"
"46165","東三条駅(北口)駐車場","37.626017","138.978525","https://btimes.jp/niigata/park/46165/"
"53671","ユニエミール新潟大学前駐車場","37.864982","138.952174","https://btimes.jp/niigata/park/53671/"
"48536","小針上山駐車場","37.891362","138.998122","https://btimes.jp/niigata/park/48536/"
"46171","ビレッジハウス中津川第三駐車場","35.502718","137.514688","https://btimes.jp/gifu/park/46171/"
"58970","ビレッジハウス茄子川駐車場","35.465912","137.462379","https://btimes.jp/gifu/park/58970/"
"58969","ビレッジハウス南中津川駐車場","35.463627","137.459643","https://btimes.jp/gifu/park/58969/"
"58908","ビレッジハウス長島第二駐車場","35.439997","137.411567","https://btimes.jp/gifu/park/58908/"
"33587","中央道高速バス伊賀良駐車場","35.499977","137.801347","https://btimes.jp/nagano/park/33587/"
"60211","仲ノ町354番地9駐車場","35.512219","137.833653","https://btimes.jp/nagano/park/60211/"
"40515","酒のスーパータカぎ赤穂バイパス店駐車場","35.716113","137.941706","https://btimes.jp/nagano/park/40515/"
"58953","ビレッジハウス川辺1駐車場","35.494811","137.069268","https://btimes.jp/gifu/park/58953/"
"61045","伊那バスターミナル北パーキング","35.835752","137.960893","https://btimes.jp/nagano/park/61045/"
"63454","小沢川室町駐車場","35.840983","137.958041","https://btimes.jp/nagano/park/63454/"
"63622","【軽専用】通り町銀座パーキング","35.835538","137.961408","https://btimes.jp/nagano/park/63622/"
"63624","室町銀座パーキング","35.838323","137.960029","https://btimes.jp/nagano/park/63624/"
"63623","錦町銀座駐車場","35.835347","137.963886","https://btimes.jp/nagano/park/63623/"
"65237","錦町金座パーキング","35.836165","137.964682","https://btimes.jp/nagano/park/65237/"
"54533","酒のスーパータカぎ伊那店駐車場","35.828511","137.971343","https://btimes.jp/nagano/park/54533/"
"58968","ビレッジハウス可児駐車場","35.427096","137.075513","https://btimes.jp/gifu/park/58968/"
"58130","FKアングラート駐車場","35.424315","137.031585","https://btimes.jp/gifu/park/58130/"
"35910","赤坂町66-1駐車場","35.338806","137.10445","https://btimes.jp/gifu/park/35910/"
"39776","遠鉄西鹿島駅東第２軽パーキング（遠州鉄道）","35.843267","137.81139","https://btimes.jp/shizuoka/park/39776/"
"61046","【軽専用】伊那バスターミナル北パーキング","35.835752","137.960893","https://btimes.jp/nagano/park/61046/"
"48314","姫駅月極駐車場","35.378723","137.075409","https://btimes.jp/gifu/park/48314/"
"45276","多治見駅北月極駐車場","35.333489","137.124772","https://btimes.jp/gifu/park/45276/"
"58911","ビレッジハウス当成東","35.476168","133.268885","https://btimes.jp/tottori/park/58911/"
"3420","トラットリア豚のしっぽ駐車場","35.429884","133.14247","https://btimes.jp/shimane/park/3420/"
"55671","柱番号51-70番駐車場","35.460672","133.075669","https://btimes.jp/shimane/park/55671/"
"55672","柱番号51-70番駐車場","35.460859","133.075144","https://btimes.jp/shimane/park/55672/"
"55673","柱番号71-84番駐車場","35.461095","133.074401","https://btimes.jp/shimane/park/55673/"
"55674","柱番号71-84番駐車場","35.461297","133.073703","https://btimes.jp/shimane/park/55674/"
"42258","大輪町駐車場","35.478131","133.062274","https://btimes.jp/shimane/park/42258/"
"55679","駐車場A-Cゾーン","35.461389","133.069455","https://btimes.jp/shimane/park/55679/"
"42066","松江母衣町188駐車場","35.469658","133.059911","https://btimes.jp/shimane/park/42066/"
"61129","西茶町27-21西茶町駐車場駐車場","35.466063","133.052836","https://btimes.jp/shimane/park/61129/"
"55201","柱番号256-267番駐車場","35.456838","133.057636","https://btimes.jp/shimane/park/55201/"
"55377","柱番号268-283番駐車場","35.4563","133.056917","https://btimes.jp/shimane/park/55377/"
"55203","柱番号287-297番駐車場","35.455472","133.055664","https://btimes.jp/shimane/park/55203/"
"55204","柱番号287-297番駐車場","35.45513","133.055199","https://btimes.jp/shimane/park/55204/"
"55205","柱番号299-307番駐車場","35.454806","133.05482","https://btimes.jp/shimane/park/55205/"
"776","タイムズカー米子中央店駐車場","35.42952","133.356278","https://btimes.jp/tottori/park/776/"
"55665","柱番号1-14番駐車場","35.459287","133.079547","https://btimes.jp/shimane/park/55665/"
"55666","柱番号1-14番駐車場","35.459427","133.079194","https://btimes.jp/shimane/park/55666/"
"55667","柱番号15-31番駐車場","35.459569","133.078784","https://btimes.jp/shimane/park/55667/"
"55668","柱番号15-31番駐車場","35.459853","133.077921","https://btimes.jp/shimane/park/55668/"
"55669","柱番号32-49番駐車場","35.460073","133.077359","https://btimes.jp/shimane/park/55669/"
"55670","柱番号32-49番駐車場","35.460298","133.076705","https://btimes.jp/shimane/park/55670/"
"55675","柱番号86-103番駐車場","35.46145","133.073131","https://btimes.jp/shimane/park/55675/"
"55676","柱番号86-103番駐車場","35.461579","133.072343","https://btimes.jp/shimane/park/55676/"
"55677","柱番号104-117番駐車場","35.461637","133.071465","https://btimes.jp/shimane/park/55677/"
"55678","柱番号104-117番駐車場","35.461602","133.071001","https://btimes.jp/shimane/park/55678/"
"55680","駐車場A-Cゾーン","35.461537","133.070153","https://btimes.jp/shimane/park/55680/"
"55681","駐車場A-Cゾーン","35.461537","133.070153","https://btimes.jp/shimane/park/55681/"
"55194","柱番号212-227番駐車場","35.45998","133.061886","https://btimes.jp/shimane/park/55194/"
"55195","柱番号212-227番駐車場","35.459535","133.061017","https://btimes.jp/shimane/park/55195/"
"55196","柱番号228-242番駐車場","35.459162","133.060547","https://btimes.jp/shimane/park/55196/"
"55197","柱番号228-242番駐車場","35.45883","133.060098","https://btimes.jp/shimane/park/55197/"
"55198","柱番号245-255番駐車場","35.45762","133.058657","https://btimes.jp/shimane/park/55198/"
"55199","柱番号245-255番駐車場","35.457271","133.058227","https://btimes.jp/shimane/park/55199/"
"55200","柱番号256-267番駐車場","35.457152","133.058022","https://btimes.jp/shimane/park/55200/"
"55202","柱番号268-283番駐車場","35.456609","133.057278","https://btimes.jp/shimane/park/55202/"
"55206","柱番号299-307番駐車場","35.45462","133.054665","https://btimes.jp/shimane/park/55206/"
"64876","白石１-8-19駐車場","34.175392","131.472247","https://btimes.jp/yamaguchi/park/64876/"
"53009","ハートハウス白石駐車場２番","34.170462","131.47238","https://btimes.jp/yamaguchi/park/53009/"
"53008","ハートハウス白石駐車場１番","34.170293","131.471997","https://btimes.jp/yamaguchi/park/53008/"
"48732","進物の大進 山口店駐車場","34.166605","131.47831","https://btimes.jp/yamaguchi/park/48732/"
"31578","ＤＣＭ山口店駐車場","34.164286","131.469658","https://btimes.jp/yamaguchi/park/31578/"
"33543","コメリ長門店駐車場","34.366056","131.178069","https://btimes.jp/yamaguchi/park/33543/"
"48731","進物の大進 防府店駐車場","34.054565","131.56678","https://btimes.jp/yamaguchi/park/48731/"
"53499","鹿野上3217駐車場","34.226249","131.820329","https://btimes.jp/yamaguchi/park/53499/"
"46805","ビレッジハウス北山手駐車場","34.020851","131.544952","https://btimes.jp/yamaguchi/park/46805/"
"46802","ビレッジハウス田島駐車場","34.019382","131.558044","https://btimes.jp/yamaguchi/park/46802/"
"59177","バイク徳山駅前","34.049883","131.80524","https://btimes.jp/yamaguchi/park/59177/"
"39941","平和通り1-4駐車場","34.048984","131.810832","https://btimes.jp/yamaguchi/park/39941/"
"48547","進物の大進 下松店駐車場","34.023001","131.854458","https://btimes.jp/yamaguchi/park/48547/"
"46803","ビレッジハウス河内第二駐車場","34.023896","131.904228","https://btimes.jp/yamaguchi/park/46803/"
"39868","桑南２丁目２２北駐車場","34.03543","131.561531","https://btimes.jp/yamaguchi/park/39868/"
"39867","桑南2駐車場","34.034422","131.561473","https://btimes.jp/yamaguchi/park/39867/"
"61366","中房登山口　有料予約第一駐車場　※No.50から54は駐車禁止※","36.385829","137.750769","https://btimes.jp/nagano/park/61366/"
"55433","池田五丁目駐車場","36.427186","137.875766","https://btimes.jp/nagano/park/55433/"
"40512","酒のスーパータカぎ松本梓川店駐車場","36.232493","137.894418","https://btimes.jp/nagano/park/40512/"
"25664","森口駅前駐車場","36.20459","137.883075","https://btimes.jp/nagano/park/25664/"
"49289","大町市大町5375－1駐車場","36.508678","137.851918","https://btimes.jp/nagano/park/49289/"
"57884","コメリパワー安曇野店駐車場","36.299068","137.928364","https://btimes.jp/nagano/park/57884/"
"29220","新村駅構内（西）駐車場","36.213115","137.907488","https://btimes.jp/nagano/park/29220/"
"29230","高速バス乗換専用駐車場","36.226931","137.94724","https://btimes.jp/nagano/park/29230/"
"29266","土木管理総合試験所駐車場","36.226027","137.948158","https://btimes.jp/nagano/park/29266/"
"50159","松本ウエルトンホテル駐車場","36.228534","137.961954","https://btimes.jp/nagano/park/50159/"
"46277","藍みゅーじっく駐車場","36.647275","137.232008","https://btimes.jp/toyama/park/46277/"
"41242","松本第11レジデンス駐車場","36.250776","137.96888","https://btimes.jp/nagano/park/41242/"
"35226","大手2-8-18深志歯科医院駐車場","36.23381","137.970794","https://btimes.jp/nagano/park/35226/"
"60946","大手2-8-18深志歯科医院駐車場　臨時追加分","36.23381","137.970794","https://btimes.jp/nagano/park/60946/"
"41232","アルピコプラザ駐車場","36.226243","137.970041","https://btimes.jp/nagano/park/41232/"
"29223","上土劇場東駐車場","36.232005","137.976269","https://btimes.jp/nagano/park/29223/"
"29264","上土劇場東駐車場","36.232005","137.976269","https://btimes.jp/nagano/park/29264/"
"33455","コメリ宮野店駐車場","36.626302","137.178109","https://btimes.jp/toyama/park/33455/"
"30894","富山市本郷新　スーパーコインランドリー本郷新店　駐車場","36.663247","137.234828","https://btimes.jp/toyama/park/30894/"
"36616","松本中央3丁目駐車場","36.22813","137.977887","https://btimes.jp/nagano/park/36616/"
"64604","村井町西1丁目駐車場","36.172446","137.957556","https://btimes.jp/nagano/park/64604/"
"48600","タイムズ塩尻駅東口第２駐車場","36.112487","137.952541","https://btimes.jp/nagano/park/48600/"
"53472","婦中町砂子田駐車場","36.654432","137.159672","https://btimes.jp/toyama/park/53472/"
"58058","タイムズ高山駅前駐車場","36.139131","137.252475","https://btimes.jp/gifu/park/58058/"
"50160","松本ウエルトンホテル駐車場","36.228534","137.961954","https://btimes.jp/nagano/park/50160/"
"33454","コメリ黒部店駐車場","36.87898","137.464746","https://btimes.jp/toyama/park/33454/"
"65192","田家新802-3駐車場","36.848714","137.444464","https://btimes.jp/toyama/park/65192/"
"65917","タイムズマンスリー魚津駅前新町","36.821361","137.407478","https://btimes.jp/toyama/park/65917/"
"35504","魚津第七高架下ブロック15駐車場","36.816551","137.405592","https://btimes.jp/toyama/park/35504/"
"35531","魚津第六高架下ブロック14駐車場","36.816105","137.405415","https://btimes.jp/toyama/park/35531/"
"35516","魚津第五高架下ブロック13駐車場","36.815303","137.405154","https://btimes.jp/toyama/park/35516/"
"35491","魚津第四高架下ブロック12駐車場","36.814275","137.404668","https://btimes.jp/toyama/park/35491/"
"35533","魚津第四高架下ブロック11駐車場","36.813712","137.404341","https://btimes.jp/toyama/park/35533/"
"35490","魚津第三高架下ブロック10駐車場","36.81333","137.404227","https://btimes.jp/toyama/park/35490/"
"35532","魚津第二高架下ブロック7駐車場","36.811615","137.403459","https://btimes.jp/toyama/park/35532/"
"35517","魚津第二高架下ブロック5駐車場","36.810041","137.402573","https://btimes.jp/toyama/park/35517/"
"35515","魚津第一高架下ブロック2駐車場","36.808328","137.401874","https://btimes.jp/toyama/park/35515/"
"33613","コメリパワー魚津店駐車場","36.798428","137.410035","https://btimes.jp/toyama/park/33613/"
"58766","ビレッジハウス四方駐車場","36.751743","137.202942","https://btimes.jp/toyama/park/58766/"
"27813","富山市草島　小池木材駐車場","36.744271","137.209281","https://btimes.jp/toyama/park/27813/"
"30900","富山市中島３丁目　スーパーコインランドリー中島店　駐車場","36.718107","137.227347","https://btimes.jp/toyama/park/30900/"
"47313","新庄町1-17-35ライフハイム駐車場","36.697233","137.256526","https://btimes.jp/toyama/park/47313/"
"58781","奥田寿町駐車場","36.701398","137.223104","https://btimes.jp/toyama/park/58781/"
"45176","富山奥田新町駐車場","36.701746","137.222002","https://btimes.jp/toyama/park/45176/"
"65582","城北町18-3駐車場","36.696614","137.225217","https://btimes.jp/toyama/park/65582/"
"66221","城北町18-3駐車場","36.696614","137.225217","https://btimes.jp/toyama/park/66221/"
"66222","城北町18-3駐車場","36.696614","137.225217","https://btimes.jp/toyama/park/66222/"
"61079","牛島本町１丁目Sパーキング駐車場","36.702018","137.212723","https://btimes.jp/toyama/park/61079/"
"30192","富山市石坂駐車場","36.707563","137.202429","https://btimes.jp/toyama/park/30192/"
"27770","富山市牛島本町２丁目駐車場","36.700979","137.211919","https://btimes.jp/toyama/park/27770/"
"58760","ビレッジハウス堀岡駐車場","36.768262","137.126878","https://btimes.jp/toyama/park/58760/"
"62473","堀岡明神新駐車場","36.770571","137.122611","https://btimes.jp/toyama/park/62473/"
"53471","呉羽駅前駐車場","36.716074","137.170403","https://btimes.jp/toyama/park/53471/"
"49402","第１田尻パーキング","36.681438","137.214601","https://btimes.jp/toyama/park/49402/"
"54388","富山地方裁判所前・西田地方町横駐車場","36.681013","137.209828","https://btimes.jp/toyama/park/54388/"
"51614","ライフパーキング","36.695622","137.18629","https://btimes.jp/toyama/park/51614/"
"54390","西田地方町2-7-1駐車場","36.680736","137.209203","https://btimes.jp/toyama/park/54390/"
"58759","ビレッジハウス作道駐車場","36.756331","137.089724","https://btimes.jp/toyama/park/58759/"
"58763","ビレッジハウス西本郷駐車場","36.677733","137.169782","https://btimes.jp/toyama/park/58763/"
"64412","東太閤山3丁目第二駐車場","36.695402","137.121608","https://btimes.jp/toyama/park/64412/"
"64406","東太閤山3丁目駐車場(屋根なし)","36.695703","137.120467","https://btimes.jp/toyama/park/64406/"
"41198","能町駅前第二駐車場","36.76613","137.041998","https://btimes.jp/toyama/park/41198/"
"46873","ビレッジハウス太閤山駐車場","36.702276","137.098719","https://btimes.jp/toyama/park/46873/"
"59536","江尻730-5駐車場","36.761562","137.032151","https://btimes.jp/toyama/park/59536/"
"30524","高岡市中川園町パーキング","36.746158","137.034818","https://btimes.jp/toyama/park/30524/"
"43291","アルビス丸の内店駐車場","36.747823","137.021552","https://btimes.jp/toyama/park/43291/"
"30686","高岡市　内免駐車場","36.75626","137.012802","https://btimes.jp/toyama/park/30686/"
"30888","高岡市京田　スーパーコインランドリー駅南店　駐車場","36.727521","137.019248","https://btimes.jp/toyama/park/30888/"
"58428","スーパーコインランドリー京田店","36.724551","137.015968","https://btimes.jp/toyama/park/58428/"
"65815","エクセレント清水駐車場","36.735252","137.006749","https://btimes.jp/toyama/park/65815/"
"65489","エクセレント清水駐車場","36.73517","137.006733","https://btimes.jp/toyama/park/65489/"
"56569","タイムズ富山桜町","36.695747","137.21816","https://btimes.jp/toyama/park/56569/"
"35480","魚津第八高架下ブロック16駐車場","36.817796","137.406175","https://btimes.jp/toyama/park/35480/"
"35518","魚津第三高架下ブロック8駐車場","36.812002","137.403586","https://btimes.jp/toyama/park/35518/"
"35479","魚津第一高架下ブロック3駐車場","36.809077","137.402045","https://btimes.jp/toyama/park/35479/"
"35557","魚津第一高架下ブロック1駐車場","36.80804","137.401708","https://btimes.jp/toyama/park/35557/"
"58769","ビレッジハウス水橋駐車場","36.7431","137.304338","https://btimes.jp/toyama/park/58769/"
"49211","湊入船町パーキング","36.702854","137.2181","https://btimes.jp/toyama/park/49211/"
"49212","牛島新町パーキング","36.698788","137.220358","https://btimes.jp/toyama/park/49212/"
"44219","蛯町第1パーキング","36.687542","137.220219","https://btimes.jp/toyama/park/44219/"
"50107","サン・ラファエル駐車場","36.684911","137.211942","https://btimes.jp/toyama/park/50107/"
"46192","富山大学西門第３駐車場","36.698309","137.189267","https://btimes.jp/toyama/park/46192/"
"46191","富山大学西門第１駐車場","36.698082","137.188972","https://btimes.jp/toyama/park/46191/"
"64407","東太閤山3丁目駐車場(屋根あり)","36.695703","137.120467","https://btimes.jp/toyama/park/64407/"
"41677","かすみ第一パーキング","36.741657","137.015134","https://btimes.jp/toyama/park/41677/"
"30875","高岡市昭和町３丁目　スーパーコインランドリー昭和町店　駐車場","36.750321","137.003657","https://btimes.jp/toyama/park/30875/"
"61284","淀川一丁目5-14駐車場","31.90035","131.418453","https://btimes.jp/miyazaki/park/61284/"
"42950","スイートアリス第2駐車場","31.901867","131.411694","https://btimes.jp/miyazaki/park/42950/"
"58819","マンスリーモナコパレス1000宮崎駅前店駐車場","31.913937","131.433149","https://btimes.jp/miyazaki/park/58819/"
"44244","オーパス宮崎本店　MR階・R階駐車場（屋上）","31.916093","131.434074","https://btimes.jp/miyazaki/park/44244/"
"61204","神宮西２-１１２駐車場","31.935492","131.420789","https://btimes.jp/miyazaki/park/61204/"
"61205","神宮西２-１１２駐車場","31.935492","131.420789","https://btimes.jp/miyazaki/park/61205/"
"43865","フタタ宮崎北バイパス店駐車場","31.949303","131.43319","https://btimes.jp/miyazaki/park/43865/"
"45257","ココカラ志布志店駐車場","31.456514","131.071114","https://btimes.jp/kagoshima/park/45257/"
"52677","タイムズ宮崎空港前駐車場","31.866367","131.439623","https://btimes.jp/miyazaki/park/52677/"
"25552","宮崎高松町第２駐車場","31.910495","131.422132","https://btimes.jp/miyazaki/park/25552/"
"55686","日南市南郷町潟上駐車場","31.513926","131.3736","https://btimes.jp/miyazaki/park/55686/"
"61282","淀川1丁目5-14駐車場","31.90035","131.418531","https://btimes.jp/miyazaki/park/61282/"
"52328","ベアーズ旭ビル駐車場","31.905819","131.43017","https://btimes.jp/miyazaki/park/52328/"
"42240","曽師町駐車場","31.907989","131.44036","https://btimes.jp/miyazaki/park/42240/"
"732","タイムズカー宮崎駅前店駐車場","31.910702","131.432715","https://btimes.jp/miyazaki/park/732/"
"49286","マンスリー大和町駐車場","31.913214","131.440052","https://btimes.jp/miyazaki/park/49286/"
"49287","マンスリー大和町駐車場","31.913214","131.440052","https://btimes.jp/miyazaki/park/49287/"
"44945","ココカラ都城店駐車場","31.727342","131.077395","https://btimes.jp/miyazaki/park/44945/"
"39599","東町駐車場","31.717588","131.072186","https://btimes.jp/miyazaki/park/39599/"
"58833","茶畑1丁目駐車場","39.690606","141.169241","https://btimes.jp/iwate/park/58833/"
"64005","アイエス駐車場","39.70675","141.171377","https://btimes.jp/iwate/park/64005/"
"42368","D-room中ノ橋駐車場","39.69439","141.165666","https://btimes.jp/iwate/park/42368/"
"47942","アリビオ駐車場","39.692885","141.164659","https://btimes.jp/iwate/park/47942/"
"32324","コナカ盛岡津志田店駐車場","39.664625","141.161508","https://btimes.jp/iwate/park/32324/"
"49425","カネマン津志田店　平面駐車場","39.665184","141.158801","https://btimes.jp/iwate/park/49425/"
"48745","盛岡津志田駐車場","39.657684","141.156513","https://btimes.jp/iwate/park/48745/"
"43244","矢巾駐車場","39.609094","141.163008","https://btimes.jp/iwate/park/43244/"
"44059","本町通1-10-25マルモ駐車場","39.703754","141.15736","https://btimes.jp/iwate/park/44059/"
"2018","野田踏切高架下駐車場（No.6）","39.66219","141.151288","https://btimes.jp/iwate/park/2018/"
"2017","野田踏切高架下駐車場（No.5）","39.661993","141.151274","https://btimes.jp/iwate/park/2017/"
"2021","白沢自工前高架下駐車場","39.681338","141.151895","https://btimes.jp/iwate/park/2021/"
"1984","岩手飯岡駅Ａ駐車場（駅北月極）","39.651921","141.150522","https://btimes.jp/iwate/park/1984/"
"1985","岩手飯岡駅Ｂ（駅南月極）駐車場","39.650461","141.150409","https://btimes.jp/iwate/park/1985/"
"55084","IS駐車場","39.681142","141.145909","https://btimes.jp/iwate/park/55084/"
"2013","矢幅駅北高架下駐車場","39.611817","141.151717","https://btimes.jp/iwate/park/2013/"
"2012","矢幅駅南高架下駐車場（No.2）","39.608607","141.152376","https://btimes.jp/iwate/park/2012/"
"2011","矢幅駅南高架下駐車場（No.1）","39.607936","141.152493","https://btimes.jp/iwate/park/2011/"
"48436","ホテルエース機械式駐車場","39.701214","141.147957","https://btimes.jp/iwate/park/48436/"
"38169","グラディート大沢川原駐車場","39.698251","141.144999","https://btimes.jp/iwate/park/38169/"
"60487","フィジオパーキング","39.677992","141.140077","https://btimes.jp/iwate/park/60487/"
"62699","ＭＪパーキングＩ","39.707857","141.143636","https://btimes.jp/iwate/park/62699/"
"59464","黒澤駐車場（新区画）","39.739478","141.152053","https://btimes.jp/iwate/park/59464/"
"38179","上田１丁目駐車場","39.708538","141.143129","https://btimes.jp/iwate/park/38179/"
"60432","黒澤駐車場","39.739783","141.151488","https://btimes.jp/iwate/park/60432/"
"54909","盛岡駅前通駐車場","39.702432","141.136659","https://btimes.jp/iwate/park/54909/"
"35337","メゾン・ベルエール駐車場","39.711156","141.137454","https://btimes.jp/iwate/park/35337/"
"35336","ルネス・ベルエール駐車場","39.712829","141.135536","https://btimes.jp/iwate/park/35336/"
"58793","ビレッジハウス紫波駐車場","39.537368","141.166868","https://btimes.jp/iwate/park/58793/"
"54910","盛岡北夕顔瀬駐車場","39.706352","141.131287","https://btimes.jp/iwate/park/54910/"
"42025","シエル北夕顔瀬駐車場","39.707575","141.131449","https://btimes.jp/iwate/park/42025/"
"65797","下田社宅高架下月極駐車場","39.705195","141.130157","https://btimes.jp/iwate/park/65797/"
"63482","本宮6-4-22いわしな治療院駐車場","39.684672","141.126983","https://btimes.jp/iwate/park/63482/"
"65798","前九年高架下月極駐車場","39.711664","141.125491","https://btimes.jp/iwate/park/65798/"
"60325","パーキングT２","39.741147","141.133525","https://btimes.jp/iwate/park/60325/"
"60141","IGR 厨川駅駐車場","39.741853","141.133108","https://btimes.jp/iwate/park/60141/"
"61633","青山駅駐車場","39.72239","141.12255","https://btimes.jp/iwate/park/61633/"
"64895","青山駅前駐車場","39.724043","141.122396","https://btimes.jp/iwate/park/64895/"
"2024","青山二丁目駐車場","39.720999","141.120842","https://btimes.jp/iwate/park/2024/"
"33369","コメリ遠野店駐車場","39.334264","141.54767","https://btimes.jp/iwate/park/33369/"
"29286","宮守町下宮守26地割4-1　ささき酒店駐車場","39.34427","141.357233","https://btimes.jp/iwate/park/29286/"
"47520","胡四王2-24-5駐車場","39.405159","141.179706","https://btimes.jp/iwate/park/47520/"
"1982","花巻空港駅駐車場","39.440012","141.131572","https://btimes.jp/iwate/park/1982/"
"33567","コメリパワー花巻店駐車場","39.410341","141.13379","https://btimes.jp/iwate/park/33567/"
"32323","コナカ花巻店駐車場","39.390564","141.126911","https://btimes.jp/iwate/park/32323/"
"42026","花巻西口駐車場","39.391581","141.112193","https://btimes.jp/iwate/park/42026/"
"61354","花巻市桜町一丁目「BLISS（ブリス）」駐車場","39.374529","141.119448","https://btimes.jp/iwate/park/61354/"
"61092","タイムズコジマ×ビックカメラ盛岡店駐車場","39.697435","141.134046","https://btimes.jp/iwate/park/61092/"
"54713","ミューゼヒロ月極駐車場","39.640037","141.17176","https://btimes.jp/iwate/park/54713/"
"58834","小笠原光一駐車場","39.685327","141.167118","https://btimes.jp/iwate/park/58834/"
"58835","小笠原光一駐車場","39.685327","141.167118","https://btimes.jp/iwate/park/58835/"
"58804","サザンハイツパーキング","39.692971","141.159247","https://btimes.jp/iwate/park/58804/"
"58803","中村駐車場（仙北）","39.682769","141.155207","https://btimes.jp/iwate/park/58803/"
"53282","パラシオン清水町駐車場","39.693819","141.154259","https://btimes.jp/iwate/park/53282/"
"52873","ユーゲントハイム盛岡駐車場","39.704456","141.155657","https://btimes.jp/iwate/park/52873/"
"2016","野田踏切高架下駐車場（No.4）","39.661677","141.151232","https://btimes.jp/iwate/park/2016/"
"2014","野田踏切高架下駐車場（No.1）","39.661252","141.151216","https://btimes.jp/iwate/park/2014/"
"2015","野田踏切高架下駐車場（No.2-3）","39.661539","141.151207","https://btimes.jp/iwate/park/2015/"
"59532","タイムズ盛岡内丸駐車場","39.69991","141.153969","https://btimes.jp/iwate/park/59532/"
"60580","タイムズ盛岡本町通第４駐車場","39.703923","141.153732","https://btimes.jp/iwate/park/60580/"
"55480","タイムズマンスリー盛岡大沢川原駐車場","39.696222","141.150912","https://btimes.jp/iwate/park/55480/"
"53281","仙北町月極駐車場","39.682942","141.146757","https://btimes.jp/iwate/park/53281/"
"61641","タイムズ盛岡中央通第３駐車場","39.703675","141.1482","https://btimes.jp/iwate/park/61641/"
"38180","開運橋通駐車場","39.699257","141.147199","https://btimes.jp/iwate/park/38180/"
"62594","タイムズ盛岡長田町第２駐車場","39.706382","141.146077","https://btimes.jp/iwate/park/62594/"
"62595","タイムズ盛岡長田町第２駐車場","39.706382","141.146077","https://btimes.jp/iwate/park/62595/"
"64453","盛岡駅西南月極駐車場","39.694544","141.140558","https://btimes.jp/iwate/park/64453/"
"58836","SUNPALACE結駐車場","39.702157","141.13277","https://btimes.jp/iwate/park/58836/"
"53000","ヒューマンスクエア月が丘","39.726377","141.112225","https://btimes.jp/iwate/park/53000/"
"59113","タイムズ宮古大通駐車場","39.637579","141.951803","https://btimes.jp/iwate/park/59113/"
"63625","田中西町トランクルーム駐車場","32.517636","130.601849","https://btimes.jp/kumamoto/park/63625/"
"33575","コメリパワー出水店駐車場","32.098504","130.347349","https://btimes.jp/kagoshima/park/33575/"
"61251","南新町13-6駐車場","32.448658","130.198011","https://btimes.jp/kumamoto/park/61251/"
"33461","コメリ本渡店駐車場","32.431501","130.184168","https://btimes.jp/kumamoto/park/33461/"
"58955","ビレッジハウス不知火駐車場","32.641989","130.669336","https://btimes.jp/kumamoto/park/58955/"
"38281","コメリパワー上越高田インター店駐車場","37.086266","138.235368","https://btimes.jp/niigata/park/38281/"
"46985","カーサ白金駐車場","37.143702","138.240864","https://btimes.jp/niigata/park/46985/"
"33456","コメリパワー中野店駐車場","36.754666","138.374397","https://btimes.jp/nagano/park/33456/"
"54359","西本町1丁目229-3直江津駅北口通り駐車場","37.166809","138.243491","https://btimes.jp/niigata/park/54359/"
"54511","西本町1丁目直江津駅北口通りバイク駐輪場","37.1668","138.243405","https://btimes.jp/niigata/park/54511/"
"62759","マルトミパーキング第2　区画番号20番","36.733851","138.425612","https://btimes.jp/nagano/park/62759/"
"40508","酒のスーパータカぎ中野店駐車場","36.728006","138.34598","https://btimes.jp/nagano/park/40508/"
"3239","小布施1407-3駐車場","36.696579","138.318564","https://btimes.jp/nagano/park/3239/"
"40501","酒のスーパータカぎ徳間店駐車場","36.672697","138.23155","https://btimes.jp/nagano/park/40501/"
"38313","コメリパワー小千谷駐車場","37.316632","138.80025","https://btimes.jp/niigata/park/38313/"
"54531","酒のスーパータカぎ上松店駐車場","36.673257","138.203099","https://btimes.jp/nagano/park/54531/"
"990","西神楽1線24号465駐車場","43.642117","142.453329","https://btimes.jp/hokkaido/park/990/"
"42815","秀英予備校 東光南校駐車場","43.737681","142.407578","https://btimes.jp/hokkaido/park/42815/"
"47456","ビレッジハウス神楽岡駐車場","43.731212","142.379537","https://btimes.jp/hokkaido/park/47456/"
"54476","イブシェール旭川２条通２１丁目駐車場","43.758352","142.384389","https://btimes.jp/hokkaido/park/54476/"
"36394","旭川１・２０駐車場","43.758273","142.381958","https://btimes.jp/hokkaido/park/36394/"
"52821","旭川５・２１クレージュ","43.761626","142.385499","https://btimes.jp/hokkaido/park/52821/"
"33529","コメリパワー旭川宮前店駐車場","43.755917","142.375269","https://btimes.jp/hokkaido/park/33529/"
"48200","旭川３条通１３丁目駐車場","43.762307","142.372928","https://btimes.jp/hokkaido/park/48200/"
"53419","旭川２・９駐車場","43.76317","142.365481","https://btimes.jp/hokkaido/park/53419/"
"52816","旭川３・９第４","43.764207","142.366283","https://btimes.jp/hokkaido/park/52816/"
"51605","旭川市神楽１条７丁目レガート駐車場","43.758221","142.357985","https://btimes.jp/hokkaido/park/51605/"
"58509","９条通11丁目2191-106Fran・911駐車場","43.769947","142.373428","https://btimes.jp/hokkaido/park/58509/"
"31165","旭川市8条通10丁目　たんぽぽ駐車場","43.770091","142.371292","https://btimes.jp/hokkaido/park/31165/"
"46781","サンピア旭川８・９駐車場","43.77082","142.369379","https://btimes.jp/hokkaido/park/46781/"
"46780","旭川９条通９丁目クローバー駐車場","43.771852","142.370116","https://btimes.jp/hokkaido/park/46780/"
"59885","旭川９・８駐車場","43.771516","142.368096","https://btimes.jp/hokkaido/park/59885/"
"54618","旭川市１条通３丁目駐車場","43.765155","142.35676","https://btimes.jp/hokkaido/park/54618/"
"66438","ラナイ・ベース駐車場","43.766833","142.35726","https://btimes.jp/hokkaido/park/66438/"
"54473","リネーア旭川３条通３丁目駐車場","43.767141","142.357544","https://btimes.jp/hokkaido/park/54473/"
"52817","旭川７・５","43.770816","142.362458","https://btimes.jp/hokkaido/park/52817/"
"46783","アルエ旭川３条通３丁目駐車場","43.767334","142.357246","https://btimes.jp/hokkaido/park/46783/"
"53039","旭川３・３グルービー","43.767559","142.357123","https://btimes.jp/hokkaido/park/53039/"
"46782","スピーナ旭川４・３駐車場","43.7679","142.357409","https://btimes.jp/hokkaido/park/46782/"
"53007","旭川市７条通５丁目駐車場","43.771553","142.362106","https://btimes.jp/hokkaido/park/53007/"
"48550","旭川大町２条３丁目駐車場","43.783443","142.366269","https://btimes.jp/hokkaido/park/48550/"
"42811","秀英予備校 旭川末広校駐車場","43.803053","142.389396","https://btimes.jp/hokkaido/park/42811/"
"46340","春光４条4丁目2-33駐車場","43.798186","142.365008","https://btimes.jp/hokkaido/park/46340/"
"57885","コメリ深川店駐車場","43.708336","142.019084","https://btimes.jp/hokkaido/park/57885/"
"36102","旭川豊岡4条1丁目駐車場","43.758582","142.394885","https://btimes.jp/hokkaido/park/36102/"
"32471","旭川市豊岡9条2丁目駐車場","43.764645","142.396516","https://btimes.jp/hokkaido/park/32471/"
"54475","レジーナ旭川１条通２２丁目駐車場","43.757465","142.384635","https://btimes.jp/hokkaido/park/54475/"
"36664","菊乃湯駐車場","43.742149","142.361066","https://btimes.jp/hokkaido/park/36664/"
"41345","タイムズ旭川宮前1条駐車場","43.758343","142.369322","https://btimes.jp/hokkaido/park/41345/"
"40641","タイムズ秋田銀行旭川支店駐車場","43.765141","142.367301","https://btimes.jp/hokkaido/park/40641/"
"50489","神居2条16丁目駐車場","43.750422","142.344253","https://btimes.jp/hokkaido/park/50489/"
"25869","旭川３・６駐車場","43.765834","142.361674","https://btimes.jp/hokkaido/park/25869/"
"25870","旭川３・５駐車場","43.766596","142.36044","https://btimes.jp/hokkaido/park/25870/"
"32349","コナカ気仙沼店駐車場","38.890358","141.571147","https://btimes.jp/miyagi/park/32349/"
"953","岩月千岩田１７-１駐車場","38.860006","141.586915","https://btimes.jp/miyagi/park/953/"
"39186","東山町長坂久保238-13駐車場","38.989958","141.273681","https://btimes.jp/iwate/park/39186/"
"32389","コナカ大船渡店駐車場","39.087443","141.718759","https://btimes.jp/iwate/park/32389/"
"33449","コメリ一関店駐車場","38.935774","141.138159","https://btimes.jp/iwate/park/33449/"
"1974","一関駅北駐車場","38.924322","141.141508","https://btimes.jp/iwate/park/1974/"
"1975","一関駅南駐車場","38.922995","141.140807","https://btimes.jp/iwate/park/1975/"
"1973","一関高架東駐車場（テニスコート跡）","38.920332","141.140813","https://btimes.jp/iwate/park/1973/"
"49285","岩手日日新聞社駅前駐車場","38.921183","141.140255","https://btimes.jp/iwate/park/49285/"
"58790","ビレッジハウス中田南駐車場","38.901633","141.141614","https://btimes.jp/iwate/park/58790/"
"32381","コナカ水沢店駐車場","39.133127","141.152961","https://btimes.jp/iwate/park/32381/"
"32305","コナカ一関店駐車場","38.934393","141.120054","https://btimes.jp/iwate/park/32305/"
"57877","コメリパワー水沢店駐車場","39.14845","141.162578","https://btimes.jp/iwate/park/57877/"
"1976","水沢駅駐車場","39.13523","141.149563","https://btimes.jp/iwate/park/1976/"
"58792","ビレッジハウス洞泉駐車場","39.246335","141.768813","https://btimes.jp/iwate/park/58792/"
"58791","ビレッジハウス釜石駐車場","39.257332","141.830644","https://btimes.jp/iwate/park/58791/"
"33568","コメリパワー佐沼店駐車場","38.682975","141.187039","https://btimes.jp/miyagi/park/33568/"
"32337","コナカ佐沼店駐車場","38.680698","141.189481","https://btimes.jp/miyagi/park/32337/"
"27368","北上寮駐車場","39.282544","141.129111","https://btimes.jp/iwate/park/27368/"
"1977","北上本通り駐車場","39.291679","141.125855","https://btimes.jp/iwate/park/1977/"
"32382","コナカ北上店駐車場","39.289563","141.111963","https://btimes.jp/iwate/park/32382/"
"58768","ビレッジハウス堤ヶ丘駐車場","39.307359","141.117671","https://btimes.jp/iwate/park/58768/"
"33408","コメリパワー北上店駐車場","39.309784","141.105606","https://btimes.jp/iwate/park/33408/"
"32368","コナカ築館店駐車場","38.740577","141.019773","https://btimes.jp/miyagi/park/32368/"
"50726","一ノ関駅南駐車場","38.920575","141.140074","https://btimes.jp/iwate/park/50726/"
"31999","タイムズ一関大町駐車場","38.927899","141.141673","https://btimes.jp/iwate/park/31999/"
"46481","タイムズ北上青柳第2駐車場","39.282209","141.122659","https://btimes.jp/iwate/park/46481/"
"1968","大館駅駐車場","40.285293","140.56146","https://btimes.jp/akita/park/1968/"
"33370","コメリパワー大館店駐車場","40.264964","140.583612","https://btimes.jp/akita/park/33370/"
"55147","ＪＲ鷹ノ巣駅前月極有料駐車場","40.229208","140.373682","https://btimes.jp/akita/park/55147/"
"58765","ビレッジハウス平賀駐車場","40.577881","140.578316","https://btimes.jp/aomori/park/58765/"
"36101","弘前市城東駐車場","40.590837","140.494681","https://btimes.jp/aomori/park/36101/"
"65376","外崎５丁目駐車場","40.591663","140.496738","https://btimes.jp/aomori/park/65376/"
"36080","弘前市外崎駐車場A","40.592334","140.498475","https://btimes.jp/aomori/park/36080/"
"66084","弘前市外崎駐車場Ｂ","40.592342","140.498237","https://btimes.jp/aomori/park/66084/"
"58164","下鞘師町12駐車場","40.602873","140.474522","https://btimes.jp/aomori/park/58164/"
"57888","コメリパワー能代東インター店駐車場","40.184435","140.078846","https://btimes.jp/akita/park/57888/"
"52760","ＪＲ東能代駅月極駐車場","40.188231","140.068834","https://btimes.jp/akita/park/52760/"
"62752","ＪＲ向能代駅前月極駐車場","40.223357","140.042686","https://btimes.jp/akita/park/62752/"
"2004","鹿角花輪（Ｂ）駐車場","40.184975","140.788712","https://btimes.jp/akita/park/2004/"
"35121","弘前市品川町　グリーン住宅前駐車場","40.593192","140.479289","https://btimes.jp/aomori/park/35121/"
"58949","ビレッジハウス久世駐車場","35.074078","133.773817","https://btimes.jp/okayama/park/58949/"
"58903","ビレッジハウス鏡野駐車場","35.079225","133.907407","https://btimes.jp/okayama/park/58903/"
"58952","ビレッジハウス鏡野駐車場","35.079225","133.907407","https://btimes.jp/okayama/park/58952/"
"58932","ビレッジハウス井尻野駐車場","34.680672","133.737605","https://btimes.jp/okayama/park/58932/"
"33500","コメリ津山店駐車場","35.051179","133.974304","https://btimes.jp/okayama/park/33500/"
"30860","津山駐車場","35.056279","133.97757","https://btimes.jp/okayama/park/30860/"
"42353","永井モータープール","35.057841","133.997625","https://btimes.jp/okayama/park/42353/"
"56463","アーバンテラス津島福居駐車場","34.684303","133.913902","https://btimes.jp/okayama/park/56463/"
"25866","サニーコート岡大西駐車場","34.685962","133.917564","https://btimes.jp/okayama/park/25866/"
"62406","フレシャトー津島駐車場","34.686283","133.91817","https://btimes.jp/okayama/park/62406/"
"49570","エスポアール津島駐車場","34.680007","133.920209","https://btimes.jp/okayama/park/49570/"
"38514","津島東2-5-32-3駐車場","34.686289","133.931619","https://btimes.jp/okayama/park/38514/"
"53297","The MODERN 学南町駐車場","34.676587","133.925252","https://btimes.jp/okayama/park/53297/"
"35856","メゾンドプレジール駐車場","34.677239","133.926025","https://btimes.jp/okayama/park/35856/"
"48009","ルルード中井町駐車場","34.680227","133.931203","https://btimes.jp/okayama/park/48009/"
"46066","mix清水店駐車場","34.675961","133.961316","https://btimes.jp/okayama/park/46066/"
"46062","MEGAMI東岡山店 第二駐車場","34.670738","133.998929","https://btimes.jp/okayama/park/46062/"
"30710","GLP総社2駐車場","34.690609","133.796458","https://btimes.jp/okayama/park/30710/"
"42352","上紺屋町11番地駐車場","35.05823","133.99974","https://btimes.jp/okayama/park/42352/"
"35879","マンション卓駐車場","34.677614","133.926034","https://btimes.jp/okayama/park/35879/"
"29879","岡山市北方３丁目　個人宅パーキング","34.683596","133.936001","https://btimes.jp/okayama/park/29879/"
"58521","サウスコート駐車場","34.670624","133.928516","https://btimes.jp/okayama/park/58521/"
"52668","南方第7駐車場","34.671477","133.930092","https://btimes.jp/okayama/park/52668/"
"46067","HAIR&RELAXATION LaLa駐車場","34.686144","133.95829","https://btimes.jp/okayama/park/46067/"
"41418","サンシャイン東岡山２駐車場","34.685556","133.986051","https://btimes.jp/okayama/park/41418/"
"33606","コメリパワー角館店駐車場","39.588155","140.576736","https://btimes.jp/akita/park/33606/"
"1961","峰吉川駐車場","39.563866","140.327101","https://btimes.jp/akita/park/1961/"
"52498","ＪＲ田沢湖駅月極駐車場","39.697114","140.725222","https://btimes.jp/akita/park/52498/"
"1962","大張野駐車場","39.660654","140.277071","https://btimes.jp/akita/park/1962/"
"33605","コメリパワー大曲店駐車場","39.468079","140.488192","https://btimes.jp/akita/park/33605/"
"51636","ＪＲ大曲駅第１月極駐車場","39.463346","140.482263","https://btimes.jp/akita/park/51636/"
"52761","ＪＲ大曲駅第２月極駐車場","39.461481","140.485076","https://btimes.jp/akita/park/52761/"
"36205","広面駐車場","39.71104","140.154275","https://btimes.jp/akita/park/36205/"
"48225","ＪＲ四ツ小屋駅駐車場","39.657952","140.14815","https://btimes.jp/akita/park/48225/"
"61190","東通3ー７ー３３駐車場","39.712784","140.144682","https://btimes.jp/akita/park/61190/"
"54295","らぁめんらぼ。食堂8080","39.709821","140.131603","https://btimes.jp/akita/park/54295/"
"64363","タイムズマンスリー秋田千秋久保田町第２駐車場","39.716607","140.131465","https://btimes.jp/akita/park/64363/"
"62714","南通ことぶきパーキング","39.707692","140.128066","https://btimes.jp/akita/park/62714/"
"1971","羽後牛島駐車場","39.693362","140.119401","https://btimes.jp/akita/park/1971/"
"52043","秋田県秋田市保戸野八丁185-5駐車場","39.725889","140.122356","https://btimes.jp/akita/park/52043/"
"60847","秋田住宅流通センター大町店駐車場","39.712859","140.11903","https://btimes.jp/akita/park/60847/"
"62414","タイムズ秋田大町第２駐車場（軽車室）","39.714294","140.117526","https://btimes.jp/akita/park/62414/"
"48747","佐川駐車場","39.718805","140.117229","https://btimes.jp/akita/park/48747/"
"33450","コメリパワー秋田卸町店駐車場","39.697372","140.110976","https://btimes.jp/akita/park/33450/"
"38454","秋田市山王６丁目駐車場","39.713842","140.101793","https://btimes.jp/akita/park/38454/"
"32335","コナカ秋田新国道店駐車場","39.734294","140.101475","https://btimes.jp/akita/park/32335/"
"48226","ＪＲ新屋駅駐車場","39.674258","140.090646","https://btimes.jp/akita/park/48226/"
"56246","佐川寺内駐車場","39.725582","140.092909","https://btimes.jp/akita/park/56246/"
"51587","ＪＲ土崎駅駐車場","39.754927","140.076867","https://btimes.jp/akita/park/51587/"
"1963","道川駐車場","39.557525","140.060286","https://btimes.jp/akita/park/1963/"
"38345","コメリ雫石店駐車場","39.694876","140.980263","https://btimes.jp/iwate/park/38345/"
"48227","ＪＲ追分駅駐車場","39.807139","140.06115","https://btimes.jp/akita/park/48227/"
"33371","コメリ本荘出戸町店駐車場","39.386871","140.065746","https://btimes.jp/akita/park/33371/"
"52499","ＪＲ田沢湖駅月極駐車場","39.697114","140.725222","https://btimes.jp/akita/park/52499/"
"55948","秋田市広面字川崎27-9駐車場","39.72428","140.157651","https://btimes.jp/akita/park/55948/"
"803","タイムズカー秋田駅東口店駐車場","39.714717","140.136492","https://btimes.jp/akita/park/803/"
"52980","グランエターナ秋田駅前駐車場","39.715175","140.130523","https://btimes.jp/akita/park/52980/"
"52982","グランエターナ秋田駅前駐車場","39.715175","140.130523","https://btimes.jp/akita/park/52982/"
"52981","グランエターナ秋田駅前ピロティ駐車場","39.715287","140.130527","https://btimes.jp/akita/park/52981/"
"38181","秋田市南通築地1駐車場","39.706128","140.128515","https://btimes.jp/akita/park/38181/"
"38175","秋田市南通築地2駐車場","39.707005","140.127415","https://btimes.jp/akita/park/38175/"
"62413","タイムズ秋田大町第２駐車場","39.714316","140.117462","https://btimes.jp/akita/park/62413/"
"32036","タイムズ秋田山王駐車場","39.713151","140.108035","https://btimes.jp/akita/park/32036/"
"942","新屋南浜町4-48駐車場","39.695343","140.074343","https://btimes.jp/akita/park/942/"
"52855","ＪＲ羽後本荘駅月極駐車場","39.383106","140.060202","https://btimes.jp/akita/park/52855/"
"52551","ドラッグセイムス本庄大門店駐車場","39.385406","140.050893","https://btimes.jp/akita/park/52551/"
"44365","コメリパワー明和店駐車場","34.518638","136.627777","https://btimes.jp/mie/park/44365/"
"52443","ドラッグセイムス梅村学園前店駐車場","34.544794","136.538322","https://btimes.jp/mie/park/52443/"
"33616","コメリパワー松阪店駐車場","34.561764","136.53013","https://btimes.jp/mie/park/33616/"
"33540","コメリ伊勢店駐車場","34.504298","136.72115","https://btimes.jp/mie/park/33540/"
"41785","賢島パーキング","34.304398","136.820507","https://btimes.jp/mie/park/41785/"
"33416","コメリ鵜方店駐車場","34.323442","136.824822","https://btimes.jp/mie/park/33416/"
"59403","ビレッジハウス安楽島駐車場","34.464424","136.85716","https://btimes.jp/mie/park/59403/"
"65650","コメリ尾鷲店駐車場","34.067787","136.189321","https://btimes.jp/mie/park/65650/"
"58391","室生寺駐車場","34.534542","136.041308","https://btimes.jp/nara/park/58391/"
"57882","コメリパワー名張店駐車場","34.633761","136.107387","https://btimes.jp/mie/park/57882/"
"1663","マンスリー豊後高田昭和の町駐車場","33.554184","131.440562","https://btimes.jp/oita/park/1663/"
"33423","コメリ宇佐店駐車場","33.534507","131.343581","https://btimes.jp/oita/park/33423/"
"40222","山香町日指2292駐車場","33.421183","131.465828","https://btimes.jp/oita/park/40222/"
"52058","グランマーレ大分空港駐車場","33.467611","131.734392","https://btimes.jp/oita/park/52058/"
"38363","コメリ豊前店駐車場","33.616306","131.14412","https://btimes.jp/fukuoka/park/38363/"
"3032","宇部岬駐車場","33.931486","131.26421","https://btimes.jp/yamaguchi/park/3032/"
"46804","ビレッジハウス小羽山駐車場","33.973122","131.255902","https://btimes.jp/yamaguchi/park/46804/"
"54214","ビレッジハウス小野田第２駐車場","33.943181","131.172957","https://btimes.jp/yamaguchi/park/54214/"
"54294","ビレッジハウス小野田駐車場","33.952061","131.178337","https://btimes.jp/yamaguchi/park/54294/"
"43507","岩田2809-1駐車場","33.978233","131.998544","https://btimes.jp/yamaguchi/park/43507/"
"1501","第1駐車場","33.596065","131.219144","https://btimes.jp/oita/park/1501/"
"952","第2駐車場","33.594393","131.218441","https://btimes.jp/oita/park/952/"
"48733","進物の大進 宇部店駐車場","33.958689","131.249083","https://btimes.jp/yamaguchi/park/48733/"
"1359","城崎温泉今津駐車場","35.616307","134.812648","https://btimes.jp/hyogo/park/1359/"
"31622","城崎温泉大谷駐車場","35.621908","134.817186","https://btimes.jp/hyogo/park/31622/"
"56522","コーポビッグイン月極駐車場","35.48899","134.256621","https://btimes.jp/tottori/park/56522/"
"55291","青葉町3丁目364駐車場","35.513558","134.227552","https://btimes.jp/tottori/park/55291/"
"56003","吉方町2丁目360駐車場","35.489693","134.244623","https://btimes.jp/tottori/park/56003/"
"63966","高架下3地区柱番号181駐車場","35.485798","134.241972","https://btimes.jp/tottori/park/63966/"
"63967","高架下4地区柱番号184番から197番駐車場","35.486106","134.241162","https://btimes.jp/tottori/park/63967/"
"63968","高架下4地区柱番号231番から234番駐車場","35.487526","134.23758","https://btimes.jp/tottori/park/63968/"
"63981","高架下9地区-2柱番号516-531駐車場","35.486873","134.236594","https://btimes.jp/tottori/park/63981/"
"63982","高架下9地区-3柱番号532-547駐車場","35.485553","134.237191","https://btimes.jp/tottori/park/63982/"
"63972","高架下5地区-1柱番号269-279駐車場","35.48922","134.233","https://btimes.jp/tottori/park/63972/"
"63983","高架下10地区-1柱番号553-563駐車場","35.484356","134.237781","https://btimes.jp/tottori/park/63983/"
"62369","高架下８地区柱番号341から346番駐車場","35.492237","134.225608","https://btimes.jp/tottori/park/62369/"
"62370","高架下８地区柱番号341から346番駐車場","35.492237","134.225608","https://btimes.jp/tottori/park/62370/"
"63978","明徳駐駐車場","35.493076","134.223138","https://btimes.jp/tottori/park/63978/"
"65303","寿町2-15駐車場","35.542155","134.819581","https://btimes.jp/hyogo/park/65303/"
"65558","津ノ井駅前駐車場","35.457925","134.251605","https://btimes.jp/tottori/park/65558/"
"65518","カーサエクセレンテ駐車場","35.477739","134.228539","https://btimes.jp/tottori/park/65518/"
"46809","ビレッジハウス津の井駐車場","35.457063","134.250479","https://btimes.jp/tottori/park/46809/"
"58910","ビレッジハウス湖山","35.519689","134.184175","https://btimes.jp/tottori/park/58910/"
"61024","豊岡市営出石鉄砲町駐車場","35.461256","134.877631","https://btimes.jp/hyogo/park/61024/"
"60984","豊岡市営出石西の丸駐車場","35.456692","134.875181","https://btimes.jp/hyogo/park/60984/"
"47425","つばきの旅館 駐車場","35.623716","134.815683","https://btimes.jp/hyogo/park/47425/"
"56664","コーポビッグイン月極駐車場","35.48899","134.256621","https://btimes.jp/tottori/park/56664/"
"63969","高架下4地区-4柱番号236-245駐車場","35.487677","134.237119","https://btimes.jp/tottori/park/63969/"
"63970","高架下4地区-5柱番号246-250駐車場","35.488164","134.235927","https://btimes.jp/tottori/park/63970/"
"63976","高架下9地区-1柱番号501-515駐車場","35.487879","134.235917","https://btimes.jp/tottori/park/63976/"
"63971","高架下4地区-5柱番号1-5駐車場","35.488555","134.234881","https://btimes.jp/tottori/park/63971/"
"63979","高架下5地区-1柱番号280-284駐車場","35.489457","134.23229","https://btimes.jp/tottori/park/63979/"
"63984","高架下6地区柱番号286-287駐車場","35.489626","134.23179","https://btimes.jp/tottori/park/63984/"
"63974","高架下6地区柱番号288-290駐車場","35.489851","134.231056","https://btimes.jp/tottori/park/63974/"
"63980","高架下6地区柱番号291-294駐車場","35.489954","134.230858","https://btimes.jp/tottori/park/63980/"
"50742","鳥取駅前駐車場","35.490648","134.228235","https://btimes.jp/tottori/park/50742/"
"63975","高架下第2明徳柱番号370-378駐車場","35.493438","134.222885","https://btimes.jp/tottori/park/63975/"
"63977","明徳駐車場","35.493076","134.223138","https://btimes.jp/tottori/park/63977/"
"49605","豊岡市泉町駐車場","35.542601","134.822282","https://btimes.jp/hyogo/park/49605/"
"60020","湖山町南5丁目318駐車場","35.513934","134.173455","https://btimes.jp/tottori/park/60020/"
"62357","湖山町南5丁目318駐車場","35.513934","134.173455","https://btimes.jp/tottori/park/62357/"
"61395","【普通車両以下・バイク】高橋月決駐車場","40.806089","140.450058","https://btimes.jp/aomori/park/61395/"
"32204","タイムズ五所川原駅前駐車場","40.805758","140.450402","https://btimes.jp/aomori/park/32204/"
"33487","コメリパワー五所川原店駐車場","40.795079","140.463484","https://btimes.jp/aomori/park/33487/"
"1924","新青森駅南口駐車場","40.824328","140.698455","https://btimes.jp/aomori/park/1924/"
"46721","新青森駅東月極駐車場","40.824888","140.70018","https://btimes.jp/aomori/park/46721/"
"59303","青森駅前駐車場","40.823226","140.736254","https://btimes.jp/aomori/park/59303/"
"65599","タイムズ青森安方第３駐車場","40.824963","140.745837","https://btimes.jp/aomori/park/65599/"
"35710","タイムズ青森古川駐車場","40.819938","140.739816","https://btimes.jp/aomori/park/35710/"
"44215","リンクステーションホール青森西側駐車場","40.821896","140.759849","https://btimes.jp/aomori/park/44215/"
"32871","タイムズ青森栄町駐車場","40.822398","140.770024","https://btimes.jp/aomori/park/32871/"
"35210","アットパーキング浪打駐車場","40.823586","140.782431","https://btimes.jp/aomori/park/35210/"
"55112","浜田字玉川２１４－１７駐車場","40.795381","140.759801","https://btimes.jp/aomori/park/55112/"
"29895","【軽専用】食事処 夢楽多（むらた）駐車場","40.803159","140.774212","https://btimes.jp/aomori/park/29895/"
"41317","食事処 夢楽多（むらた）駐車場","40.803159","140.774212","https://btimes.jp/aomori/park/41317/"
"42981","筒井4-1-30駐車場","40.802725","140.774617","https://btimes.jp/aomori/park/42981/"
"60596","タイムズ五所川原駅前駐車場","40.805758","140.450402","https://btimes.jp/aomori/park/60596/"
"63461","タイムズ青森駅前第２駐車場","40.823248","140.736823","https://btimes.jp/aomori/park/63461/"
"65893","青森本町第２","40.825426","140.751309","https://btimes.jp/aomori/park/65893/"
"59689","タイムズ青森中央第４駐車場","40.818757","140.75095","https://btimes.jp/aomori/park/59689/"
"33488","コメリ青森階上店駐車場","40.448986","141.623071","https://btimes.jp/aomori/park/33488/"
"25568","階上町蒼前西6丁目　サンハイツ駐車場","40.473585","141.568923","https://btimes.jp/aomori/park/25568/"
"32402","コナカ二戸店駐車場","40.292822","141.302704","https://btimes.jp/iwate/park/32402/"
"60130","上徒士町駐車場","40.502501","141.488097","https://btimes.jp/aomori/park/60130/"
"64248","八戸線高架下B1駐車場","40.513346","141.495035","https://btimes.jp/aomori/park/64248/"
"63864","本八戸駅東高架下駐車場","40.513607","141.493978","https://btimes.jp/aomori/park/63864/"
"60986","八戸線高架下RA南駐車場","40.513577","141.49048","https://btimes.jp/aomori/park/60986/"
"61463","八戸駅西口駐車場","40.506326","141.433552","https://btimes.jp/aomori/park/61463/"
"1921","八戸駅西地区駐車場","40.50963","141.436517","https://btimes.jp/aomori/park/1921/"
"57792","江陽1丁目21-12REIKO駐車場","40.517714","141.508926","https://btimes.jp/aomori/park/57792/"
"65938","城下4-11-7駐車場","40.518167","141.496068","https://btimes.jp/aomori/park/65938/"
"64023","尻内町鴨ケ池146番地6駐車場","40.511448","141.4359","https://btimes.jp/aomori/park/64023/"
"39027","江陽五丁目13-8駐車場","40.520548","141.5125","https://btimes.jp/aomori/park/39027/"
"44314","マンスリー八戸沼館駐車場","40.524722","141.499795","https://btimes.jp/aomori/park/44314/"
"53591","石堂4丁目4-14駐車場","40.529431","141.485944","https://btimes.jp/aomori/park/53591/"
"55019","近江工業駐車場","40.559371","141.447955","https://btimes.jp/aomori/park/55019/"
"33604","コメリパワー十和田店駐車場","40.608117","141.232643","https://btimes.jp/aomori/park/33604/"
"38980","住通パーク中居林駐車場","40.484645","141.503445","https://btimes.jp/aomori/park/38980/"
"39799","住通パーク南類家　東側駐車場","40.495855","141.515218","https://btimes.jp/aomori/park/39799/"
"60131","長横月極駐車場","40.506032","141.49676","https://btimes.jp/aomori/park/60131/"
"59463","マンスリータイムズ八戸番町２３番地駐車場","40.508304","141.494629","https://btimes.jp/aomori/park/59463/"
"59053","タイムズ八戸内丸駐車場（普通車）","40.508412","141.492421","https://btimes.jp/aomori/park/59053/"
"59054","タイムズ八戸内丸駐車場（軽自動車）","40.508438","141.492457","https://btimes.jp/aomori/park/59054/"
"65885","タイムズ八戸馬場町駐車場","40.508487","141.492872","https://btimes.jp/aomori/park/65885/"
"44256","住通パーク十八日町","40.509039","141.498479","https://btimes.jp/aomori/park/44256/"
"60536","タイムズ十和田東三番町駐車場","40.61266","141.219453","https://btimes.jp/aomori/park/60536/"
"60535","タイムズ十和田東二番町駐車場","40.613735","141.218555","https://btimes.jp/aomori/park/60535/"
"38279","コメリ小矢部店駐車場","36.684798","136.879492","https://btimes.jp/toyama/park/38279/"
"955","石王丸２４１-１番地社員駐車場","36.684022","136.89818","https://btimes.jp/toyama/park/955/"
"30889","高岡市福岡町下蓑　スーパーコインランドリー福岡店　駐車場","36.707558","136.936434","https://btimes.jp/toyama/park/30889/"
"30893","高岡市波岡　スーパーコインランドリー波岡店　駐車場","36.754653","136.991206","https://btimes.jp/toyama/park/30893/"
"30876","高岡市木津地内　スーパーコインランドリー木津店　駐車場","36.731632","136.996513","https://btimes.jp/toyama/park/30876/"
"25592","羽咋郡志賀町高浜町　雇用促進住宅志賀宿舎駐車場","36.998961","136.781059","https://btimes.jp/ishikawa/park/25592/"
"48131","グランノアかほく駐車場","36.707775","136.703911","https://btimes.jp/ishikawa/park/48131/"
"43758","タイムズマンスリー東１南１５駐車場","42.913286","143.211962","https://btimes.jp/hokkaido/park/43758/"
"43642","東一条南16丁目12-2 車庫 駐車場","42.911523","143.212566","https://btimes.jp/hokkaido/park/43642/"
"41040","帯広大通南31丁目駐車場 ","42.894337","143.213537","https://btimes.jp/hokkaido/park/41040/"
"43759","タイムズマンスリー西9南7駐車場","42.921388","143.194244","https://btimes.jp/hokkaido/park/43759/"
"43757","タイムズマンスリー柏林台駐車場","42.921706","143.173463","https://btimes.jp/hokkaido/park/43757/"
"33448","コメリパワー帯広南店駐車場","42.871638","143.200183","https://btimes.jp/hokkaido/park/33448/"
"35933","タイムズ帯広西１南７駐車場","42.921689","143.206544","https://btimes.jp/hokkaido/park/35933/"
"41171","タイムズ帯広西1南10駐車場","42.917975","143.208016","https://btimes.jp/hokkaido/park/41171/"
"40874","西2条南11丁目パーキング","42.917557","143.206078","https://btimes.jp/hokkaido/park/40874/"
"40642","タイムズ帯広都通り駐車場","42.919329","143.205126","https://btimes.jp/hokkaido/park/40642/"
"43760","タイムズ西6南9駐車場","42.918823","143.199752","https://btimes.jp/hokkaido/park/43760/"
"40869","ハイツドリームパーキング","42.919406","143.197781","https://btimes.jp/hokkaido/park/40869/"
"40872","新町東11丁目パーキング（フォレスト新町II側）","42.919033","143.191055","https://btimes.jp/hokkaido/park/40872/"
"40871","新町東11丁目パーキング（夕月ハイツ側）","42.918871","143.190893","https://btimes.jp/hokkaido/park/40871/"
"40870","西15条南11丁目パーキング","42.915614","143.183878","https://btimes.jp/hokkaido/park/40870/"
"40873","西10条南39丁目パーキング","42.883271","143.197144","https://btimes.jp/hokkaido/park/40873/"
"44375","緑町2-5-21駐車場","38.414178","141.345954","https://btimes.jp/miyagi/park/44375/"
"30166","鹿妻南1-12-2駐車場","38.418541","141.343133","https://btimes.jp/miyagi/park/30166/"
"35591","マンスリー石巻駅前北通り駐車場","38.432798","141.307989","https://btimes.jp/miyagi/park/35591/"
"54888","東中里駐車場","38.436824","141.310228","https://btimes.jp/miyagi/park/54888/"
"1957","蛇田駅構内駐車場","38.43551","141.280949","https://btimes.jp/miyagi/park/1957/"
"32392","コナカ石巻店駐車場","38.438315","141.273996","https://btimes.jp/miyagi/park/32392/"
"61111","豊里町　駐車場","38.581324","141.253188","https://btimes.jp/miyagi/park/61111/"
"61133","豊里町　駐車場（砂利）","38.581328","141.253135","https://btimes.jp/miyagi/park/61133/"
"58679","磯崎字木戸１０７－２駐車場","38.380525","141.084296","https://btimes.jp/miyagi/park/58679/"
"46982","タイムズ石巻第4駐車場","38.433247","141.303318","https://btimes.jp/miyagi/park/46982/"
"52911","スミノエ駐車場","38.432699","141.312324","https://btimes.jp/miyagi/park/52911/"
"36550","多賀城市大代5丁目　THパーキング","38.289046","141.040888","https://btimes.jp/miyagi/park/36550/"
"3490","多賀城高架下駐車場（C)","38.290992","141.013589","https://btimes.jp/miyagi/park/3490/"
"2066","多賀城高架下駐車場(B)","38.289453","141.010815","https://btimes.jp/miyagi/park/2066/"
"1952","田尻駅構内駐車場","38.593409","141.062175","https://btimes.jp/miyagi/park/1952/"
"48232","ビレッジハウス大田駐車場","35.1882","132.496615","https://btimes.jp/shimane/park/48232/"
"33499","コメリ江津店駐車場","34.975138","132.178599","https://btimes.jp/shimane/park/33499/"
"48738","十日市東６丁目駐車場","34.800925","132.8674","https://btimes.jp/hiroshima/park/48738/"
"43873","新川町18小林駐車場","41.773453","140.736832","https://btimes.jp/hokkaido/park/43873/"
"43879","八幡町4番佐藤駐車場","41.789318","140.738191","https://btimes.jp/hokkaido/park/43879/"
"41070","ミナトマンション駐車場 ","41.801137","140.728295","https://btimes.jp/hokkaido/park/41070/"
"38997","函館市宮前町駐車場","41.786798","140.744082","https://btimes.jp/hokkaido/park/38997/"
"53917","ユニエトワール函館駐車場","41.810642","140.723169","https://btimes.jp/hokkaido/park/53917/"
"47791","函館千代台町28駐車場","41.783004","140.752928","https://btimes.jp/hokkaido/park/47791/"
"52332","函館千代台町28駐車場","41.783004","140.752928","https://btimes.jp/hokkaido/park/52332/"
"57883","コメリパワー函館西桔梗店駐車場","41.822573","140.717568","https://btimes.jp/hokkaido/park/57883/"
"45469","時任町２８駐車場","41.781897","140.760304","https://btimes.jp/hokkaido/park/45469/"
"35821","函館市昭和4丁目駐車場","41.81627","140.735236","https://btimes.jp/hokkaido/park/35821/"
"39746","函館市昭和１丁目 月極駐車場","41.812301","140.74863","https://btimes.jp/hokkaido/park/39746/"
"40135","ユートピア川原2号棟駐車場","41.787089","140.775607","https://btimes.jp/hokkaido/park/40135/"
"62831","湯川町1丁目33-1駐車場","41.778061","140.786464","https://btimes.jp/hokkaido/park/62831/"
"63509","函館日吉町1丁目駐車場","41.787554","140.79071","https://btimes.jp/hokkaido/park/63509/"
"44114","榎本町85横沢駐車場","41.787972","140.799191","https://btimes.jp/hokkaido/park/44114/"
"56699","大沼公園ユーカラパーキング","41.979312","140.675562","https://btimes.jp/hokkaido/park/56699/"
"40305","松風第3月極駐車場","41.769068","140.733688","https://btimes.jp/hokkaido/park/40305/"
"43874","新川町古山駐車場","41.772613","140.739373","https://btimes.jp/hokkaido/park/43874/"
"53183","函館万代町9駐車場","41.788026","140.734348","https://btimes.jp/hokkaido/park/53183/"
"40141","フラットフォーレスト2北側駐車場","41.772698","140.752883","https://btimes.jp/hokkaido/park/40141/"
"53346","亀田港町22番駐車場","41.804689","140.729438","https://btimes.jp/hokkaido/park/53346/"
"49418","函館時任町１３駐車場","41.782065","140.756732","https://btimes.jp/hokkaido/park/49418/"
"40306","函館市杉並町20月極駐車場","41.788072","140.760299","https://btimes.jp/hokkaido/park/40306/"
"40483","函館市杉並町20月極駐車場","41.788072","140.760299","https://btimes.jp/hokkaido/park/40483/"
"40304","グランメール柏木駐車場","41.786022","140.767653","https://btimes.jp/hokkaido/park/40304/"
"40307","湯川町1丁目　月極駐車場","41.774165","140.78515","https://btimes.jp/hokkaido/park/40307/"
"51033","函館深堀町31駐車場","41.781181","140.785805","https://btimes.jp/hokkaido/park/51033/"
"51040","函館深堀町32第5駐車場","41.781349","140.787406","https://btimes.jp/hokkaido/park/51040/"
"51041","函館深堀町32第6駐車場","41.781489","140.787443","https://btimes.jp/hokkaido/park/51041/"
"41401","ノースコート本通駐車場","41.798672","140.773564","https://btimes.jp/hokkaido/park/41401/"
"51039","函館深堀町32第4駐車場","41.781371","140.787638","https://btimes.jp/hokkaido/park/51039/"
"51036","函館深堀町32駐車場","41.781622","140.787568","https://btimes.jp/hokkaido/park/51036/"
"51042","函館深堀町32第7駐車場","41.781219","140.787956","https://btimes.jp/hokkaido/park/51042/"
"50820","函館湯川町２丁目駐車場","41.777603","140.790611","https://btimes.jp/hokkaido/park/50820/"
"51038","函館深堀町32第3駐車場","41.781407","140.787893","https://btimes.jp/hokkaido/park/51038/"
"51037","函館深堀町32第2駐車場","41.78155","140.787847","https://btimes.jp/hokkaido/park/51037/"
"51035","函館深堀町33第2駐車場","41.781844","140.788311","https://btimes.jp/hokkaido/park/51035/"
"51034","函館深堀町33駐車場","41.782411","140.788123","https://btimes.jp/hokkaido/park/51034/"
"53184","函館神山町３丁目駐車場","41.810236","140.768679","https://btimes.jp/hokkaido/park/53184/"
"51339","函館神山町駐車場","41.819327","140.769133","https://btimes.jp/hokkaido/park/51339/"
"33546","コメリ日向店駐車場","32.397248","131.633304","https://btimes.jp/miyazaki/park/33546/"
"43862","フタタ日向店駐車場","32.420901","131.633777","https://btimes.jp/miyazaki/park/43862/"
"45669","オーパス高鍋店駐車場","32.1249","131.507955","https://btimes.jp/miyazaki/park/45669/"
"53225","フタタ高鍋店駐車場","32.121162","131.523214","https://btimes.jp/miyazaki/park/53225/"
"33420","コメリ田辺店駐車場","33.713159","135.395119","https://btimes.jp/wakayama/park/33420/"
"52445","スーパードラッグキリン田辺東山店駐車場","33.719823","135.398063","https://btimes.jp/wakayama/park/52445/"
"59242","南紀白浜 駐車場","33.681156","135.347396","https://btimes.jp/wakayama/park/59242/"
"40092","みなべ役場前バス停北駐車場","33.770738","135.323115","https://btimes.jp/wakayama/park/40092/"
"33459","コメリ御坊店駐車場","33.895066","135.153507","https://btimes.jp/wakayama/park/33459/"
"52446","スーパードラッグキリン御坊湯川丸山店駐車場","33.908628","135.151066","https://btimes.jp/wakayama/park/52446/"
"57879","コメリパワー新宮店駐車場","33.675615","135.9707","https://btimes.jp/wakayama/park/57879/"
"43899","本町3-36駐車場","36.750386","139.598175","https://btimes.jp/tochigi/park/43899/"
"33114","本町1511駐車場","36.749799","139.595803","https://btimes.jp/tochigi/park/33114/"
"45871","日光市日光御幸町 第２駐車場","36.746436","139.613511","https://btimes.jp/tochigi/park/45871/"
"54632","日光市御幸町駐車場","36.746348","139.613882","https://btimes.jp/tochigi/park/54632/"
"63478","【バイク専用】タイムズ日光御幸町第２駐車場","36.745921","139.615175","https://btimes.jp/tochigi/park/63478/"
"32393","コナカ今市店駐車場","36.730612","139.708093","https://btimes.jp/tochigi/park/32393/"
"49224","プライベートキャンピングサイト那須","37.030887","139.964933","https://btimes.jp/tochigi/park/49224/"
"46916","タイムズ矢板駅前駐車場","36.802624","139.936889","https://btimes.jp/tochigi/park/46916/"
"33452","コメリ矢板店駐車場","36.793659","139.931371","https://btimes.jp/tochigi/park/33452/"
"57473","西那須野駐車場","36.883211","139.991049","https://btimes.jp/tochigi/park/57473/"
"58866","西那須野駅東パーキング","36.879014","139.990672","https://btimes.jp/tochigi/park/58866/"
"44363","コメリパワー那須塩原店駐車場","36.86937","139.991912","https://btimes.jp/tochigi/park/44363/"
"33570","コメリ上河内店駐車場","36.676596","139.905745","https://btimes.jp/tochigi/park/33570/"
"30798","塩原温泉バスターミナル駐車場","36.969441","139.822376","https://btimes.jp/tochigi/park/30798/"
"51550","日光ゆば遊膳駐車場","36.750234","139.604248","https://btimes.jp/tochigi/park/51550/"
"46282","タイムズ日光第３駐車場","36.745252","139.615882","https://btimes.jp/tochigi/park/46282/"
"46283","タイムズ日光第４駐車場","36.746542","139.621996","https://btimes.jp/tochigi/park/46283/"
"30863","矢板駐車場","36.804223","139.936201","https://btimes.jp/tochigi/park/30863/"
"54322","タイムズ矢板駅前駐車場","36.802534","139.936937","https://btimes.jp/tochigi/park/54322/"
"562","タイムズ西那須野駅前駐車場","36.881111","139.988637","https://btimes.jp/tochigi/park/562/"
"42398","櫻野1103-11駐車場","36.680193","139.974985","https://btimes.jp/tochigi/park/42398/"
"66219","若松町1番14駐車場","42.989323","144.386117","https://btimes.jp/hokkaido/park/66219/"
"25602","オムライス専門店アロハ　駐車場","43.002106","144.354382","https://btimes.jp/hokkaido/park/25602/"
"47457","ビレッジハウス大楽毛駐車場","43.004559","144.276676","https://btimes.jp/hokkaido/park/47457/"
"54661","伊根　亀島舟屋駐車場","35.666576","135.296375","https://btimes.jp/kyoto/park/54661/"
"65027","海蔵寺駐車場","35.673929","135.290579","https://btimes.jp/kyoto/park/65027/"
"65036","海蔵寺車庫駐車場","35.672188","135.289343","https://btimes.jp/kyoto/park/65036/"
"56552","舞鶴市浜463番地駐車場","35.471519","135.400209","https://btimes.jp/kyoto/park/56552/"
"31467","マンスリータイムズ西舞鶴駐車場","35.437804","135.332392","https://btimes.jp/kyoto/park/31467/"
"62749","ＪＲ湯沢駅前第２月極駐車場","39.161128","140.491067","https://btimes.jp/akita/park/62749/"
"1960","十文字線路側駐車場","39.218266","140.529302","https://btimes.jp/akita/park/1960/"
"1964","柳田駐車場","39.273578","140.557625","https://btimes.jp/akita/park/1964/"
"33340","コメリ新庄店駐車場","38.755703","140.292355","https://btimes.jp/yamagata/park/33340/"
"52497","ＪＲ横手駅月極駐車場","39.30824","140.564364","https://btimes.jp/akita/park/52497/"
"52969","ＪＲ湯沢駅月極有料駐車場","39.160388","140.490592","https://btimes.jp/akita/park/52969/"
"48276","RVパーク 秘湯 夏油温泉駐車場","39.210207","140.891045","https://btimes.jp/iwate/park/48276/"
"33530","コメリパワー苫小牧西店駐車場","42.606863","141.486604","https://btimes.jp/hokkaido/park/33530/"
"39584","若草町1丁目3番19号駐車場","42.636201","141.61368","https://btimes.jp/hokkaido/park/39584/"
"33407","コメリパワー苫小牧東店駐車場","42.66015","141.659281","https://btimes.jp/hokkaido/park/33407/"
"48614","登別富士町２丁目駐車場","42.408565","141.105815","https://btimes.jp/hokkaido/park/48614/"
"48873","苫小牧市大町１丁目駐車場","42.628451","141.599596","https://btimes.jp/hokkaido/park/48873/"
"57886","コメリ平戸店駐車場","33.35144","129.5528","https://btimes.jp/nagasaki/park/57886/"
"60290","テンガイ唐津店駐車場","33.430663","129.982764","https://btimes.jp/saga/park/60290/"
"36640","七戸十和田駅北口第2駐車場","40.717791","141.15706","https://btimes.jp/aomori/park/36640/"
"35274","七戸町荒熊内　高橋駐車場","40.714668","141.157112","https://btimes.jp/aomori/park/35274/"
"33531","コメリ七戸店駐車場","40.696722","141.171672","https://btimes.jp/aomori/park/33531/"
"57887","コメリ宿毛店駐車場","32.926859","132.712726","https://btimes.jp/kochi/park/57887/"
"26576","賀古町１丁目駐車場","33.212094","132.573336","https://btimes.jp/ehime/park/26576/"
"52462","ドラッグセイムス宇和島桝形店駐車場","33.217602","132.562852","https://btimes.jp/ehime/park/52462/"
"38982","新町2丁目駐車場","33.220332","132.570038","https://btimes.jp/ehime/park/38982/"
"47015","丸穂町２丁目駐車場","33.2197","132.573142","https://btimes.jp/ehime/park/47015/"
"45997","縁・ガレージ","35.386774","132.69143","https://btimes.jp/shimane/park/45997/"
"58913","ビレッジハウス雲州平田駐車場","35.445824","132.82633","https://btimes.jp/shimane/park/58913/"
"46181","ビレッジハウス塩冶駐車場","35.355887","132.746972","https://btimes.jp/shimane/park/46181/"
"48566","駅南町1-2-9朝日自動車整備工場駐車場","35.356555","132.756885","https://btimes.jp/shimane/park/48566/"
"46182","ビレッジハウス斐川駐車場","35.391861","132.862899","https://btimes.jp/shimane/park/46182/"
"60618","小樽商科大学下駐車場","43.188671","140.987904","https://btimes.jp/hokkaido/park/60618/"
"46330","鷲見鍼灸整骨院駐車場","43.197297","140.997831","https://btimes.jp/hokkaido/park/46330/"
"1239","大京原172-1駐車場","33.943029","134.64853","https://btimes.jp/tokushima/park/1239/"
"55930","北見北２東１駐車場","43.804215","143.899494","https://btimes.jp/hokkaido/park/55930/"
"36397","道の駅 摩周温泉 駐車場","43.489898","144.451019","https://btimes.jp/hokkaido/park/36397/"
"63604","湯の浜1-7-11駐車場","31.233856","130.648833","https://btimes.jp/kagoshima/park/63604/"
"33603","コメリパワー砂川店駐車場","43.525842","141.921984","https://btimes.jp/hokkaido/park/33603/"
"38329","コメリ美唄店駐車場","43.33374","141.878625","https://btimes.jp/hokkaido/park/38329/"
"30162","勝浦市岩切通りパーキング","35.145563","140.322373","https://btimes.jp/chiba/park/30162/"
"58810","新官1356番地7駐車場","35.149804","140.322439","https://btimes.jp/chiba/park/58810/"
"32343","コナカ大原店駐車場","35.277839","140.396148","https://btimes.jp/chiba/park/32343/"
"33610","コメリいすみ店駐車場","35.298288","140.401756","https://btimes.jp/chiba/park/33610/"
"63842","陣屋町3丁目7　スーパーハウス前駐車場","42.364515","140.956977","https://btimes.jp/hokkaido/park/63842/"
"51271","金塚駅東口駐車場","38.015058","139.383176","https://btimes.jp/niigata/park/51271/"
"46210","村上駅駐車場","38.216877","139.467118","https://btimes.jp/niigata/park/46210/"
"38277","コメリパワー名寄店駐車場","44.333099","142.459569","https://btimes.jp/hokkaido/park/38277/"
"65271","東町5丁目1-2駐車場","44.041243","143.532972","https://btimes.jp/hokkaido/park/65271/"
"59335","富川北１丁目２－１１キャンピングカーキッチンカー駐車場","42.518364","142.038936","https://btimes.jp/hokkaido/park/59335/"
"42041","ドラッグセイムス下関綾羅木店駐車場","34.00089","130.92768","https://btimes.jp/yamaguchi/park/42041/"
"48734","進物の大進 下関店駐車場","34.003224","130.942409","https://btimes.jp/yamaguchi/park/48734/"
"3031","新下関北高架下駐車場","34.007913","130.952139","https://btimes.jp/yamaguchi/park/3031/"
"52444","ドラッグセイムス御浜下市木店駐車場","33.828151","136.060358","https://btimes.jp/mie/park/52444/"
"47666","ヒリゾ浜駐車場","34.618473","138.8276","https://btimes.jp/shizuoka/park/47666/"
"1965","羽立駐車場","39.901964","139.865947","https://btimes.jp/akita/park/1965/"
"59246","ＪＲ脇本駅前 月極駐車場","39.912051","139.906522","https://btimes.jp/akita/park/59246/"
"65061","ＪＲ船越駅前月極駐車場","39.901984","139.950819","https://btimes.jp/akita/park/65061/"
"52759","ＪＲ二田駅月極駐車場","39.879075","139.990789","https://btimes.jp/akita/park/52759/"
"7897","体験工房＆沖縄雑貨Atelier43駐車場","26.664793","128.023844","https://btimes.jp/okinawa/park/7897/"
